Project Name,2020 Price,2021 Price,2022 Price,2023 Price,2024 Price,2025 Price,2026 Price,Appreciation,Appreciation_Clean_%,Area,Community Type,DWC Travel Time,DXB Travel Time,Developer,Downtown Travel Time,File1 Appreciation,ID,Launch Year,Marina Travel Time,Master Community,PPSM,Price_Segment,Price_Vs_Community_Avg_%,Project_Stage,Projected_CAGR_24_26,Rental Yield %,Service Charge,Start Price,Unit Type
Grand Polo Club & Resort,,,,,"1,450","1,660","1,760",+18% (Since Launch),18,Emaar South,Gated/Golf,5m,45m,Emaar Properties,45m,,1,2024,35m,Emaar South,900,Mid-Range,,Under Construction / New,0.101722789,6.5,4.5,"3,500,000",Villas/Townhouses
Equiterra Phase 1,,,,,"1,800","2,010","2,110",+15% (Since Launch),15,The Oasis,Waterfront/Luxury,20m,30m,Emaar Properties,25m,,2,2024,20m,The Oasis,,Luxury,,Under Construction / New,0.082692118,5.5,5,"12,000,000",Luxury Villas
Equiterra Phase 2,,,,,"1,850","2,030","2,140",+12% (Since Launch),12,The Oasis,Waterfront/Luxury,20m,30m,Emaar Properties,25m,,3,2024,20m,The Oasis,,Luxury,,Under Construction / New,0.07552627,5.5,5,"12,500,000",Luxury Villas
Equestra,,,,,"15,000,000","1,900","1,980",+8% (Since Launch),8,The Oasis,Waterfront/Luxury,20m,30m,Emaar Properties,25m,,4,2025,20m,The Oasis,,Luxury,,Under Construction / New,,5.5,5.2,"15,000,000",Luxury Villas
Chevalia Estate 2,,,,,"16,000,000","2,200","2,310",+5% (Since Launch),5,The Oasis,Waterfront/Luxury,20m,30m,Emaar Properties,25m,,5,2025,20m,The Oasis,,Luxury,,Under Construction / New,,5.5,6,"16,000,000",Mansions
Selvara Phase 3,,,,,"6,200,000","1,550","1,660",+7% (Since Launch),7,Grand Polo Club,Gated/Sport,10m,40m,Emaar Properties,35m,,6,2025,25m,Grand Polo Club,,Luxury,,Under Construction / New,,,4.8,"6,200,000",Villas
Rashid Yachts & Marina,,,"1,600","1,880","2,100","2,310","2,450",+45% (Community Avg),45,Port Rashid,Waterfront/Marina,40m,15m,Emaar Properties,15m,,8,2022,25m,Port Rashid,,Unknown,,Recently Delivered,0.08012345,,18.5,Community,Apartments
Selvara Phase 4,,,,,"6,450,000",,"1,620",+2% (Since Launch),2,Grand Polo Club,Gated/Sport,10m,40m,Emaar Properties,35m,,7,2026,25m,Grand Polo Club,,Luxury,,Under Construction / New,,,4.8,"6,450,000",Villas
Aurea,,,,,"2,200","2,500","2,680",+20%,20,Rashid Yachts,Waterfront/Marina,40m,15m,Emaar Properties,15m,,9,2024,25m,Rashid Yachts,,Mid-Range,,Under Construction / New,0.103712743,6,19,"1,900,000",Apartments
Pier Point,,,,,"2,150","2,410","2,550",+14%,14,Rashid Yachts,Waterfront/Marina,40m,15m,Emaar Properties,15m,,10,2024,25m,Rashid Yachts,,Mid-Range,,Under Construction / New,0.089057625,6,19,"3,190,000",Apartments
Sera 2,,,,,"2,100","2,330","2,450",+11%,11,Rashid Yachts,Waterfront/Marina,40m,15m,Emaar Properties,15m,,12,2024,25m,Rashid Yachts,,Mid-Range,,Under Construction / New,0.08012345,6,18.5,"2,110,000",Apartments
Marina Cove,,,,,"2,050","2,250","2,360",+12%,12,Rashid Yachts,Waterfront/Marina,25m,25m,Emaar Properties,20m,,11,2024,0m,Dubai Marina,,Mid-Range,,Under Construction / New,0.072948979,6.5,18,"2,030,000",Apartments
Ocean Cove,,,,,"2,250","2,520","2,670",+10%,10,Rashid Yachts,Waterfront/Marina,40m,15m,Emaar Properties,15m,,13,2024,25m,Rashid Yachts,,Mid-Range,,Under Construction / New,0.089342309,6,19,"3,220,000",Apartments
Seagate,,,"1,650","1,900","2,120","2,330","2,470",+38%,38,Rashid Yachts,Waterfront/Marina,40m,15m,Emaar Properties,15m,,15,2022,25m,Rashid Yachts,,Mid-Range,,Recently Delivered,0.079395358,6,18.5,"2,300,000",Apartments
Baystar,,,,,"2,300","2,620","2,800",+15%,15,Rashid Yachts,Waterfront/Marina,40m,15m,Emaar Properties,15m,,14,2024,25m,Rashid Yachts,,Mid-Range,,Under Construction / New,0.103354569,6,19.5,"2,100,000",Apartments
Sunridge,,,,"1,700","1,940","2,130","2,260",+22%,22,Rashid Yachts,Waterfront/Marina,40m,15m,Emaar Properties,15m,,17,2023,25m,Rashid Yachts,,Mid-Range,,Recently Delivered,0.079327779,6,18.5,"2,400,000",Apartments
Clearpoint,,,,"1,750","2,010","2,230","2,380",+25%,25,Rashid Yachts,Waterfront/Marina,40m,15m,Emaar Properties,15m,,16,2023,25m,Rashid Yachts,,Mid-Range,,Recently Delivered,0.088154218,6,18.5,"2,500,000",Apartments
Dubai Creek Harbour,"1,150","1,220","1,450","1,630","1,800","1,950","2,050",+65% (Since 2020),65,Creek Harbour,Waterfront/Urban,35m,15m,Emaar Properties,10m,,18,2016,25m,Creek Harbour,,Unknown,,Established,0.067187373,6,17.5,Community,Apartments
Aeon,,,,,"1,900","2,200","2,350",+16%,16,Creek Harbour,Waterfront/Urban,35m,15m,Emaar Properties,10m,,20,2024,25m,Creek Harbour,,Mid-Range,,Under Construction / New,0.112134032,6,18,"1,750,000",Apartments
Valo,,,,,"1,850","2,110","2,240",+14%,14,Creek Harbour,Waterfront/Urban,35m,15m,Emaar Properties,10m,,19,2024,25m,Creek Harbour,,Mid-Range,,Under Construction / New,0.100368489,6,18,"1,780,000",Apartments
Mangrove,,,,,"1,650","1,900","2,010",+15%,15,Creek Beach,Waterfront/Beach,35m,15m,Emaar Properties,10m,,22,2024,25m,Creek Beach,,Affordable,,Under Construction / New,0.103712743,,16.5,"1,480,000",Apartments
Oria,,,,,"1,950","2,300","2,460",+18%,18,Creek Harbour,Waterfront/Urban,35m,15m,Emaar Properties,10m,,21,2024,25m,Creek Harbour,,Mid-Range,,Under Construction / New,0.123182292,6,18,"1,700,000",Apartments
Altan,,,,"1,550","1,740","1,910","2,030",+22%,22,Creek Beach,Waterfront/Beach,35m,15m,Emaar Properties,10m,,23,2023,25m,Creek Beach,,Mid-Range,,Recently Delivered,0.08012345,,16.5,"1,550,000",Apartments
Silva,,,,,"1,750","1,960","2,060",+12%,12,Creek Harbour,Waterfront/Urban,35m,15m,Emaar Properties,10m,,24,2024,25m,Creek Harbour,,Mid-Range,,Under Construction / New,0.084962145,6,17.5,"1,800,000",Apartments
Albero,,,,,"1,800","2,050","2,170",+14%,14,Creek Harbour,Waterfront/Urban,35m,15m,Emaar Properties,10m,,25,2024,25m,Creek Harbour,,Mid-Range,,Under Construction / New,0.097977939,6,17.5,"1,650,000",Apartments
Montiva,,,,,"1,850,000","1,900","1,980",+6%,6,Creek Harbour,Waterfront/Urban,35m,15m,Emaar Properties,10m,,26,2025,25m,Creek Harbour,,Mid-Range,,Under Construction / New,,6,18,"1,850,000",Apartments
Creek Waters 1,,,,"1,700","2,010","2,290","2,470",+35%,35,Creek Harbour,Waterfront/Urban,35m,15m,Emaar Properties,10m,,27,2023,25m,Creek Harbour,,Mid-Range,,Recently Delivered,0.10853765,6,19,"1,600,000",Apartments
Creek Waters 2,,,,"1,750","2,030","2,270","2,430",+32%,32,Creek Harbour,Waterfront/Urban,35m,15m,Emaar Properties,10m,,28,2023,25m,Creek Harbour,,Mid-Range,,Recently Delivered,0.094095213,6,19,"1,700,000",Apartments
Address Grand Creek,,,,"2,200","2,640","3,030","3,300",+40%,40,Creek Harbour,Waterfront/Luxury,35m,15m,Emaar Properties,10m,,30,2023,25m,Creek Harbour,,Mid-Range,,Recently Delivered,0.118033989,6,28,"2,200,000",Serviced Apt
Creek Gate,"1,200","1,290","1,490","1,660","1,810","1,950","2,050",+70% (Since 2020),70,Creek Harbour,Waterfront/Urban,35m,15m,Emaar Properties,10m,,29,2017,25m,Creek Harbour,,Affordable,,Established,0.064235258,6,16.5,"1,200,000",Apartments
Park Gate 2,,,,,"1,650","1,850","1,960",+12%,12,Dubai Hills,Gated/Green,25m,20m,Emaar Properties,15m,,32,2024,15m,Dubai Hills,,Mid-Range,,Under Construction / New,0.089898522,,3.5,"3,300,000",Villas
Dubai Hills Estate,"1,050","1,180","1,470","1,710","1,940","2,150","2,310",+85% (Since 2020),85,Dubai Hills,Master Community,25m,20m,Emaar Properties,15m,,31,2015,15m,Dubai Hills,,Unknown,,Established,0.091201929,,15.5,Community,Mixed
Rosehill,,,,,"1,700","1,940","2,070",+14%,14,Dubai Hills,Gated/Green,25m,20m,Emaar Properties,15m,,33,2024,15m,Dubai Hills,,Mid-Range,,Under Construction / New,0.103470461,,16,"3,100,000",Apartments
Greencrest,,,,,"15,000,000","2,800","2,940",+4%,4,Dubai Hills,Golf/Ultra-Luxury,25m,20m,Emaar Properties,15m,,34,2025,15m,Dubai Hills,,Luxury,,Under Construction / New,,,4.2,"15,000,000",Luxury Villas
Palace Residences,,,,,"1,950","2,300","2,510",+20%,20,Dubai Hills,Luxury/Golf,25m,20m,Emaar Properties,15m,,35,2024,15m,Dubai Hills,,Mid-Range,,Under Construction / New,0.134539328,,20,"1,710,000",Apartments
Vida Residences,,,,,"1,850","2,150","2,320",+18%,18,Dubai Hills,Lifestyle/Golf,25m,20m,Emaar Properties,15m,,36,2024,15m,Dubai Hills,,Mid-Range,,Under Construction / New,0.119845549,,19.5,"1,650,000",Apartments
Golf Hillside,,,,,"1,750","2,010","2,150",+15%,15,Dubai Hills,Golf/Green,25m,20m,Emaar Properties,15m,,37,2024,15m,Dubai Hills,,Affordable,,Under Construction / New,0.108409414,,16.5,"1,450,000",Apartments
Parkland,,,,,"1,700","1,940","2,070",+14%,14,Dubai Hills,Green/Family,25m,20m,Emaar Properties,15m,,38,2024,15m,Dubai Hills,,Mid-Range,,Under Construction / New,0.103470461,,16.5,"1,550,000",Apartments
Sidra Villas,"1,000","1,150","1,500","1,780","2,030","2,260","2,440",+110% (Since 2020),110,Dubai Hills,Gated/Family,25m,20m,Emaar Properties,15m,,39,2015,15m,Dubai Hills,,Mid-Range,,Established,0.096344126,,3.2,"3,500,000",Villas
Maple Townhouses,950,"1,100","1,410","1,650","1,880","2,080","2,230",+105% (Since 2020),105,Dubai Hills,Gated/Family,25m,20m,Emaar Properties,15m,,40,2015,15m,Dubai Hills,,Mid-Range,,Established,0.089114417,,3.2,"2,800,000",Townhouses
Address Villas Hillcrest,,,"1,800","2,200","2,600","2,960","3,230",+45%,45,Dubai Hills,Gated/Luxury,25m,20m,Emaar Properties,15m,,41,2022,15m,Dubai Hills,,Ultra-Luxury,,Recently Delivered,0.114588575,,5.5,"21,000,000",Luxury Villas
Velora,,,,,"1,250","1,440","1,540",+15%,15,The Valley,Gated/Family,30m,25m,Emaar Properties,25m,,43,2024,35m,The Valley,900,Mid-Range,,Under Construction / New,0.109954954,6,3,"2,800,000",Townhouses
The Valley (Master),800,860,"1,020","1,170","1,310","1,430","1,520",+60% (Since 2020),60,The Valley,Gated/Family,30m,25m,Emaar Properties,25m,,42,2019,35m,The Valley,900,Unknown,,Established,0.077174704,6,2.8,Community,Townhouses
Venera,,,,,"1,300","1,460","1,550",+12%,12,The Valley,Gated/Family,30m,25m,Emaar Properties,25m,,44,2024,35m,The Valley,900,Mid-Range,,Under Construction / New,0.091928428,6,3,"2,950,000",Townhouses
Rivera,,,,,"1,350","1,480","1,550",+10%,10,The Valley,Gated/Family,30m,25m,Emaar Properties,25m,,45,2024,35m,The Valley,900,Mid-Range,,Under Construction / New,0.071516751,6,3.2,"4,780,000",Townhouses
Avena,,,,,"1,280","1,430","1,520",+12%,12,The Valley,Gated/Family,30m,25m,Emaar Properties,25m,,46,2024,35m,The Valley,900,Mid-Range,,Under Construction / New,0.089724736,6,3,"4,360,000",Townhouses
Ovelle,,,,,"1,400","1,510","1,570",+8%,8,The Valley,Gated/Family,30m,25m,Emaar Properties,25m,,47,2024,35m,The Valley,900,Luxury,,Under Construction / New,0.058975246,6,3.2,"7,080,000",Townhouses
Avelia,,,,,"1,450","1,550","1,610",+7%,7,The Valley,Gated/Family,30m,25m,Emaar Properties,25m,,48,2024,35m,The Valley,900,Luxury,,Under Construction / New,0.053729011,6,3.2,"7,250,000",Townhouses
Elora,,,,"1,150","1,360","1,520","1,640",+30%,30,The Valley,Gated/Family,30m,25m,Emaar Properties,25m,,49,2023,35m,The Valley,900,Mid-Range,,Recently Delivered,0.098126747,6,3,"1,600,000",Townhouses
Rivana,,,,"1,200","1,380","1,530","1,640",+28%,28,The Valley,Gated/Family,30m,25m,Emaar Properties,25m,,50,2023,35m,The Valley,900,Mid-Range,,Recently Delivered,0.090140265,6,3,"2,800,000",Twin Villas
Farm Gardens 1,,,"1,100","1,300","1,480","1,640","1,760",+42%,42,The Valley,Gated/Farming,30m,25m,Emaar Properties,25m,,51,2022,35m,The Valley,900,Luxury,,Recently Delivered,0.090499514,6,4,"5,100,000",Villas
Farm Gardens 2,,,,,"1,350","1,550","1,670",+15%,15,The Valley,Gated/Farming,30m,25m,Emaar Properties,25m,,52,2024,35m,The Valley,900,Luxury,,Under Construction / New,0.112221667,6,4,"7,500,000",Villas
The Oasis (Master),,,,"1,500","1,680","1,850","1,960",+25% (Community Avg),25,The Oasis,Resort/Luxury,20m,30m,Emaar Properties,25m,,53,2023,20m,The Oasis,,Unknown,,Recently Delivered,0.08012345,5.5,4.5,Community,Luxury Villas
Palmiera,,,,"1,550","1,830","2,090","2,280",+35%,35,The Oasis,Resort/Luxury,20m,30m,Emaar Properties,25m,,54,2023,20m,The Oasis,,Luxury,,Recently Delivered,0.116199641,5.5,4.5,"8,500,000",Luxury Villas
Marèva 1,,,,,"1,750","2,010","2,170",+18%,18,The Oasis,Resort/Luxury,20m,30m,Emaar Properties,25m,,55,2024,20m,The Oasis,,Luxury,,Under Construction / New,0.113552873,5.5,5,"12,000,000",Luxury Villas
Emaar South (Master),750,790,890,990,"1,080","1,170","1,230",+55% (Since 2020),55,Emaar South,Airport/Golf,5m,45m,Emaar Properties,45m,,57,2016,35m,Emaar South,900,Unknown,,Established,0.067187373,6.5,2.5,Community,Townhouses/Apt
Golf Hills 2,,,,,"1,050","1,180","1,250",+12%,12,Emaar South,Gated/Golf,5m,45m,Emaar Properties,45m,,58,2024,35m,Emaar South,900,Affordable,,Under Construction / New,0.091089451,6.5,3.2,"1,200,000",Apartments
Marèva 2,,,,,"1,800","2,030","2,180",+15%,15,The Oasis,Resort/Luxury,20m,30m,Emaar Properties,25m,,56,2024,20m,The Oasis,,Luxury,,Under Construction / New,0.100504935,5.5,5,"12,500,000",Luxury Villas
Grove Ridge,,,,,"1,450,000","1,200","1,270",+6%,6,Emaar South,Gated/Golf,5m,45m,Emaar Properties,45m,,60,2025,35m,Emaar South,900,Affordable,,Under Construction / New,,6.5,3.5,"1,450,000",Townhouses
Vista Ridge,,,,,"1,100","1,250","1,340",+14%,14,Emaar South,Gated/Golf,5m,45m,Emaar Properties,45m,,59,2024,35m,Emaar South,900,Affordable,,Under Construction / New,0.103712743,6.5,3.2,"1,300,000",Townhouses
Expo Golf Villas,800,870,"1,010","1,150","1,290","1,410","1,500",+75% (Since 2020),75,Emaar South,Gated/Golf,5m,45m,Emaar Properties,45m,,61,2018,35m,Emaar South,900,Affordable,,Established,0.078327732,6.5,2.8,"990,000",Townhouses
Urbana,700,750,860,960,"1,060","1,150","1,220",+60% (Since 2020),60,Emaar South,Gated/Family,5m,45m,Emaar Properties,45m,,62,2016,35m,Emaar South,900,Affordable,,Established,0.0728203,6.5,2.8,"700,000",Townhouses
Expo Living (Master),,,,,"1,200","1,320","1,400",+10%,10,Expo City,Integrated Urban,10m,40m,Emaar Properties,35m,,63,2024,25m,Expo City,,Unknown,,Under Construction / New,0.08012345,6.5,14.5,Community,Apartments
Terra Gardens,,,,,"1,250","1,400","1,500",+12%,12,Expo Living,Integrated Urban,10m,40m,Emaar Properties,35m,,64,2024,25m,Expo Living,,Mid-Range,,Under Construction / New,0.095445115,,15,"1,500,000",Apartments
St. Regis Residences,,,"2,500","2,950","3,390","3,800","4,100",+48%,48,Downtown Dubai,Luxury Urban,35m,15m,Emaar Properties,0m,,65,2022,20m,Downtown,,Mid-Range,,Recently Delivered,0.099745211,,28,"2,100,000",Apartments
Burj Crown,"1,850","2,070","2,440","2,730","3,000","3,240","3,400",+55%,55,Downtown Dubai,High-Rise Urban,35m,15m,Emaar Properties,0m,,66,2020,20m,Downtown,,Mid-Range,,Established,0.064581295,,21,"2,100,000",Apartments
Grande,"1,900","2,060","2,400","2,710","3,010","3,300","3,510",+62% (Since 2020),62,Downtown Dubai,High-Rise Urban,35m,15m,Emaar Properties,0m,,67,2018,20m,Downtown,,Mid-Range,,Established,0.079867101,,22,"1,900,000",Apartments
Act One,Act Two,"1,750","1,890","2,180","2,430","2,690","2,930",+58% (Since 2020),58,Emaar Properties,Apartments,35m,15m,Act Two,0m,,68,2016,20m,Downtown,,Mid-Range,,Established,0.098071636,,"3,110","1,500,000",Downtown Dubai
Palm Jebel Ali,,,,"2,500","3,130","3,760","4,210",+60%,60,Jebel Ali,Island/Luxury,15m,35m,Nakheel,30m,,70,2023,15m,Jebel Ali,900,Unknown,,Recently Delivered,0.159762012,7,5.5,Community,Mixed
Il Primo,"3,500","3,730","4,180","4,590","4,980","5,340","5,630",+40% (Since 2020),40,Downtown Dubai,Ultra-Luxury,35m,15m,Emaar Properties,0m,,69,2016,20m,Downtown,,Luxury,,Established,0.063260123,,35,"18,000,000",Penthouses
Coral Collection,,,,"2,600","3,510","4,390","5,050",+70%,70,Palm Jebel Ali,Island/Luxury,20m,45m,Nakheel,45m,,71,2023,15m,Palm Jebel Ali,,Luxury,,Recently Delivered,0.199477569,5.5,6,"18,500,000",Mansions
Beach Collection,,,,"2,550","3,370","4,110","4,690",+65%,65,Palm Jebel Ali,Island/Luxury,20m,45m,Nakheel,45m,,72,2023,15m,Palm Jebel Ali,,Ultra-Luxury,,Recently Delivered,0.179699705,5.5,6,"20,000,000",Villas
Dubai Islands,,,"1,300","1,500","1,680","1,850","1,980",+50%,50,Dubai Islands,Island/Resort,45m,15m,Nakheel,20m,,73,2022,30m,Dubai Islands,,Unknown,,Recently Delivered,0.085620297,6,3.5,Community,Mixed
Rixos Dubai Islands,,,,"2,200","2,680","3,160","3,480",+42%,42,Dubai Islands,Waterfront/Resort,45m,15m,Nakheel,20m,,74,2023,30m,Dubai Islands,,Mid-Range,,Recently Delivered,0.139520716,6,25,"2,600,000",Branded Apt
Beach Walk Residences,,,,,"2,000","2,360","2,600",+18%,18,Dubai Islands,Waterfront/Resort,45m,15m,Nakheel,20m,,76,2024,30m,Dubai Islands,,Mid-Range,,Under Construction / New,0.140175425,6,20,"2,200,000",Apartments
Bay Villas,,,,,"1,800","2,160","2,400",+20%,20,Dubai Islands,Waterfront/Resort,45m,15m,Nakheel,20m,,75,2024,30m,Dubai Islands,,Mid-Range,,Under Construction / New,0.154700538,6,4.5,"4,500,000",Villas
Palm Jumeirah,"1,800","2,130","3,030","3,710","4,410","5,050","5,530",+120% (Since 2020),120,Palm Jumeirah,Island/Luxury,35m,25m,Nakheel,20m,,77,2001,10m,Palm Jumeirah,,Unknown,,Established,0.11980724,5.5,19.5,Community,Mixed
Como Residences,,,,"5,500","6,880","8,260","9,250",+55%,55,Palm Jumeirah,Island/Luxury,35m,25m,Nakheel,20m,,78,2023,10m,Palm Jumeirah,,Ultra-Luxury,,Recently Delivered,0.159515737,5.5,45,"21,000,000",High-End Apt
Palm Beach Tower 2,,,"2,600","3,120","3,560","3,950","4,230",+45%,45,Palm Jumeirah,Waterfront/Urban,35m,25m,Nakheel,20m,,80,2022,10m,Palm Jumeirah,,Mid-Range,,Recently Delivered,0.090046901,5.5,22,"3,700,000",Apartments
Palm Beach Tower 1,,,"2,500","3,050","3,510","3,930","4,240",+48%,48,Palm Jumeirah,Waterfront/Urban,35m,25m,Nakheel,20m,,79,2022,10m,Palm Jumeirah,,Mid-Range,,Recently Delivered,0.099080164,5.5,22,"3,500,000",Apartments
Palm Beach Tower 3,,,"2,700","3,190","3,570","3,930","4,210",+42%,42,Palm Jumeirah,Waterfront/Urban,35m,25m,Nakheel,20m,,81,2022,10m,Palm Jumeirah,,Mid-Range,,Recently Delivered,0.085942774,5.5,22,"4,200,000",Apartments
The Palm Tower,"2,100","2,430","3,020","3,520","3,980","4,400","4,720",+85% (Since 2020),85,Palm Jumeirah,Mixed-Use,35m,25m,Nakheel,20m,,82,2014,10m,Palm Jumeirah,,Mid-Range,,Established,0.089003971,5.5,35,"2,800,000",Hotel/Residences
Azure Residences,"1,400","1,580","1,870","2,120","2,360","2,570","2,740",+75% (Since 2020),75,Palm Jumeirah,Waterfront/Family,35m,25m,Nakheel,20m,,83,2013,10m,Palm Jumeirah,,Mid-Range,,Established,0.077504965,5.5,18,"1,500,000",Apartments
Club Vista Mare,"1,500","1,700","2,050","2,350","2,640","2,900","3,100",+80% (Since 2020),80,Palm Jumeirah,Waterfront/Leisure,35m,25m,Nakheel,20m,,84,2013,10m,Palm Jumeirah,,Affordable,,Established,0.083624669,5.5,20,"1,200,000",Apartments
Jumeirah Islands,"1,100","1,280","1,700","2,030","2,340","2,630","2,850",+95% (Since 2020),95,Jumeirah Islands,Gated/Inland,25m,25m,Nakheel,20m,,85,2003,10m,Jumeirah Islands,,Unknown,,Established,0.103607139,5,4.5,Community,Villas
Jumeirah Park,"1,000","1,150","1,470","1,730","1,980","2,210","2,390",+88% (Since 2020),88,Jumeirah Park,Gated/Family,25m,25m,Nakheel,20m,,86,2006,10m,Jumeirah Park,,Unknown,,Established,0.098667696,5,4.2,Community,Villas
Al Furjan (Master),850,930,"1,100","1,260","1,420","1,560","1,660",+65% (Since 2020),65,Al Furjan,Suburban/Family,15m,30m,Nakheel,25m,,87,2007,10m,Al Furjan,,Unknown,,Established,0.081209547,7,3.5,Community,Mixed
Tilal Al Furjan,,,"1,100","1,270","1,420","1,560","1,670",+35%,35,Al Furjan,Gated/Family,15m,30m,Nakheel,25m,,88,2022,10m,Al Furjan,,Mid-Range,,Recently Delivered,0.084461312,7,3.8,"3,100,000",Villas
Murooj Al Furjan,,,"1,240","1,410","1,570","1,710","1,810",+42%,42,Al Furjan,Gated/Family,15m,30m,Nakheel,25m,,89,2021,10m,Al Furjan,,Mid-Range,,Established,0.07371609,7,3.8,"2,900,000",Townhouses
Discovery Gardens,650,680,750,810,870,930,970,+40% (Since 2020),40,Discovery Gdns,Low-Rise Family,20m,30m,Nakheel,25m,,90,2004,10m,Discovery Gdns,,Unknown,,Established,0.05590839,,12.5,Community,Apartments
The Gardens,600,630,690,750,810,860,900,+35% (Since 2020),35,The Gardens,Low-Rise Family,,,Nakheel,,,91,2001,,The Gardens,,Unknown,,Established,0.054092553,,12.5,Community,Apartments
Nad Al Sheba Villas,750,840,"1,050","1,240","1,420","1,580","1,710",+90% (Since 2020),90,Nad Al Sheba,Gated/Local,30m,20m,Nakheel,15m,,93,2019,25m,Nad Al Sheba,,Mid-Range,,Established,0.097372021,6,4.5,"2,800,000",Villas
Rixos Financial Center,,,,,"2,800","3,220","3,480",+15%,15,Business Bay,High-Rise Luxury,35m,15m,East & West,5m,,92,2024,20m,Business Bay,,Mid-Range,,Under Construction / New,0.114835029,6.5,32,"2,800,000",Branded Apt
Warsan Village,700,740,830,920,"1,000","1,080","1,140",+55% (Since 2020),55,International City,Suburban/Economy,35m,15m,Nakheel,20m,,94,2013,30m,Int. City,,Mid-Range,,Established,0.067707825,,2.8,"1,600,000",Townhouses
International City,450,470,510,550,590,620,650,+30% (Since 2020),30,International City,Suburban/Economy,35m,15m,Nakheel,20m,,95,2002,30m,Int. City,,Unknown,,Established,0.049616556,,7,Community,Apartments
City Walk (Master),"1,600","1,780","2,180","2,520","2,850","3,160","3,400",+75% (Since 2020),75,City Walk,Urban/Lifestyle,35m,15m,Meraas,5m,,96,2013,20m,City Walk,,Unknown,,Established,0.092237363,6,21,Community,Mixed
Design Quarter d3 Ph 1,,,,"1,900","2,240","2,550","2,780",+32%,32,d3,Urban/Creative,30m,15m,Meraas,5m,,97,2023,20m,d3,,Mid-Range,,Recently Delivered,0.114033854,6.5,20,"1,900,000",Apartments
Design Quarter d3 Ph 2,,,,,"2,100","2,420","2,610",+18%,18,d3,Urban/Creative,30m,15m,Meraas,5m,,98,2024,20m,d3,,Mid-Range,,Under Construction / New,0.114835029,6.5,20,"2,100,000",Apartments
Central Park: Fern,,,"1,800","2,070","2,320","2,550","2,730",+45%,45,City Walk,Urban/Green,35m,15m,Meraas,5m,,99,2022,20m,City Walk,,Mid-Range,,Recently Delivered,0.084769163,6,18,"1,500,000",Apartments
Central Park: Laurel,,,"1,850","2,110","2,340","2,550","2,700",+42%,42,City Walk,Urban/Green,35m,15m,Meraas,5m,,100,2022,20m,City Walk,,Mid-Range,,Recently Delivered,0.074172311,6,18,"1,550,000",Apartments
Central Park: Myrtle,,,"1,750","2,030","2,270","2,500","2,680",+48%,48,City Walk,Urban/Green,35m,15m,Meraas,5m,,101,2022,20m,City Walk,,Affordable,,Recently Delivered,0.08656189,6,18,"1,450,000",Apartments
Central Park: Thyme,,,,"2,100","2,420","2,690","2,880",+30%,30,City Walk,Urban/Green,35m,15m,Meraas,5m,,102,2023,20m,City Walk,,Mid-Range,,Recently Delivered,0.090909091,6,18,"2,100,000",Apartments
Central Park: Erin,,,,"1,950","2,260","2,530","2,730",+35%,35,City Walk,Urban/Green,35m,15m,Meraas,5m,,103,2023,20m,City Walk,,Mid-Range,,Recently Delivered,0.09907443,6,18,"1,600,000",Apartments
City Walk Residences,"1,650","1,830","2,170","2,480","2,790","3,070","3,290",+80% (Since 2020),80,City Walk,Urban/Lifestyle,35m,15m,Meraas,5m,,104,2014,20m,City Walk,,Mid-Range,,Established,0.085915038,6,21,"2,200,000",Apartments
La Sirène,,,"1,900","2,130","2,340","2,550","2,700",+55%,55,Port de La Mer,Waterfront/Resort,35m,20m,Meraas,10m,,106,2021,20m,Port de La Mer,,Mid-Range,,Established,0.074172311,5.5,18,"1,500,000",Apartments
Port de La Mer (Master),"1,500","1,680","2,100","2,490","2,870","3,220","3,490",+95% (Since 2020),95,Jumeirah 1,Waterfront/Resort,35m,20m,Meraas,10m,,105,2018,20m,La Mer,,Unknown,,Established,0.102736539,5.5,19.5,Community,Apartments
La Voile,"1,400","1,550","1,840","2,120","2,410","2,680","2,890",+85% (Since 2020),85,Port de La Mer,Waterfront/Resort,35m,20m,Meraas,10m,,107,2019,20m,Port de La Mer,,Affordable,,Established,0.095066265,5.5,18,"1,400,000",Apartments
La Rive,"1,450","1,610","1,920","2,230","2,550","2,840","3,070",+90% (Since 2020),90,Port de La Mer,Waterfront/Resort,35m,20m,Meraas,10m,,108,2018,20m,Port de La Mer,,Affordable,,Established,0.097233598,5.5,18,"1,350,000",Apartments
Le Pont,"1,480","1,640","1,950","2,250","2,560","2,850","3,080",+88% (Since 2020),88,Port de La Mer,Waterfront/Resort,35m,20m,Meraas,10m,,109,2019,20m,Port de La Mer,,Affordable,,Established,0.096870548,5.5,18,"1,450,000",Apartments
La Cote,"1,500","1,670","2,010","2,340","2,680","3,000","3,250",+95% (Since 2020),95,Port de La Mer,Waterfront/Resort,35m,20m,Meraas,10m,,110,2018,20m,Port de La Mer,,Affordable,,Established,0.10122049,5.5,18,"1,250,000",Apartments
Sur La Mer,"1,800","2,070","2,740","3,350","3,970","4,530","5,010",+110% (Since 2020),110,Port de La Mer,Waterfront/Luxury,35m,20m,Meraas,10m,,111,2019,20m,Port de La Mer,,Mid-Range,,Established,0.123372038,5.5,5.5,"4,200,000",Townhouses
Madinat Jumeirah Living,"1,550","1,790","2,340","2,820","3,290","3,730","4,080",+100% (Since 2020),100,Jumeirah,Pedestrian/Resort,30m,20m,Meraas,15m,,112,2018,10m,MJL,,Unknown,,Established,0.113607463,6,18,Community,Apartments
Riwa,,,,,"2,300","2,580","2,730",+12%,12,MJL,Pedestrian/Resort,30m,20m,Meraas,15m,,113,2024,10m,MJL,,Mid-Range,,Under Construction / New,0.089475342,6,19,"2,300,000",Apartments
Jadeel,,,"1,700","2,010","2,310","2,590","2,800",+48%,48,MJL,Pedestrian/Resort,30m,20m,Meraas,15m,,114,2022,10m,MJL,,Mid-Range,,Recently Delivered,0.100963765,6,18,"1,600,000",Apartments
Lamaa,,,"1,750","2,030","2,310","2,560","2,740",+45%,45,MJL,Pedestrian/Resort,30m,20m,Meraas,15m,,115,2022,10m,MJL,,Mid-Range,,Recently Delivered,0.089103845,6,18,"1,650,000",Apartments
Jomana,,,,"1,900","2,240","2,550","2,780",+30%,30,MJL,Pedestrian/Resort,30m,20m,Meraas,15m,,116,2023,10m,MJL,,Mid-Range,,Recently Delivered,0.114033854,6,18,"1,900,000",Apartments
Rahaal,"1,500","1,740","2,290","2,790","3,280","3,730","4,110",+110% (Since 2020),110,MJL,Pedestrian/Resort,30m,20m,Meraas,15m,,117,2018,10m,MJL,,Affordable,,Established,0.119396614,6,17.5,"1,300,000",Apartments
Asayel,"1,450","1,670","2,170","2,620","3,040","3,430","3,760",+105% (Since 2020),105,MJL,Pedestrian/Resort,30m,20m,Meraas,15m,,118,2019,10m,MJL,,Affordable,,Established,0.112134032,6,17.5,"1,400,000",Apartments
The Acres Phase 1,,,,"1,250","1,440","1,610","1,740",+25%,25,Dubailand,Nature/Gated,25m,25m,Meraas,25m,,119,2023,25m,Dubailand,,Luxury,,Recently Delivered,0.099242163,7,4.2,"5,090,000",Villas
The Acres Phase 2,,,,,"1,350","1,510","1,620",+15%,15,Dubailand,Nature/Gated,25m,25m,Meraas,25m,,120,2024,25m,Dubailand,,Luxury,,Under Construction / New,0.095445115,7,4.2,"5,350,000",Villas
NAS Gardens Ph 1,,,"1,200","1,420","1,620","1,800","1,940",+40%,40,Nad Al Sheba,Gated/Family,30m,20m,Meraas,15m,,121,2022,25m,Nad Al Sheba,,Mid-Range,,Recently Delivered,0.094317534,6,4.5,"4,200,000",Villas
NAS Gardens Ph 3,,,,"1,300","1,480","1,640","1,750",+28%,28,Nad Al Sheba,Gated/Family,30m,20m,Meraas,15m,,123,2023,25m,Nad Al Sheba,,Mid-Range,,Recently Delivered,0.087397091,6,4.5,"4,800,000",Villas
NAS Gardens Ph 2,,,,"1,250","1,450","1,620","1,730",+32%,32,Nad Al Sheba,Gated/Family,30m,20m,Meraas,15m,,122,2023,25m,Nad Al Sheba,,Mid-Range,,Recently Delivered,0.092292748,6,4.5,"4,500,000",Villas
NAS Gardens Ph 4,,,,,"1,350","1,510","1,600",+18%,18,Nad Al Sheba,Gated/Family,30m,20m,Meraas,15m,,124,2024,25m,Nad Al Sheba,,Luxury,,Under Construction / New,0.088662108,6,4.5,"5,100,000",Villas
NAS Gardens Ph 5,,,,,"1,400","1,550","1,640",+14%,14,Nad Al Sheba,Gated/Family,30m,20m,Meraas,15m,,125,2024,25m,Nad Al Sheba,,Luxury,,Under Construction / New,0.082325539,6,4.5,"5,500,000",Villas
NAS Gardens Ph 6,,,,,"6,000,000","1,500","1,560",+10%,10,Nad Al Sheba,Gated/Family,30m,20m,Meraas,15m,,126,2024,25m,Nad Al Sheba,,Luxury,,Under Construction / New,,6,4.5,"6,000,000",Villas
Cherrywoods,800,880,"1,040","1,190","1,340","1,470","1,580",+75% (Since 2020),75,Dubailand,Gated/Family,25m,25m,Meraas,25m,,127,2019,25m,Dubailand,,Mid-Range,,Established,0.085865773,7,3.5,"2,300,000",Townhouses
Bluewaters Residences,"2,500","2,960","4,100","5,090","6,130","7,080","7,820",+130% (Since 2020),130,Bluewaters,Island/Luxury,30m,25m,Meraas,20m,,129,2015,5m,Bluewaters,,Mid-Range,,Established,0.129465941,5.5,28,"2,500,000",Apartments
Bluewaters Bay,,,"2,200","2,680","3,160","3,630","3,960",+55%,55,Bluewaters,Island/Luxury,30m,25m,Meraas,20m,,128,2022,5m,Bluewaters,,Mid-Range,,Recently Delivered,0.119448327,5.5,24,"4,400,000",Apartments
Bulgari Resort & Res,"3,800","4,770","7,870","10,640","13,670","16,730","19,270",+250% (Since 2020),250,Jumeirah Bay,Ultra-Luxury,35m,20m,Meraas,10m,,130,2017,20m,Jumeirah Bay,,Luxury,,Established,0.187289426,4.5,54,"12,000,000",Apartments
Villa Amalfi,"2,500","2,960","4,310","5,530","6,770","8,000","9,000",+180% (Since 2020),180,Jumeirah Bay,Ultra-Luxury,35m,20m,Meraas,10m,,131,2018,20m,Jumeirah Bay,,Luxury,,Established,0.152993663,4.5,12,"5,500,000",Luxury Villas
Bulgari Lighthouse,,,,"6,500","8,130","9,760","11,220",+60%,60,Jumeirah Bay,Ultra-Luxury,35m,20m,Meraas,10m,,132,2023,20m,Jumeirah Bay,,Ultra-Luxury,,Recently Delivered,0.174765424,4.5,65,"64,000,000",Apartments
Mudon (Master),850,920,"1,070","1,210","1,350","1,470","1,560",+65% (Since 2020),65,Mudon,Suburban/Family,20m,25m,Dubai Properties,20m,,133,2012,20m,Mudon,,Unknown,,Established,0.0749677,6.5,3.5,Community,Mixed
Mudon Al Ranim Ph 1,,,"1,100","1,270","1,420","1,560","1,670",+38%,38,Mudon,Gated/Family,20m,25m,Dubai Properties,20m,,134,2022,20m,Mudon,,Mid-Range,,Recently Delivered,0.084461312,6.5,3.8,"1,900,000",Townhouses
Mudon Al Ranim Ph 2,,,"1,150","1,310","1,450","1,580","1,670",+35%,35,Mudon,Gated/Family,20m,25m,Dubai Properties,20m,,135,2022,20m,Mudon,,Mid-Range,,Recently Delivered,0.073184112,6.5,3.8,"2,000,000",Townhouses
Mudon Al Ranim Ph 3,,,,"1,200","1,380","1,530","1,640",+28%,28,Mudon,Gated/Family,20m,25m,Dubai Properties,20m,,136,2023,20m,Mudon,,Mid-Range,,Recently Delivered,0.090140265,6.5,3.8,"2,100,000",Townhouses
Mudon Al Ranim Ph 4,,,,"1,250","1,430","1,570","1,660",+25%,25,Mudon,Gated/Family,20m,25m,Dubai Properties,20m,,137,2023,20m,Mudon,,Mid-Range,,Recently Delivered,0.077422462,6.5,3.8,"2,250,000",Townhouses
Mudon Al Ranim Ph 5,,,,"1,300","1,470","1,600","1,700",+22%,22,Mudon,Gated/Family,20m,25m,Dubai Properties,20m,,138,2023,20m,Mudon,,Mid-Range,,Recently Delivered,0.075389504,6.5,3.8,"2,300,000",Townhouses
Mudon Al Ranim Ph 6,,,,"1,350","1,510","1,630","1,730",+20%,20,Mudon,Gated/Family,20m,25m,Dubai Properties,20m,,139,2023,20m,Mudon,,Mid-Range,,Recently Delivered,0.070371601,6.5,3.8,"2,400,000",Townhouses
Mudon Al Ranim Ph 8,,,,,"1,450","1,600","1,680",+12%,12,Mudon,Gated/Family,20m,25m,Dubai Properties,20m,,141,2024,20m,Mudon,,Mid-Range,,Under Construction / New,0.076392442,6.5,3.8,"2,700,000",Townhouses
Mudon Al Ranim Ph 7,,,,,"1,400","1,570","1,660",+15%,15,Mudon,Gated/Family,20m,25m,Dubai Properties,20m,,140,2024,20m,Mudon,,Mid-Range,,Under Construction / New,0.088905086,6.5,3.8,"2,550,000",Townhouses
Mudon Views,900,980,"1,140","1,300","1,460","1,610","1,730",+70% (Since 2020),70,Mudon,Gated/Family,20m,25m,Dubai Properties,20m,,142,2017,20m,Mudon,,Affordable,,Established,0.088545592,6.5,14.5,"800,000",Apartments
Rahat,850,920,"1,070","1,220","1,360","1,490","1,590",+68% (Since 2020),68,Mudon,Gated/Family,20m,25m,Dubai Properties,20m,,143,2013,20m,Mudon,,Mid-Range,,Established,0.081257438,6.5,3.5,"3,100,000",Villas
Naseem,830,900,"1,050","1,190","1,320","1,440","1,530",+65% (Since 2020),65,Mudon,Gated/Family,20m,25m,Dubai Properties,20m,,144,2014,20m,Mudon,,Mid-Range,,Established,0.076610844,6.5,3.5,"3,300,000",Villas
La Violeta,,,"1,100","1,270","1,420","1,560","1,670",+35%,35,Villanova,Gated/Family,25m,25m,Dubai Properties,25m,,146,2022,25m,Villanova,950,Mid-Range,,Recently Delivered,0.084461312,6.5,3.8,"1,600,000",Townhouses
Villanova (Master),900,"1,000","1,200","1,390","1,590","1,780","1,930",+85% (Since 2020),85,Dubailand,Gated/Family,25m,25m,Dubai Properties,25m,,145,2016,25m,Dubailand,,Unknown,,Established,0.101742474,7,3.5,Community,Townhouses
Amaranta,850,960,"1,180","1,400","1,620","1,820","1,980",+95% (Since 2020),95,Villanova,Gated/Family,25m,25m,Dubai Properties,25m,,147,2016,25m,Villanova,950,Affordable,,Established,0.105541597,6.5,3.5,"1,200,000",Townhouses
La Rosa Phase 1,900,"1,010","1,230","1,450","1,670","1,870","2,030",+90% (Since 2020),90,Villanova,Gated/Family,25m,25m,Dubai Properties,25m,,148,2019,25m,Villanova,950,Affordable,,Established,0.102528395,6.5,3.5,"1,280,000",Townhouses
La Rosa Phase 2,920,"1,030","1,250","1,470","1,690","1,880","2,030",+88% (Since 2020),88,Villanova,Gated/Family,25m,25m,Dubai Properties,25m,,149,2019,25m,Villanova,950,Affordable,,Established,0.095985142,6.5,3.5,"1,350,000",Townhouses
La Rosa Phase 3,950,"1,050","1,260","1,460","1,660","1,840","1,990",+85%,85,Villanova,Gated/Family,25m,25m,Dubai Properties,25m,,150,2020,25m,Villanova,950,Affordable,,Established,0.094895055,6.5,3.5,"1,400,000",Townhouses
La Rosa Phase 5,,,"1,270","1,450","1,620","1,780","1,910",+55%,55,Villanova,Gated/Family,25m,25m,Dubai Properties,25m,,152,2021,25m,Villanova,950,Mid-Range,,Established,0.085823349,6.5,3.5,"1,600,000",Townhouses
La Rosa Phase 4,980,"1,070","1,260","1,450","1,640","1,810","1,950",+82%,82,Villanova,Gated/Family,25m,25m,Dubai Properties,25m,,151,2020,25m,Villanova,950,Mid-Range,,Established,0.09042395,6.5,3.5,"1,500,000",Townhouses
La Rosa Phase 6,,,"1,310","1,480","1,650","1,810","1,940",+50%,50,Villanova,Gated/Family,25m,25m,Dubai Properties,25m,,153,2021,25m,Villanova,950,Mid-Range,,Established,0.084323557,6.5,3.5,"1,750,000",Townhouses
JBR (Master),"1,400","1,510","1,740","1,950","2,150","2,330","2,470",+60% (Since 2020),60,JBR,Waterfront/Lifestyle,,,Dubai Properties,,,154,2002,,JBR,,Unknown,,Established,0.071838238,,15.4,Community,Apartments
1/JBR,"2,800","3,150","3,860","4,510","5,150","5,730","6,200",+95% (Since 2020),95,JBR,Waterfront/Luxury,,,Dubai Properties,,,155,2015,,JBR,,Luxury,,Established,0.097216248,,24,"6,500,000",Apartments
La Vie,"2,100","2,430","3,120","3,730","4,330","4,870","5,330",+105% (Since 2020),105,JBR,Waterfront/Luxury,,,Dubai Properties,,,156,2019,,JBR,,Mid-Range,,Established,0.109480456,,22,"3,500,000",Apartments
Riverside Marasi,,,,,"1,800","2,020","2,140",+15%,15,Business Bay,Waterfront/Urban,35m,15m,Dubai Properties,5m,,157,2024,20m,Business Bay,,Mid-Range,,Under Construction / New,0.090361816,6.5,18,"1,500,000",Apartments
Executive Towers,"1,150","1,230","1,380","1,520","1,660","1,800","1,900",+45% (Since 2020),45,Business Bay,Urban/Commercial,35m,15m,Dubai Properties,5m,,159,2005,20m,Business Bay,,Unknown,,Established,0.069849669,6.5,14.75,Community,Mixed
Bellevue Towers,"1,300","1,400","1,600","1,780","1,960","2,130","2,250",+55% (Since 2020),55,Downtown,Urban/Mid-Range,35m,15m,Dubai Properties,0m,,158,2016,20m,Downtown,,Affordable,,Established,0.071428571,,16.5,"1,200,000",Apartments
Bay Square,"1,100","1,170","1,310","1,440","1,570","1,690","1,780",+40% (Since 2020),40,Business Bay,Urban/Commercial,35m,15m,Dubai Properties,5m,,160,2007,20m,Business Bay,,Unknown,,Established,0.064780711,6.5,16,Community,Mixed
Serena Bella Casa,900,"1,010","1,240","1,470","1,700","1,910","2,080",+95% (Since 2020),95,Serena,Gated/Family,25m,25m,Dubai Properties,25m,,161,2016,25m,Serena,950,Affordable,,Established,0.106132638,6.5,3.5,"1,200,000",Townhouses
Serena Casa Dora,930,"1,040","1,270","1,500","1,730","1,930","2,090",+92% (Since 2020),92,Serena,Gated/Family,25m,25m,Dubai Properties,25m,,162,2016,25m,Serena,950,Affordable,,Established,0.099132606,6.5,3.5,"1,300,000",Townhouses
Serena Casa Viva,950,"1,060","1,290","1,520","1,750","1,950","2,110",+90% (Since 2020),90,Serena,Gated/Family,25m,25m,Dubai Properties,25m,,163,2017,25m,Serena,950,Affordable,,Established,0.09805022,6.5,3.5,"1,400,000",Townhouses
Remraam,550,580,640,700,760,810,850,+45% (Since 2020),45,Dubailand,Suburban/Economy,25m,25m,Dubai Properties,25m,,164,2007,25m,Dubailand,,Unknown,,Established,0.057554279,7,10.5,Community,Apartments
Layan,750,790,880,960,"1,040","1,120","1,180",+50% (Since 2020),50,Dubailand,Gated/Family,25m,25m,Dubai Properties,25m,,165,2006,25m,Dubailand,,Unknown,,Established,0.065183263,7,4.5,Community,Villas/Townhouses
The Villa,800,880,"1,040","1,190","1,340","1,480","1,590",+75% (Since 2020),75,Dubailand,Gated/Family,25m,25m,Dubai Properties,25m,,166,2005,25m,Dubailand,,Unknown,,Established,0.089296637,7,3.5,Community,Villas
Manazel Al Khor,"1,400","1,500","1,680","1,860","2,040","2,210","2,350",+45% (Since 2020),45,Culture Village,Waterfront/Heritage,35m,10m,Dubai Properties,10m,,167,2014,25m,Culture Village,,Mid-Range,,Established,0.073294361,,18,"1,800,000",Apartments
Dubai Wharf,"1,200","1,270","1,420","1,560","1,700","1,840","1,950",+40% (Since 2020),40,Culture Village,Waterfront/Urban,35m,10m,Dubai Properties,10m,,168,2014,25m,Culture Village,,Affordable,,Established,0.071008321,,16.5,"1,100,000",Apartments
Haven (Master),,,,"1,200","1,380","1,550","1,660",+30%,30,Dubailand,Wellness/Gated,25m,25m,Aldar Properties,25m,,169,2023,25m,Dubailand,,Unknown,,Recently Delivered,0.096767318,7,3.5,Community,Mixed
Athlon (Master),,,,,"1,350","1,590","1,730",+22%,22,Dubailand,Active/Gated,25m,25m,Aldar Properties,25m,,171,2024,25m,Dubailand,,Unknown,,Under Construction / New,0.132025389,7,3.8,Community,Mixed
Verdes by Haven,,,,,"1,250","1,440","1,560",+18%,18,Haven,Wellness/Gated,,,Aldar Properties,,,170,2024,,Haven,,Affordable,,Under Construction / New,0.117139204,,13.5,"990,000",Apartments
Rise by Athlon,,,,,"1,400","1,570","1,660",+15%,15,Athlon,Active/Gated,,,Aldar Properties,,,172,2024,,Athlon,,Mid-Range,,Under Construction / New,0.088905086,,3.8,"2,800,000",Townhouses
Nikki Beach Res RAK,,,,"2,100","2,560","3,020","3,320",+45%,45,RAK,Island/Luxury,80m,60m,Aldar Properties,65m,,174,2023,75m,RAK,,Mid-Range,,Recently Delivered,0.138804197,,15,"2,300,000",Branded Apt
The Wilds,,,,,"1,450","1,600","1,680",+12%,12,Athlon,Active/Gated,,,Aldar Properties,,,173,2024,,Athlon,,Mid-Range,,Under Construction / New,0.076392442,,3.8,"3,200,000",Townhouses
Rosso Bay,,,,"2,000","2,400","2,780","3,030",+40%,40,RAK,Island/Luxury,80m,60m,Aldar Properties,65m,,175,2023,75m,RAK,,Mid-Range,,Recently Delivered,0.123610253,,15,"2,100,000",Branded Apt
Cherrywoods District,,,,,"2,450,000","1,250","1,310",+5%,5,Dubailand,Gated/Family,25m,25m,Damac Properties,25m,,177,2025,25m,Dubailand,,Mid-Range,,Under Construction / New,,7,3.5,"2,450,000",Townhouses
Sun City (Master),,,,,"1,100","1,190","1,240",+10%,10,Dubailand,Theme/Family,25m,25m,Damac Properties,25m,,176,2024,25m,Dubailand,,Unknown,,Under Construction / New,0.061731005,7,3.2,Community,Mixed
DAMAC Lagoons,,,"1,310","1,550","1,780","1,990","2,140",+65%,65,Dubailand,Water Theme/Gated,25m,25m,Damac Properties,25m,,178,2021,25m,Dubailand,,Unknown,,Established,0.096470333,7,3.5,Community,Mixed
Venice,,,"1,400","1,650","1,900","2,130","2,300",+48%,48,Lagoons,Water Theme/Gated,,,Damac Properties,,,179,2022,,Lagoons,,Mid-Range,,Recently Delivered,0.100239208,,3.8,"4,900,000",Villas
Morocco,,,,"1,450","1,710","1,950","2,110",+35%,35,Lagoons,Water Theme/Gated,,,Damac Properties,,,180,2023,,Lagoons,,Mid-Range,,Recently Delivered,0.110818675,,3.8,"2,900,000",Villas
Mykonos,,,,"1,350","1,570","1,770","1,900",+32%,32,Lagoons,Water Theme/Gated,,,Damac Properties,,,181,2023,,Lagoons,,Mid-Range,,Recently Delivered,0.100086852,,3.5,"2,500,000",Townhouses
Santorini,,,"1,220","1,440","1,660","1,860","2,010",+75%,75,Lagoons,Water Theme/Gated,,,Damac Properties,,,182,2021,,Lagoons,,Mid-Range,,Established,0.100383285,,3.5,"1,500,000",Townhouses
Costa Brava,,,"1,220","1,430","1,630","1,810","1,950",+72%,72,Lagoons,Water Theme/Gated,,,Damac Properties,,,183,2021,,Lagoons,,Mid-Range,,Established,0.093763694,,3.5,"1,600,000",Townhouses
Nice,,,"1,250","1,460","1,660","1,840","1,980",+70%,70,Lagoons,Water Theme/Gated,,,Damac Properties,,,184,2021,,Lagoons,,Mid-Range,,Established,0.092140597,,3.5,"1,700,000",Townhouses
Malta,,,"1,100","1,300","1,500","1,680","1,810",+55%,55,Lagoons,Water Theme/Gated,,,Damac Properties,,,185,2022,,Lagoons,,Mid-Range,,Recently Delivered,0.098483804,,3.5,"1,800,000",Townhouses
Portofino,,,"1,150","1,350","1,550","1,730","1,860",+52%,52,Lagoons,Water Theme/Gated,,,Damac Properties,,,186,2022,,Lagoons,,Mid-Range,,Recently Delivered,0.095445115,,3.5,"1,900,000",Townhouses
Ibiza,,,,"1,250","1,480","1,690","1,830",+45%,45,Lagoons,Water Theme/Gated,,,Damac Properties,,,187,2022,,Lagoons,,Mid-Range,,Recently Delivered,0.111974139,,3.5,"2,100,000",Townhouses
Monte Carlo,,,,"1,300","1,530","1,740","1,880",+48%,48,Lagoons,Water Theme/Gated,,,Damac Properties,,,188,2022,,Lagoons,,Mid-Range,,Recently Delivered,0.108493649,,3.5,"2,000,000",Townhouses
Marbella,,,,"1,350","1,600","1,840","2,000",+50%,50,Lagoons,Water Theme/Gated,,,Damac Properties,,,189,2022,,Lagoons,,Mid-Range,,Recently Delivered,0.118033989,,3.5,"1,950,000",Townhouses
Violet Phase 1,,,,,950,"1,060","1,120",+15%,15,D3 Hills 2,Suburban/Gated,30m,35m,Damac Properties,35m,,191,2024,30m,D3 Hills 2,,Mid-Range,,Under Construction / New,0.085793428,,3.2,"1,800,000",Townhouses
DAMAC Hills 2,550,580,650,720,790,850,900,+55% (Since 2020),55,Dubailand,Suburban/Gated,25m,25m,Damac Properties,25m,,190,2014,25m,Dubailand,,Unknown,,Established,0.0673521,7,5.05,Community,Mixed
Violet Phase 2,,,,,980,"1,080","1,140",+12%,12,D3 Hills 2,Suburban/Gated,30m,35m,Damac Properties,35m,,192,2024,30m,D3 Hills 2,,Mid-Range,,Under Construction / New,0.078547776,,3.2,"1,870,000",Townhouses
Elo 1,,,,,900,"1,040","1,120",+20%,20,D3 Hills 2,Suburban/Gated,30m,35m,Damac Properties,35m,,194,2024,30m,D3 Hills 2,,Affordable,,Under Construction / New,0.115546702,,11.5,"547,000",Apartments
Violet Phase 3,,,,,"1,950,000","1,050","1,100",+10%,10,D3 Hills 2,Suburban/Gated,30m,35m,Damac Properties,35m,,193,2024,30m,D3 Hills 2,,Mid-Range,,Under Construction / New,,,3.2,"1,950,000",Townhouses
Elo 2,,,,,930,"1,060","1,140",+18%,18,D3 Hills 2,Suburban/Gated,30m,35m,Damac Properties,35m,,195,2024,30m,D3 Hills 2,,Affordable,,Under Construction / New,0.107161439,,11.5,"560,000",Apartments
Park Greens,,,,"1,100","1,270","1,420","1,530",+25%,25,D3 Hills 2,Suburban/Gated,30m,35m,Damac Properties,35m,,197,2023,30m,D3 Hills 2,,Mid-Range,,Recently Delivered,0.097599385,,3.8,"2,800,000",Villas
Elo 3,,,,,"580,000","1,020","1,070",+15%,15,D3 Hills 2,Suburban/Gated,30m,35m,Damac Properties,35m,,196,2024,30m,D3 Hills 2,,Affordable,,Under Construction / New,,,11.5,"580,000",Apartments
Verona,,,,"1,050","1,220","1,380","1,490",+28%,28,D3 Hills 2,Suburban/Gated,30m,35m,Damac Properties,35m,,198,2023,30m,D3 Hills 2,,Mid-Range,,Recently Delivered,0.105129619,,3.5,"1,800,000",Townhouses
DAMAC Riverside,,,,,"1,200","1,320","1,400",+12%,12,Riverside,Waterfront/Gated,15m,35m,Damac Properties,30m,,200,2024,20m,Riverside,,Unknown,,Under Construction / New,0.08012345,,3.2,Community,Townhouses
Natura,,,,,"1,150","1,290","1,370",+15%,15,D3 Hills 2,Suburban/Gated,30m,35m,Damac Properties,35m,,199,2024,30m,D3 Hills 2,,Mid-Range,,Under Construction / New,0.091468895,,3.5,"1,850,000",Townhouses
Water Vein,,,,,"1,250","1,400","1,490",+14%,14,Riverside,Waterfront/Gated,15m,35m,Damac Properties,30m,,201,2024,20m,Riverside,,Mid-Range,,Under Construction / New,0.091787525,,3.5,"2,400,000",Townhouses
Green Vein,,,,,"2,500,000","1,350","1,420",+12%,12,Riverside,Waterfront/Gated,15m,35m,Damac Properties,30m,,202,2024,20m,Riverside,,Mid-Range,,Under Construction / New,,,3.5,"2,500,000",Townhouses
Safa One,,,"1,900","2,320","2,740","3,150","3,430",+55%,55,SZR,High-Rise Luxury,35m,15m,Damac Properties,5m,,203,2022,20m,SZR,,Mid-Range,,Recently Delivered,0.118849774,,22,"1,600,000",Apartments
Cavalli Tower,,,"2,250","2,660","3,060","3,430","3,720",+65%,65,Marina,High-Rise Luxury,25m,25m,Damac Properties,20m,,205,2021,0m,Marina,,Mid-Range,,Established,0.102581641,6.5,25,"2,100,000",Apartments
Safa Two,,,"2,000","2,400","2,780","3,170","3,440",+50%,50,SZR,High-Rise Luxury,35m,15m,Damac Properties,5m,,204,2022,20m,SZR,,Mid-Range,,Recently Delivered,0.112389353,,22,"1,800,000",Apartments
DAMAC Bay 1,,,,"2,500","2,950","3,390","3,730",+38%,38,Harbour,Waterfront/Luxury,30m,25m,Damac Properties,20m,,206,2023,5m,Harbour,,Mid-Range,,Recently Delivered,0.124458438,6,26,"2,900,000",Apartments
Canal Crown,,,,"2,200","2,530","2,830","3,070",+32%,32,Business Bay,Waterfront/Luxury,35m,15m,Damac Properties,5m,,208,2023,20m,Bus Bay,,Mid-Range,,Recently Delivered,0.101561952,,22,"2,100,000",Apartments
DAMAC Bay 2,,,,"2,600","3,020","3,440","3,750",+35%,35,Harbour,Waterfront/Luxury,30m,25m,Damac Properties,20m,,207,2023,5m,Harbour,,Mid-Range,,Recently Delivered,0.11432574,6,26,"3,100,000",Apartments
Chic Tower,,,"1,800","2,120","2,420","2,710","2,930",+42%,42,Business Bay,Waterfront/Luxury,35m,15m,Damac Properties,5m,,210,2022,20m,Bus Bay,,Mid-Range,,Recently Delivered,0.10033804,,22,"1,500,000",Apartments
Volta,,,,"2,000","2,280","2,540","2,740",+30%,30,SZR,High-Rise Urban,35m,15m,Damac Properties,5m,,209,2023,20m,SZR,,Mid-Range,,Recently Delivered,0.096245587,,22,"1,700,000",Apartments
Sapphire,,,,,"2,300","2,620","2,830",+18%,18,SZR,High-Rise Luxury,35m,15m,Damac Properties,5m,,213,2024,20m,SZR,,Mid-Range,,Under Construction / New,0.109249648,,24,"2,200,000",Apartments
Coral Reef,,,,"1,900","2,210","2,510","2,720",+35%,35,Maritime City,Waterfront/Luxury,40m,15m,Damac Properties,15m,,212,2023,25m,Maritime,,Mid-Range,,Recently Delivered,0.109400392,6,20,"1,700,000",Apartments
Elegance Tower,,,"2,100","2,440","2,760","3,060","3,290",+38%,38,Downtown,High-Rise Luxury,35m,15m,Damac Properties,0m,,211,2022,20m,Downtown,,Mid-Range,,Recently Delivered,0.091800799,,24,"1,800,000",Apartments
Sobha Solis,,,,,"1,100,000","1,500","1,580",+12%,12,Motor City,Sports/Integrated,20m,25m,Sobha Realty,20m,,214,2024,15m,Motor City,950,Affordable,,Under Construction / New,,7.5,14.5,"1,100,000",Apartments
Sobha Hartland II,,,"1,400","1,650","1,900","2,140","2,310",+45%,45,Hartland II,Waterfront/Urban,30m,15m,Sobha Realty,10m,,215,2022,20m,Hartland II,,Unknown,,Recently Delivered,0.102628439,,16.5,Community,Mixed
320 Riverside,,,,"1,550","1,810","2,050","2,210",+32%,32,Hartland II,Waterfront/Urban,30m,15m,Sobha Realty,10m,,218,2023,20m,Hartland II,,Affordable,,Recently Delivered,0.104986188,,16.5,"1,400,000",Apartments
Skyscape Avenue,,,,,"1,850","2,080","2,230",+15%,15,Hartland II,Waterfront/Urban,30m,15m,Sobha Realty,10m,,216,2024,20m,Hartland II,,Mid-Range,,Under Construction / New,0.097909562,,17,"1,700,000",Apartments
Skyscape Aura,,,,,"1,900","2,120","2,260",+14%,14,Hartland II,Waterfront/Urban,30m,15m,Sobha Realty,10m,,217,2024,20m,Hartland II,,Mid-Range,,Under Construction / New,0.090629948,,17,"1,700,000",Apartments
310 Riverside,,,,"1,600","1,850","2,070","2,240",+30%,30,Hartland II,Waterfront/Urban,30m,15m,Sobha Realty,10m,,220,2023,20m,Hartland II,,Mid-Range,,Recently Delivered,0.100368489,,16.5,"1,500,000",Apartments
340 Riverside,,,,,"1,750","2,000","2,160",+18%,18,Hartland II,Waterfront/Urban,30m,15m,Sobha Realty,10m,,221,2024,20m,Hartland II,,Affordable,,Under Construction / New,0.11098412,,16.5,"1,300,000",Apartments
350 Riverside,,,,"1,500","1,770","2,020","2,190",+35%,35,Hartland II,Waterfront/Urban,30m,15m,Sobha Realty,10m,,219,2023,20m,Hartland II,,Affordable,,Recently Delivered,0.112334543,,16.5,"1,260,000",Apartments
Sobha Hartland I,"1,100","1,200","1,420","1,630","1,840","2,030","2,180",+75% (Since 2020),75,Hartland,Gated/Urban,30m,15m,Sobha Realty,10m,,223,2014,20m,Hartland,,Unknown,,Established,0.088477197,6.5,16.5,Community,Mixed
Sobha Estates,,,,"2,100","2,490","2,860","3,120",+40%,40,Hartland II,Gated/Luxury,30m,15m,Sobha Realty,10m,,222,2023,20m,Hartland II,,Ultra-Luxury,,Recently Delivered,0.119380207,,5.5,"21,000,000",Luxury Villas
Creek Vistas Heights,,,"1,500","1,770","2,040","2,280","2,460",+48%,48,Hartland,High-Rise Urban,30m,15m,Sobha Realty,10m,,224,2022,20m,Hartland,,Affordable,,Recently Delivered,0.098126747,6.5,17.5,"1,300,000",Apartments
Creek Vistas Res,"1,150","1,290","1,520","1,750","1,980","2,200","2,370",+85%,85,Hartland,High-Rise Urban,30m,15m,Sobha Realty,10m,,225,2020,20m,Hartland,,Affordable,,Established,0.094061103,6.5,17.5,"900,000",Apartments
Creek Vistas Grande,,,"1,550","1,810","2,060","2,300","2,480",+45%,45,Hartland,High-Rise Urban,30m,15m,Sobha Realty,10m,,226,2022,20m,Hartland,,Affordable,,Recently Delivered,0.097216248,6.5,17.5,"1,400,000",Apartments
Hartland Greens,"1,050","1,140","1,320","1,480","1,650","1,810","1,930",+80% (Since 2020),80,Hartland,Low-Rise Urban,30m,15m,Sobha Realty,10m,,227,2016,20m,Hartland,,Affordable,,Established,0.081525298,6.5,14.5,"1,100,000",Apartments
One Park Avenue,"1,200","1,330","1,550","1,760","1,980","2,190","2,350",+78%,78,Hartland,High-Rise Urban,30m,15m,Sobha Realty,10m,,228,2020,20m,Hartland,,Affordable,,Established,0.089435031,6.5,17.5,"1,100,000",Apartments
Waves,,,"1,540","1,770","2,000","2,220","2,390",+65%,65,Hartland,Waterfront/Urban,30m,15m,Sobha Realty,10m,,229,2021,20m,Hartland,,Affordable,,Established,0.093160555,6.5,17.5,"1,100,000",Apartments
Forest Villas,"1,200","1,370","1,710","1,990","2,270","2,540","2,760",+95% (Since 2020),95,Hartland,Gated/Green,30m,15m,Sobha Realty,10m,,231,2017,20m,Hartland,,Luxury,,Established,0.10265998,6.5,4.8,"12,000,000",Villas
Waves Grande,,,"1,580","1,810","2,040","2,260","2,430",+62%,62,Hartland,Waterfront/Urban,30m,15m,Sobha Realty,10m,,230,2021,20m,Hartland,,Mid-Range,,Established,0.091410313,6.5,17.5,"1,500,000",Apartments
Sobha Reserve,,,,"1,350","1,570","1,770","1,920",+28%,28,Dubailand,Nature/Gated,25m,25m,Sobha Realty,25m,,233,2023,25m,Dubailand,,Luxury,,Recently Delivered,0.105861626,7,3.8,"7,500,000",Villas
Sobha Seahaven,,,,"2,500","3,060","3,630","4,010",+45%,45,Harbour,Waterfront/Luxury,30m,25m,Sobha Realty,20m,,234,2023,5m,Harbour,,Mid-Range,,Recently Delivered,0.144752164,6,26,"3,100,000",Apartments
Sobha Elwood,,,,,"1,450","1,600","1,700",+12%,12,Dubailand,Nature/Gated,25m,25m,Sobha Realty,25m,,232,2024,25m,Dubailand,,Luxury,,Under Construction / New,0.082780584,7,3.8,"7,900,000",Villas
Sky Edition,,,,"3,800","4,560","5,290","5,820",+35%,35,Harbour,Ultra-Luxury,30m,25m,Sobha Realty,20m,,235,2023,5m,Harbour,,Ultra-Luxury,,Recently Delivered,0.12974147,6,32,"21,000,000",Penthouses
Sobha Orbis,,,,,"1,350","1,550","1,680",+18%,18,Motor City,Urban/Modern,20m,25m,Sobha Realty,20m,,237,2024,15m,Motor City,950,Affordable,,Under Construction / New,0.115546702,7.5,14.5,"990,000",Apartments
Verde by Sobha,,,,"1,750","2,070","2,380","2,590",+32%,32,JLT,Urban/Golf View,,,Sobha Realty,,,236,2023,,JLT,,Mid-Range,,Recently Delivered,0.118573971,,19.5,"1,800,000",Apartments
Ghaf Woods,,,,,"1,500","1,690","1,820",+15%,15,Dubailand,Nature/Integrated,20m,25m,Majid Al Futtaim,20m,,238,2024,15m,Ghaf Woods,,Unknown,,Under Construction / New,0.101514109,,16.5,Community,Apartments
Plagette,,,,,"2,500","2,800","3,000",+14%,14,Tilal Al Ghaf,Waterfront/Resort,20m,25m,Majid Al Futtaim,20m,,239,2024,15m,Ghaf Woods,,Luxury,,Under Construction / New,0.095445115,,6,"8,500,000",Luxury Villas
Sierra,,,,,"1,650","1,820","1,930",+12%,12,Tilal Al Ghaf,Gated/Family,20m,25m,Majid Al Futtaim,20m,,240,2024,15m,Ghaf Woods,,Mid-Range,,Under Construction / New,0.081525298,,4.2,"4,200,000",Villas
Tilal Al Ghaf,900,"1,040","1,380","1,690","2,000","2,300","2,530",+110% (Since 2020),110,Dubailand,Lagoon/Gated,25m,25m,Majid Al Futtaim,25m,,241,2018,25m,Dubailand,,Unknown,,Established,0.124722188,7,4.2,Community,Mixed
Serenity Mansions,,,,"2,200","2,740","3,250","3,620",+45%,45,Tilal Al Ghaf,Waterfront/Luxury,20m,25m,Majid Al Futtaim,20m,,242,2023,15m,Tilal Al Ghaf,,Ultra-Luxury,,Recently Delivered,0.149420673,6,5.5,"25,000,000",Luxury Villas
Plagette 32,,,,"2,300","2,730","3,130","3,410",+38%,38,Tilal Al Ghaf,Waterfront/Resort,20m,25m,Majid Al Futtaim,20m,,244,2023,15m,Tilal Al Ghaf,,Luxury,,Recently Delivered,0.117624377,6,6,"7,500,000",Luxury Villas
Lanai Islands,,,"3,500","4,500","5,490","6,400","7,070",+55%,55,Tilal Al Ghaf,Ultra-Luxury,20m,25m,Majid Al Futtaim,20m,,243,2022,15m,Tilal Al Ghaf,,Ultra-Luxury,,Recently Delivered,0.134810994,6,7.5,"64,000,000",Mansions
Amara,,,,,"1,900","2,190","2,380",+18%,18,Tilal Al Ghaf,Gated/Resort,20m,25m,Majid Al Futtaim,20m,,245,2024,15m,Tilal Al Ghaf,,Luxury,,Under Construction / New,0.119210248,6,4.5,"6,500,000",Villas
Alaya,,,"1,340","1,580","1,820","2,050","2,230",+70%,70,Tilal Al Ghaf,Gated/Resort,20m,25m,Majid Al Futtaim,20m,,246,2021,15m,Tilal Al Ghaf,,Luxury,,Established,0.106921282,6,4.2,"6,800,000",Villas
Alaya Beach,,,"1,800","2,250","2,700","3,120","3,450",+60%,60,Tilal Al Ghaf,Waterfront/Ultra,20m,25m,Majid Al Futtaim,20m,,247,2022,15m,Tilal Al Ghaf,,Luxury,,Recently Delivered,0.130388331,6,5.5,"15,000,000",Mansions
Elysian Mansions,,,"1,900","2,360","2,820","3,240","3,560",+58%,58,Tilal Al Ghaf,Waterfront/Ultra,20m,25m,Majid Al Futtaim,20m,,248,2022,15m,Tilal Al Ghaf,,Luxury,,Recently Delivered,0.123570802,6,5.5,"18,000,000",Mansions
Harmony 1,950,"1,130","1,470","1,760","2,050","2,320","2,540",+95%,95,Tilal Al Ghaf,Gated/Family,20m,25m,Majid Al Futtaim,20m,,249,2020,15m,Tilal Al Ghaf,,Mid-Range,,Established,0.113114725,6,3.8,"3,100,000",Villas
Harmony 2,,,"1,410","1,670","1,930","2,170","2,370",+75%,75,Tilal Al Ghaf,Gated/Family,20m,25m,Majid Al Futtaim,20m,,250,2021,15m,Tilal Al Ghaf,,Mid-Range,,Established,0.108142263,6,3.8,"3,300,000",Villas
Harmony 3,,,"1,450","1,710","1,980","2,220","2,420",+72%,72,Tilal Al Ghaf,Gated/Family,20m,25m,Majid Al Futtaim,20m,,251,2021,15m,Tilal Al Ghaf,,Mid-Range,,Established,0.105541597,6,3.8,"3,600,000",Villas
Elan,850,"1,060","1,470","1,820","2,180","2,510","2,800",+120%,120,Tilal Al Ghaf,Gated/Family,20m,25m,Majid Al Futtaim,20m,,252,2020,15m,Tilal Al Ghaf,,Affordable,,Established,0.133315344,6,3.2,"1,300,000",Townhouses
Aura,,,"1,390","1,690","1,990","2,270","2,500",+85%,85,Tilal Al Ghaf,Gated/Family,20m,25m,Majid Al Futtaim,20m,,253,2021,15m,Tilal Al Ghaf,,Mid-Range,,Established,0.120839599,6,3.8,"2,400,000",Twin Villas
Claydon House,,,,,"1,800","2,030","2,180",+16%,16,MBR City,Urban/Luxury,30m,15m,Ellington Prop.,10m,,255,2024,20m,MBR City,,Mid-Range,,Under Construction / New,0.100504935,6,18,"1,700,000",Apartments
Wilton Terraces 1,"1,150","1,230","1,410","1,580","1,760","1,920","2,050",+65% (Since 2020),65,MBR City,Urban/Luxury,30m,15m,Ellington Prop.,10m,,256,2017,20m,MBR City,,Affordable,,Established,0.07924637,6,16.5,"1,300,000",Apartments
The Highgrove,,,,,"2,100,000","2,000","2,130",+14%,14,MBR City,Urban/Luxury,30m,15m,Ellington Prop.,10m,,254,2024,20m,MBR City,,Mid-Range,,Under Construction / New,,6,18,"2,100,000",Apartments
Wilton Terraces 2,"1,170","1,250","1,420","1,590","1,770","1,930","2,050",+62% (Since 2020),62,MBR City,Urban/Luxury,30m,15m,Ellington Prop.,10m,,257,2018,20m,MBR City,,Affordable,,Established,0.076193333,6,16.5,"1,400,000",Apartments
The Sanctuary,,,"1,500","1,780","2,060","2,320","2,520",+50%,50,MBR City,Waterfront/Gated,30m,15m,Ellington Prop.,10m,,259,2022,20m,MBR City,,Luxury,,Recently Delivered,0.106029372,6,5.2,"15,000,000",Villas
Wilton Park Res,"1,100","1,220","1,450","1,660","1,880","2,080","2,240",+75% (Since 2020),75,MBR City,Urban/Luxury,30m,15m,Ellington Prop.,10m,,258,2019,20m,MBR City,,Affordable,,Established,0.091553646,6,17.5,"1,100,000",Apartments
Ellington Sands,,,,,"2,100","2,440","2,660",+20%,20,RAK,Waterfront/Resort,80m,60m,Ellington Prop.,65m,,260,2024,75m,RAK,,Mid-Range,,Under Construction / New,0.125462868,,18,"2,500,000",Apartments
One River Point,,,,"2,200","2,610","3,000","3,280",+32%,32,Business Bay,Waterfront/Luxury,35m,15m,Ellington Prop.,5m,,261,2023,20m,Bus Bay,,Mid-Range,,Recently Delivered,0.121028537,,22,"2,800,000",Apartments
Mercer House,,,,"1,900","2,200","2,500","2,710",+30%,30,Uptown Dubai,Urban/Lifestyle,,,Ellington Prop.,,,264,2023,,JLT,,Mid-Range,,Recently Delivered,0.109873048,,19.5,"2,100,000",Apartments
DT1,"2,000","2,170","2,500","2,810","3,140","3,440","3,670",+45% (Since 2020),45,Downtown,Urban/Boutique,35m,15m,Ellington Prop.,0m,,263,2016,20m,Downtown,,Mid-Range,,Established,0.081105827,,24,"2,500,000",Apartments
The Crestmark,,,,"1,850","2,160","2,470","2,690",+35%,35,Business Bay,Waterfront/Luxury,35m,15m,Ellington Prop.,5m,,262,2023,20m,Bus Bay,,Mid-Range,,Recently Delivered,0.115961635,,20,"1,600,000",Apartments
Upper House,,,,"1,600","1,850","2,090","2,260",+32%,32,JLT,Urban/Modern,,,Ellington Prop.,,,265,2023,,JLT,,Mid-Range,,Recently Delivered,0.105269932,,18,"1,500,000",Apartments
Ocean House,,,"3,500","4,360","5,180","5,970","6,580",+55%,55,Palm Jumeirah,Island/Luxury,35m,25m,Ellington Prop.,20m,,266,2022,10m,Palm,,Luxury,,Recently Delivered,0.127062674,5.5,32,"9,500,000",Apartments
Beach House,,,"2,800","3,530","4,240","4,940","5,480",+60%,60,Palm Jumeirah,Island/Luxury,35m,25m,Ellington Prop.,20m,,267,2022,10m,Palm,,Luxury,,Recently Delivered,0.136860955,5.5,28,"6,100,000",Apartments
Belgravia 1,900,980,"1,140","1,290","1,450","1,600","1,720",+85% (Since 2020),85,JVC,Urban/Lifestyle,25m,25m,Ellington Prop.,20m,,269,2014,15m,JVC,,Affordable,,Established,0.089131258,7.5,13.5,"800,000",Apartments
The Sloane,,,"1,220","1,430","1,650","1,850","2,010",+70%,70,JVC,Urban/Boutique,25m,25m,Ellington Prop.,20m,,268,2021,15m,JVC,,Affordable,,Established,0.103712743,7.5,14.5,"750,000",Apartments
Belgravia 3,950,"1,020","1,170","1,310","1,460","1,600","1,710",+78% (Since 2020),78,JVC,Urban/Lifestyle,25m,25m,Ellington Prop.,20m,,271,2017,15m,JVC,,Affordable,,Established,0.08223513,7.5,13.5,"900,000",Apartments
Belgravia Square,980,"1,050","1,200","1,340","1,490","1,630","1,740",+75% (Since 2020),75,JVC,Urban/Lifestyle,25m,25m,Ellington Prop.,20m,,272,2018,15m,JVC,,Affordable,,Established,0.080641122,7.5,14,"950,000",Apartments
Belgravia 2,920,"1,000","1,150","1,290","1,440","1,580","1,690",+82% (Since 2020),82,JVC,Urban/Lifestyle,25m,25m,Ellington Prop.,20m,,270,2015,15m,JVC,,Affordable,,Established,0.083333333,7.5,13.5,"850,000",Apartments
Belgravia Heights,960,"1,030","1,180","1,320","1,470","1,610","1,720",+80% (Since 2020),80,JVC,Urban/Lifestyle,25m,25m,Ellington Prop.,20m,,273,2018,15m,JVC,,Affordable,,Established,0.081696828,7.5,14,"900,000",Apartments
Oakley Square,,,"1,150","1,360","1,570","1,770","1,920",+42%,42,JVC,Urban/Lifestyle,25m,25m,Ellington Prop.,20m,,274,2022,15m,JVC,,Affordable,,Recently Delivered,0.105861626,7.5,14.5,"900,000",Apartments
The Portman,,,"1,100","1,300","1,500","1,680","1,820",+45%,45,JVC,Urban/Lifestyle,25m,25m,Ellington Prop.,20m,,276,2022,15m,JVC,,Affordable,,Recently Delivered,0.101514109,7.5,14.5,"850,000",Apartments
Arbor View,,,,"1,350","1,550","1,740","1,880",+28%,28,Arjan,Nature/Lifestyle,20m,25m,Ellington Prop.,20m,,277,2023,15m,Arjan,,Affordable,,Recently Delivered,0.101318857,7.5,14,"1,400,000",Apartments
Hamilton House,,,"1,200","1,400","1,600","1,780","1,920",+38%,38,JVC,Urban/Lifestyle,25m,25m,Ellington Prop.,20m,,275,2022,15m,JVC,,Affordable,,Recently Delivered,0.095445115,7.5,14.5,"950,000",Apartments
Six Senses Marina,,,,,"4,500","5,060","5,410",+15%,15,Marina,High-Rise Ultra,25m,25m,Select Group,20m,,279,2024,0m,Marina,,Luxury,,Under Construction / New,0.096458947,6.5,32,"5,800,000",Apartments
Art Bay,,,,,"1,500","1,730","1,880",+18%,18,Al Jaddaf,Culture/Waterfront,35m,10m,Ellington Prop.,10m,,278,2024,25m,Al Jaddaf,,Affordable,,Under Construction / New,0.119523708,7,16.5,"1,200,000",Apartments
Marina Gate 2,"1,750","1,960","2,310","2,630","2,960","3,260","3,500",+72% (Since 2020),72,Marina,Waterfront/Urban,25m,25m,Select Group,20m,,281,2015,0m,Marina,,Mid-Range,,Established,0.087397091,6.5,14.15,"1,900,000",Apartments
Marina Gate 1,"1,700","1,910","2,260","2,580","2,910","3,220","3,460",+75% (Since 2020),75,Marina,Waterfront/Urban,25m,25m,Select Group,20m,,280,2014,0m,Marina,,Mid-Range,,Established,0.090414342,6.5,14.15,"1,800,000",Apartments
Jumeirah Living MG,"2,200","2,490","3,000","3,470","3,960","4,420","4,800",+78% (Since 2020),78,Marina,Waterfront/Luxury,25m,25m,Select Group,20m,,282,2016,0m,Marina,,Mid-Range,,Established,0.100963765,6.5,21,"2,500,000",Serviced Apt
The Torch,"1,100","1,170","1,300","1,410","1,530","1,640","1,730",+45% (Since 2020),45,Marina,High-Rise Urban,25m,25m,Select Group,20m,,284,2005,0m,Marina,,Unknown,,Established,0.063352695,6.5,12,Community,Apartments
No.9,"1,500","1,640","1,890","2,120","2,360","2,580","2,760",+65% (Since 2020),65,Marina,Waterfront/Urban,25m,25m,Select Group,20m,,285,2013,0m,Marina,,Mid-Range,,Established,0.081430315,6.5,12.98,"1,500,000",Apartments
Studio One,"1,450","1,600","1,860","2,100","2,350","2,580","2,760",+70% (Since 2020),70,Marina,Urban/Lifestyle,25m,25m,Select Group,20m,,283,2016,0m,Marina,,Affordable,,Established,0.083728788,6.5,13.5,"1,100,000",Apartments
Six Senses Palm,,,"5,500","7,070","8,650","10,250","11,500",+85%,85,Palm Jumeirah,Island/Luxury,35m,25m,Select Group,20m,,287,2022,10m,Palm,,Luxury,,Recently Delivered,0.153030689,5.5,55,"9,500,000",Branded Apt
Botanica,"1,300","1,400","1,570","1,720","1,880","2,030","2,140",+50% (Since 2020),50,Marina,High-Rise Urban,25m,25m,Select Group,20m,,286,2007,0m,Marina,,Unknown,,Established,0.066910433,6.5,13,Community,Apartments
Peninsula Three,,,"1,550","1,830","2,100","2,360","2,560",+48%,48,Business Bay,Waterfront/Urban,35m,15m,Select Group,5m,,290,2022,20m,Bus Bay,,Affordable,,Recently Delivered,0.104104895,,18,"1,400,000",Apartments
Peninsula One,,,"1,650","1,960","2,260","2,540","2,770",+65%,65,Business Bay,Waterfront/Urban,35m,15m,Select Group,5m,,288,2021,20m,Bus Bay,,Affordable,,Established,0.107096977,,18,"1,100,000",Apartments
Peninsula Two,,,"1,680","1,980","2,270","2,540","2,760",+62%,62,Business Bay,Waterfront/Urban,35m,15m,Select Group,5m,,289,2021,20m,Bus Bay,,Affordable,,Established,0.10265998,,18,"1,200,000",Apartments
Peninsula Four,,,"1,650","1,940","2,220","2,480","2,680",+42%,42,Business Bay,Waterfront/Urban,35m,15m,Select Group,5m,,291,2022,20m,Bus Bay,,Mid-Range,,Recently Delivered,0.098729815,,18,"2,100,000",Apartments
Jumeirah Living BB,,,"2,200","2,650","3,100","3,540","3,880",+55%,55,Business Bay,Waterfront/Luxury,35m,15m,Select Group,5m,,293,2022,20m,Bus Bay,,Mid-Range,,Recently Delivered,0.118755068,,28,"3,100,000",Branded Apt
Peninsula Five,,,"1,700","2,010","2,310","2,600","2,820",+45%,45,Business Bay,Waterfront/Urban,35m,15m,Select Group,5m,,292,2022,20m,Bus Bay,,Mid-Range,,Recently Delivered,0.104888782,,18,"1,900,000",Apartments
Nautica One,,,,"1,800","2,090","2,370","2,570",+32%,32,Maritime City,Waterfront/Urban,40m,15m,Select Group,15m,,294,2023,25m,Maritime,,Mid-Range,,Recently Delivered,0.108902643,6,17.5,"1,500,000",Apartments
Nautica Two,,,,"1,850","2,130","2,400","2,600",+30%,30,Maritime City,Waterfront/Urban,40m,15m,Select Group,15m,,295,2023,25m,Maritime,,Mid-Range,,Recently Delivered,0.104833597,6,17.5,"1,600,000",Apartments
Vela,,,,"6,500","7,830","9,120","10,080",+45%,45,Business Bay,Waterfront/Ultra,35m,15m,Omniyat,5m,,296,2023,20m,Bus Bay,,Ultra-Luxury,,Recently Delivered,0.134617258,,50,"30,000,000",Apartments
Vela Viento,,,,"6,800","8,060","9,290","10,170",+40%,40,Business Bay,Waterfront/Ultra,35m,15m,Omniyat,5m,,297,2023,20m,Bus Bay,,Ultra-Luxury,,Recently Delivered,0.123292749,,50,"21,000,000",Apartments
The Lana,"2,500","2,760","3,270","3,750","4,260","4,740","5,120",+75% (Since 2020),75,Business Bay,Waterfront/Ultra,35m,15m,Omniyat,5m,,298,2018,20m,Bus Bay,,Ultra-Luxury,,Established,0.096301936,,42,"21,000,000",Branded Apt
The Opus,"2,300","2,510","2,900","3,260","3,650","4,010","4,290",+55% (Since 2020),55,Business Bay,Iconic/Mixed,35m,15m,Omniyat,5m,,299,2008,20m,Bus Bay,,Mid-Range,,Established,0.084132126,,38,"3,500,000",Apartments
Orla,,,"4,500","5,510","6,550","7,570","8,340",+65%,65,Palm Jumeirah,Island/Ultra,35m,25m,Omniyat,20m,,300,2022,10m,Palm,,Ultra-Luxury,,Recently Delivered,0.128398176,5.5,48,"22,000,000",Apartments
Orla Infinity,,,,"5,800","6,870","7,930","8,680",+40%,40,Palm Jumeirah,Island/Ultra,35m,25m,Omniyat,20m,,301,2023,10m,Palm,,Ultra-Luxury,,Recently Delivered,0.124039295,5.5,52,"25,000,000",Apartments
One at Palm,"3,000","3,500","4,640","5,630","6,670","7,660","8,460",+110% (Since 2020),110,Palm Jumeirah,Island/Ultra,35m,25m,Omniyat,20m,,302,2014,10m,Palm,,Luxury,,Established,0.126217482,5.5,55,"15,000,000",Apartments
Anwa,"1,300","1,420","1,660","1,880","2,120","2,340","2,520",+70% (Since 2020),70,Maritime City,Waterfront/Urban,40m,15m,Al Hamra Prop.,15m,,304,2014,25m,Maritime,,Mid-Range,,Established,0.090265676,6,18,"1,500,000",Apartments
Anwa Aria,,,,"1,900","2,210","2,520","2,730",+35%,35,Maritime City,Waterfront/Urban,40m,15m,Omniyat,15m,,305,2023,25m,Maritime,,Mid-Range,,Recently Delivered,0.11143786,6,19.5,"1,900,000",Apartments
Ava at Palm,,,"7,000","8,440","9,830","11,190","12,250",+50%,50,Palm Jumeirah,Island/Ultra,35m,25m,Omniyat,20m,,303,2022,10m,Palm,,Ultra-Luxury,,Recently Delivered,0.116326631,5.5,60,"45,000,000",Apartments
W Residences,,,,,"3,200","3,650","3,940",+18%,18,Harbour,Waterfront/Resort,30m,25m,Arada,20m,,307,2024,5m,Harbour,,Mid-Range,,Under Construction / New,0.109617051,6,35,"4,100,000",Branded Apt
Armani Beach Res,,,,,"7,500","8,440","9,070",+15%,15,Palm Jumeirah,Island/Ultra,35m,25m,Arada,20m,,306,2024,10m,Palm,,Ultra-Luxury,,Under Construction / New,0.099696928,5.5,65,"21,000,000",Branded Apt
Jouri Hills,,,"1,450","1,720","1,990","2,240","2,440",+45%,45,JGE,Gated/Golf,20m,30m,Arada,25m,,308,2022,20m,JGE,,Mid-Range,,Recently Delivered,0.10730784,6.5,5.5,"3,900,000",Villas
South Garden,,,,,"1,400","1,570","1,670",+14%,14,Wasl Gate,Integrated Urban,15m,30m,Wasl Asset,25m,,309,2024,10m,Wasl Gate,,Affordable,,Under Construction / New,0.092179996,,14.5,"950,000",Apartments
Gardenia Townhomes,900,"1,000","1,210","1,410","1,610","1,800","1,950",+85% (Since 2020),85,Wasl Gate,Integrated Urban,15m,30m,Wasl Asset,25m,,311,2018,10m,Wasl Gate,,Mid-Range,,Established,0.100536289,,3.2,"1,800,000",Townhouses
Hillside Res,,,,"1,350","1,550","1,740","1,880",+28%,28,Wasl Gate,Integrated Urban,15m,30m,Wasl Asset,25m,,310,2023,10m,Wasl Gate,,Affordable,,Recently Delivered,0.101318857,,14.5,"900,000",Apartments
The Nook,850,940,"1,120","1,290","1,460","1,620","1,750",+75% (Since 2020),75,Wasl Gate,Integrated Urban,15m,30m,Wasl Asset,25m,,312,2018,10m,Wasl Gate,,Affordable,,Established,0.094819682,,13.5,"650,000",Apartments
1 Residences,,,"1,710","1,980","2,240","2,490","2,690",+55%,55,Wasl1,Urban/Park,35m,10m,Wasl Asset,5m,,314,2021,20m,Wasl1,,Affordable,,Established,0.095852571,,19.5,"1,400,000",Apartments
Park Gate Res,"1,300","1,430","1,690","1,940","2,190","2,420","2,600",+70% (Since 2020),70,Wasl1,Urban/Park,35m,10m,Wasl Asset,5m,,313,2017,20m,Wasl1,,Mid-Range,,Established,0.089593783,,18,"1,500,000",Apartments
Riviera Heights,,,,,"1,450","1,630","1,740",+14%,14,Meydan,Waterfront/Urban,30m,15m,Meydan,10m,,317,2024,20m,Meydan,,Affordable,,Under Construction / New,0.095445115,6.5,15,"1,200,000",Apartments
One B Tower,,,,,"2,200","2,430","2,580",+12%,12,Business Bay,High-Rise Urban,35m,15m,Wasl Asset,5m,,315,2024,20m,Bus Bay,,Mid-Range,,Under Construction / New,0.082925331,,22,"2,100,000",Apartments
Wasl Tower,"2,500","2,660","2,970","3,250","3,540","3,820","4,030",+40% (Since 2020),40,SZR,High-Rise Iconic,35m,15m,Wasl Asset,5m,,316,2016,20m,SZR,,Mid-Range,,Established,0.066966766,,30,"3,500,000",Mixed
Viewz,,,,"1,650","1,960","2,250","2,450",+42%,42,JLT,High-Rise Luxury,,,Danube Properties,,,320,2023,,JLT,,Affordable,,Recently Delivered,0.118033989,,18.5,"1,000,000",Apartments
Diamondz,,,,,"1,750","2,000","2,150",+16%,16,Uptown Dubai,High-Rise Modern,25m,25m,Danube Properties,20m,,319,2024,10m,Uptown,,Affordable,,Under Construction / New,0.108409414,6.5,16.5,"1,100,000",Apartments
Wasl 51,"1,800","1,950","2,250","2,530","2,830","3,100","3,310",+55% (Since 2020),55,Jumeirah,Boutique/Urban,35m,20m,Wasl Asset,10m,,318,2016,20m,Jumeirah,,Unknown,,Established,0.081485695,5,5.5,Community,Townhouses
Bayz 101,,,,,"1,900","2,190","2,370",+18%,18,Business Bay,High-Rise Modern,35m,15m,Danube Properties,5m,,321,2024,20m,Bus Bay,,Affordable,,Under Construction / New,0.116856491,,19,"1,200,000",Apartments
Oceanz,,,,"1,550","1,810","2,070","2,250",+38%,38,Maritime City,Waterfront/Resort,40m,15m,Danube Properties,15m,,323,2023,25m,Maritime,,Affordable,,Recently Delivered,0.114941219,6,17.5,"1,100,000",Apartments
Bayz 102,,,,,"1,350,000","2,050","2,160",+12%,12,Business Bay,High-Rise Modern,35m,15m,Danube Properties,5m,,322,2024,20m,Bus Bay,,Affordable,,Under Construction / New,,,19.5,"1,350,000",Apartments
Sportz,,,,"1,150","1,330","1,490","1,620",+35%,35,Sports City,Sports/Modern,20m,25m,Danube Properties,20m,,324,2023,15m,Sports City,900,Affordable,,Recently Delivered,0.103650811,8,13.5,"600,000",Apartments
Eleganz,,,,"1,250","1,410","1,560","1,670",+25%,25,JVC,Urban/Family,25m,25m,Danube Properties,20m,,325,2023,15m,JVC,,Affordable,,Recently Delivered,0.088300125,7.5,4.5,"1,400,000",Townhouses
Elitz 3,,,,"1,250","1,440","1,620","1,750",+32%,32,JVC,High-Rise Urban,25m,25m,Danube Properties,20m,,328,2023,15m,JVC,,Affordable,,Recently Delivered,0.10239638,7.5,14.5,"750,000",Apartments
Elitz 2,,,,"1,200","1,390","1,570","1,700",+35%,35,JVC,High-Rise Urban,25m,25m,Danube Properties,20m,,327,2023,15m,JVC,,Affordable,,Recently Delivered,0.105903062,7.5,14.5,"700,000",Apartments
Elitz 1,,,"1,100","1,300","1,500","1,690","1,840",+48%,48,JVC,High-Rise Urban,25m,25m,Danube Properties,20m,,326,2022,15m,JVC,,Affordable,,Recently Delivered,0.107549848,7.5,14.5,"650,000",Apartments
Pearlz,,,"1,190","1,380","1,570","1,750","1,890",+55%,55,Al Furjan,Suburban Urban,15m,30m,Danube Properties,25m,,331,2022,10m,Furjan,,Affordable,,Recently Delivered,0.097188068,7,14,"550,000",Apartments
Gemz,,,"1,100","1,300","1,500","1,690","1,830",+52%,52,Al Furjan,Suburban Urban,15m,30m,Danube Properties,25m,,330,2022,10m,Furjan,,Affordable,,Recently Delivered,0.104536102,7,14,"600,000",Apartments
Fashionz,,,,"1,300","1,480","1,650","1,770",+30%,30,JVC,Branded Urban,25m,25m,Danube Properties,20m,,329,2023,15m,JVC,,Affordable,,Recently Delivered,0.093593135,7.5,14.5,"850,000",Apartments
Opalz,,,"1,150","1,340","1,530","1,710","1,840",+48%,48,Science Park,Urban/Business,25m,25m,Danube Properties,20m,,332,2022,15m,Science Park,,Affordable,,Recently Delivered,0.096637761,7.5,14.5,"600,000",Apartments
Petalz,,,"1,050","1,220","1,380","1,540","1,650",+45%,45,Int. City,Community Urban,35m,15m,Danube Properties,20m,,333,2022,30m,Int. City,,Affordable,,Recently Delivered,0.093458812,,13.5,"500,000",Apartments
Skyz,,,"1,130","1,310","1,490","1,670","1,800",+65%,65,Arjan,Urban/Modern,20m,25m,Danube Properties,20m,,334,2021,15m,Arjan,,Affordable,,Established,0.099114958,7.5,14,"550,000",Apartments
Olivz,850,950,"1,130","1,300","1,460","1,610","1,730",+75%,75,Int. City,Community Urban,35m,15m,Danube Properties,20m,,335,2020,30m,Int. City,,Unknown,,Established,0.088545592,,13,"400,000",Apartments
Elz,900,"1,010","1,220","1,420","1,620","1,810","1,960",+85% (Since 2020),85,Arjan,Urban/Modern,20m,25m,Danube Properties,20m,,336,2019,15m,Arjan,,Unknown,,Established,0.099943882,7.5,13.5,"450,000",Apartments
Lawz,750,840,"1,010","1,170","1,330","1,480","1,600",+80% (Since 2020),80,Int. City,Community Urban,35m,15m,Danube Properties,20m,,337,2018,30m,Int. City,,Unknown,,Established,0.096816994,,12.5,"350,000",Apartments
Wavez,800,890,990,"1,140","1,290","1,430","1,540",+75% (Since 2020),75,Liwan,Suburban Urban,25m,20m,Danube Properties,15m,,339,2019,25m,Liwan,750,Unknown,,Established,0.092610841,7.5,12,"400,000",Apartments
Jewelz,850,950,"1,060","1,220","1,380","1,530","1,650",+78% (Since 2020),78,Arjan,Urban/Modern,20m,25m,Danube Properties,20m,,338,2018,15m,Arjan,,Affordable,,Established,0.093458812,7.5,13.5,"500,000",Apartments
Resortz,900,"1,000","1,110","1,270","1,430","1,580","1,700",+72% (Since 2020),72,Arjan,Theme/Modern,20m,25m,Danube Properties,20m,,340,2017,15m,Arjan,,Affordable,,Established,0.090326185,7.5,14,"550,000",Apartments
Miraclz,850,940,"1,040","1,190","1,340","1,480","1,580",+70% (Since 2020),70,Arjan,Urban/Modern,20m,25m,Danube Properties,20m,,341,2016,15m,Arjan,,Affordable,,Established,0.085865773,7.5,13.5,"500,000",Apartments
Binghatti Skyrise,,,,,"1,800","1,990","2,110",+12%,12,Business Bay,High-Rise Urban,35m,15m,Binghatti,5m,,342,2024,20m,Bus Bay,,Mid-Range,,Under Construction / New,0.082692118,,18,"2,200,000",Apartments
Binghatti Aquarise,,,,,"2,300,000","2,100","2,180",+8%,8,Business Bay,High-Rise Urban,35m,15m,Binghatti,5m,,343,2025,20m,Bus Bay,,Mid-Range,,Under Construction / New,,,18.5,"2,300,000",Apartments
Binghatti Ghost,,,,,"1,500","1,690","1,810",+15%,15,Al Jaddaf,Urban/Modern,35m,10m,Binghatti,10m,,344,2024,25m,Al Jaddaf,,Affordable,,Under Construction / New,0.098483804,7,14.5,"1,100,000",Apartments
Bugatti Residences,,,,"4,500","5,510","6,530","7,220",+45%,45,Business Bay,Ultra-Luxury,35m,15m,Binghatti,5m,,346,2023,20m,Bus Bay,,Luxury,,Recently Delivered,0.144702943,,50,"19,000,000",Branded Apt
One by Binghatti,,,,,"1,900","2,120","2,270",+14%,14,Business Bay,High-Rise Urban,35m,15m,Binghatti,5m,,345,2024,20m,Bus Bay,,Mid-Range,,Under Construction / New,0.093040183,,19,"2,500,000",Apartments
Jacob & Co Burj,,,"4,000","4,980","5,980","6,970","7,670",+55%,55,Business Bay,Ultra-Luxury,35m,15m,Binghatti,5m,,347,2022,20m,Bus Bay,,Luxury,,Recently Delivered,0.132523155,,55,"8,200,000",Penthouses
Trillionaire,,,,"2,100","2,450","2,790","3,030",+38%,38,Business Bay,Waterfront/Modern,35m,15m,Binghatti,5m,,348,2023,20m,Bus Bay,,Mid-Range,,Recently Delivered,0.11208574,,21,"1,600,000",Apartments
Binghatti Cullinan,,,,,"2,000","2,260","2,430",+15%,15,Business Bay,High-Rise Modern,35m,15m,Binghatti,5m,,350,2024,20m,Bus Bay,,Mid-Range,,Under Construction / New,0.102270384,,20,"2,100,000",Apartments
Mercedes-Benz,,,,,"4,200","4,850","5,260",+18%,18,Downtown,Ultra-Luxury,35m,15m,Binghatti,0m,,349,2024,20m,Downtown,,Luxury,,Under Construction / New,0.119098276,,45,"8,800,000",Branded Apt
Binghatti Hills 2,,,,,"1,150","1,340","1,460",+18%,18,Science Park,Low-Rise Urban,25m,25m,Binghatti,20m,,352,2024,15m,Science Park,,Affordable,,Under Construction / New,0.126749847,7.5,14,"890,000",Apartments
Binghatti Hills 1,,,,,"1,100","1,300","1,430",+22%,22,Science Park,Low-Rise Urban,25m,25m,Binghatti,20m,,351,2024,15m,Science Park,,Affordable,,Under Construction / New,0.140175425,7.5,14,"850,000",Apartments
Binghatti Galaxy 1,,,,,"1,250","1,450","1,570",+16%,16,JVC,Urban/Modern,25m,25m,Binghatti,20m,,355,2024,15m,JVC,,Affordable,,Under Construction / New,0.120714058,7.5,14.5,"850,000",Apartments
Binghatti Aurora,,,,,"1,180","1,340","1,440",+14%,14,JVC,Urban/Family,25m,25m,Binghatti,20m,,354,2024,15m,JVC,,Affordable,,Under Construction / New,0.104689541,7.5,14.5,"900,000",Apartments
Binghatti Royale,,,,,"1,200","1,370","1,480",+15%,15,JVC,Urban/Family,25m,25m,Binghatti,20m,,353,2024,15m,JVC,,Affordable,,Under Construction / New,0.110555417,7.5,14.5,"950,000",Apartments
Binghatti Galaxy 2,,,,,"1,280","1,460","1,570",+14%,14,JVC,Urban/Modern,25m,25m,Binghatti,20m,,356,2024,15m,JVC,,Affordable,,Under Construction / New,0.107502822,7.5,14.5,"880,000",Apartments
Binghatti Phoenix,,,,,"1,200","1,370","1,480",+15%,15,JVC,Urban/Modern,25m,25m,Binghatti,20m,,358,2024,15m,JVC,,Affordable,,Under Construction / New,0.110555417,7.5,14.5,"800,000",Apartments
Binghatti Phantom,,,,,"1,300","1,450","1,540",+12%,12,JVC,High-Rise Modern,25m,25m,Binghatti,20m,,357,2024,15m,JVC,,Affordable,,Under Construction / New,0.088400379,7.5,14.5,"950,000",Apartments
Binghatti Dawn,,,,,"890,000","1,320","1,390",+11%,11,JVC,Urban/Modern,25m,25m,Binghatti,20m,,360,2024,15m,JVC,,Affordable,,Under Construction / New,,7.5,14.5,"890,000",Apartments
Binghatti Twilight,,,,,"920,000","1,300","1,370",+10%,10,JVC,Urban/Modern,25m,25m,Binghatti,20m,,359,2024,15m,JVC,,Affordable,,Under Construction / New,,7.5,14.5,"920,000",Apartments
Binghatti House,,,,"1,200","1,400","1,600","1,740",+32%,32,JVC,Urban/High-Rise,25m,25m,Binghatti,20m,,361,2023,15m,JVC,,Affordable,,Recently Delivered,0.114835029,7.5,14.5,"750,000",Apartments
Azizi Venice (Master),,,,"1,400","1,660","1,920","2,100",+40%,40,Dubai South,Waterfront/Urban,5m,45m,Azizi Developments,45m,,362,2023,35m,Dubai South,850,Unknown,,Recently Delivered,0.124748968,7,14,Community,Mixed
Monaco Mansions,,,,,"2,200","2,500","2,690",+15%,15,Venice,Waterfront/Luxury,,,Azizi Developments,,,363,2024,,Venice,,Ultra-Luxury,,Under Construction / New,0.105769991,,6.5,"45,000,000",Luxury Villas
Riviera Phase 1,950,"1,070","1,290","1,510","1,730","1,930","2,090",+95% (Since 2020),95,Meydan,Waterfront/Urban,30m,15m,Azizi Developments,10m,,365,2017,20m,Meydan,,Affordable,,Established,0.099132606,6.5,15.5,"600,000",Apartments
Burj Azizi,,,,,"3,800","4,210","4,460",+12%,12,SZR,High-Rise Iconic,35m,15m,Azizi Developments,5m,,364,2024,20m,SZR,,Luxury,,Under Construction / New,0.083367071,,45,"15,000,000",Mixed
Riviera Phase 2,980,"1,090","1,300","1,510","1,710","1,900","2,050",+85% (Since 2020),85,Meydan,Waterfront/Urban,30m,15m,Azizi Developments,10m,,366,2018,20m,Meydan,,Affordable,,Established,0.094911142,6.5,15.5,"700,000",Apartments
Riviera Phase 4,,,"1,360","1,570","1,780","1,980","2,130",+55%,55,Meydan,Waterfront/Urban,30m,15m,Azizi Developments,10m,,368,2021,20m,Meydan,,Affordable,,Established,0.093905487,6.5,15.5,"900,000",Apartments
Riviera Phase 3,"1,000","1,110","1,310","1,500","1,690","1,870","2,000",+75% (Since 2020),75,Meydan,Waterfront/Urban,30m,15m,Azizi Developments,10m,,367,2019,20m,Meydan,,Affordable,,Established,0.087856586,6.5,15.5,"800,000",Apartments
Riviera Rêve,,,"1,500","1,750","2,000","2,240","2,420",+42%,42,Meydan,Waterfront/Luxury,30m,15m,Azizi Developments,10m,,369,2022,20m,Meydan,,Mid-Range,,Recently Delivered,0.1,6.5,18,"1,500,000",Apartments
Riviera Beachfront,,,"1,660","1,920","2,180","2,430","2,640",+48%,48,Meydan,Waterfront/Urban,30m,15m,Azizi Developments,10m,,370,2021,20m,Meydan,,Affordable,,Established,0.10045862,6.5,17.5,"1,200,000",Apartments
Azizi Vista,,,,"1,200","1,370","1,530","1,650",+25%,25,Studio City,Low-Rise Urban,20m,25m,Azizi Developments,20m,,371,2023,15m,Studio City,,Affordable,,Recently Delivered,0.097442282,7.5,14,"600,000",Apartments
Beach Oasis,,,"1,100","1,280","1,470","1,650","1,790",+38%,38,Studio City,Low-Rise Urban,20m,25m,Azizi Developments,20m,,372,2022,15m,Studio City,,Affordable,,Recently Delivered,0.103488593,7.5,14,"550,000",Apartments
Mina,"1,800","2,040","2,500","2,920","3,340","3,720","4,040",+90% (Since 2020),90,Palm Jumeirah,Island/Luxury,35m,25m,Azizi Developments,20m,,373,2016,10m,Palm,,Mid-Range,,Established,0.099809455,5.5,24,"2,500,000",Apartments
Tiger Sky Tower,,,,,"2,000","2,310","2,510",+18%,18,Business Bay,High-Rise Luxury,35m,15m,Tiger Properties,5m,,376,2024,20m,Bus Bay,,Mid-Range,,Under Construction / New,0.120267825,,22,"2,500,000",Apartments
Berton,900,980,"1,130","1,270","1,420","1,550","1,660",+65% (Since 2020),65,Al Furjan,Suburban Urban,15m,30m,Azizi Developments,25m,,374,2018,10m,Furjan,,Affordable,,Established,0.081209547,7,13.5,"700,000",Apartments
Aliyah,"1,200","1,300","1,480","1,650","1,830","1,990","2,110",+55% (Since 2020),55,Healthcare City,Urban/Modern,35m,10m,Azizi Developments,10m,,375,2016,25m,Health City,,Affordable,,Established,0.07378092,,16,"900,000",Apartments
Red Square,,,,"1,200","1,400","1,600","1,740",+35%,35,JVT,High-Rise Urban,20m,25m,Tiger Properties,20m,,378,2023,15m,JVT,,Affordable,,Recently Delivered,0.114835029,7,14,"600,000",Apartments
Nobles Tower,"1,300","1,430","1,690","1,950","2,210","2,460","2,650",+62%,62,Business Bay,High-Rise Urban,35m,15m,Tiger Properties,5m,,377,2020,20m,Bus Bay,,Mid-Range,,Established,0.095031973,,18.5,"1,600,000",Apartments
Lilium Tower,,,,"1,300","1,500","1,700","1,840",+32%,32,JVT,High-Rise Urban,20m,25m,Tiger Properties,20m,,380,2023,15m,JVT,,Affordable,,Recently Delivered,0.107549848,7,14.5,"650,000",Apartments
Renad Tower,,,,,"1,800","2,030","2,170",+15%,15,JVT,High-Rise Urban,50m,60m,Tiger Properties,60m,,379,2024,50m,Abu Dhabi/Mkt,,Affordable,,Under Construction / New,0.097977939,,18,"1,100,000",Apartments
Cloud Tower,,,"1,050","1,250","1,460","1,670","1,830",+52%,52,JVT,High-Rise Urban,20m,25m,Tiger Properties,20m,,382,2022,15m,JVT,,Affordable,,Recently Delivered,0.119564495,7,14.5,"500,000",Apartments
Neva Residences,,,,"1,150","1,340","1,530","1,670",+38%,38,JVC,High-Rise Urban,25m,25m,Tiger Properties,20m,,383,2023,15m,JVC,,Affordable,,Recently Delivered,0.116364034,7.5,14,"600,000",Apartments
Seslia Tower,,,"1,100","1,300","1,510","1,710","1,870",+48%,48,JVT,High-Rise Urban,20m,25m,Tiger Properties,20m,,381,2022,15m,JVT,,Affordable,,Recently Delivered,0.11283898,7,14.5,"550,000",Apartments
Al Tai,,,,,950,"1,050","1,110",+12%,12,Sharjah,Gated/Family,50m,30m,Tiger Properties,35m,,385,2024,45m,Sharjah/Tiger,,Affordable,,Under Construction / New,0.080935268,,2.5,"800,000",Villas
Faradis,,,,,"1,400","1,570","1,680",+14%,14,Al Mamzar,Waterfront/Urban,40m,15m,Tiger Properties,20m,,386,2024,35m,Al Mamzar,,Affordable,,Under Construction / New,0.095445115,,15,"1,200,000",Apartments
Elbrus Tower,,,,"1,200","1,390","1,580","1,710",+35%,35,JVT,High-Rise Urban,20m,25m,Tiger Properties,20m,,384,2023,15m,JVT,,Affordable,,Recently Delivered,0.109150949,7,14.5,"700,000",Apartments
Samana Barari Views,,,,"1,300","1,510","1,720","1,870",+32%,32,Al Barari,Nature/Resort,25m,20m,Samana,20m,,387,2023,25m,Barari,,Affordable,,Recently Delivered,0.11283898,6.5,16.5,"750,000",Apartments
Barari Lagoons,,,,,"1,400","1,610","1,740",+18%,18,Al Barari,Nature/Resort,25m,20m,Samana,20m,,388,2024,25m,Barari,,Affordable,,Under Construction / New,0.114835029,6.5,16.5,"850,000",Apartments
Ocean Bay,,,,,"1,750","2,020","2,200",+18%,18,Dubai Islands,Waterfront/Resort,45m,15m,Samana,20m,,391,2024,30m,Islands,,Affordable,,Under Construction / New,0.121223821,6,18.5,"1,400,000",Apartments
Ivy Gardens 2,,,,,"1,250","1,420","1,520",+15%,15,DLRC,Integrated Urban,25m,20m,Samana,20m,,390,2024,25m,DLRC,850,Affordable,,Under Construction / New,0.1027239,7.5,14.5,"700,000",Apartments
Ivy Gardens 1,,,,"1,100","1,300","1,500","1,640",+35%,35,DLRC,Integrated Urban,25m,20m,Samana,20m,,389,2023,25m,DLRC,850,Affordable,,Recently Delivered,0.123182292,7.5,14.08,"650,000",Apartments
California 1,,,,"1,250","1,460","1,670","1,810",+30%,30,Al Furjan,Suburban Urban,15m,30m,Samana,25m,,392,2023,10m,Furjan,,Affordable,,Recently Delivered,0.113429848,7,14.5,"750,000",Apartments
California 2,,,,,"1,300","1,480","1,590",+15%,15,Al Furjan,Suburban Urban,15m,30m,Samana,25m,,393,2024,10m,Furjan,,Affordable,,Under Construction / New,0.105928082,7,14.5,"800,000",Apartments
Miami 3,,,,"1,500","1,740","1,980","2,140",+30%,30,JVT,Urban/Modern,20m,25m,Samana,20m,,396,2023,15m,JVT,,Affordable,,Recently Delivered,0.109001829,7,15.5,"1,250,000",Apartments
Miami 1,,,"1,400","1,660","1,920","2,180","2,380",+42%,42,JVT,Urban/Modern,20m,25m,Samana,20m,,394,2022,15m,JVT,,Affordable,,Recently Delivered,0.113365768,7,15.5,"1,100,000",Apartments
Miami 2,,,"1,450","1,700","1,960","2,210","2,400",+38%,38,JVT,Urban/Modern,20m,25m,Samana,20m,,395,2022,15m,JVT,,Affordable,,Recently Delivered,0.10656667,7,15.5,"1,200,000",Apartments
Mykonos Signature,,,,"1,250","1,440","1,630","1,760",+28%,28,Studio City,Theme/Modern,20m,25m,Samana,20m,,398,2023,15m,Studio City,,Affordable,,Recently Delivered,0.105541597,7.5,14.5,"850,000",Apartments
Mykonos,,,,"1,200","1,420","1,640","1,800",+35%,35,Studio City,Theme/Modern,20m,25m,Samana,20m,,397,2023,15m,Studio City,,Affordable,,Recently Delivered,0.125879938,7.5,14.5,"750,000",Apartments
Portofino,,,,"1,200","1,390","1,560","1,690",+32%,32,Production City,Integrated Urban,20m,30m,Samana,25m,,400,2023,15m,Production,850,Affordable,,Recently Delivered,0.102645609,8,14.5,"700,000",Apartments
Santorini,,,"1,100","1,310","1,530","1,750","1,920",+45%,45,Studio City,Theme/Modern,20m,25m,Samana,20m,,399,2022,15m,Studio City,,Affordable,,Recently Delivered,0.120224067,7.5,14.5,"650,000",Apartments
Manhattan,,,,"1,250","1,460","1,670","1,810",+35%,35,JVC,Urban/Modern,25m,25m,Samana,20m,,401,2023,15m,JVC,,Affordable,,Recently Delivered,0.113429848,7.5,14.36,"750,000",Apartments
Skyros,,,,"1,150","1,370","1,590","1,730",+38%,38,Arjan,Urban/Modern,20m,25m,Samana,20m,,402,2023,15m,Arjan,,Affordable,,Recently Delivered,0.123732051,7.5,14,"650,000",Apartments
Samana Ibiza,,,,,"1,250","1,380","1,460",+12%,12,DLRC,Integrated Urban,25m,20m,Samana,20m,,404,2024,25m,DLRC,850,Affordable,,Under Construction / New,0.080740487,7.5,14.5,"720,000",Apartments
Lake Views,,,,,"1,200","1,360","1,460",+15%,15,Production City,Integrated Urban,20m,30m,Samana,25m,,403,2024,15m,Production,850,Affordable,,Under Construction / New,0.103026141,8,14.5,"700,000",Apartments
Samana Rome,,,,,"1,100,000","1,450","1,520",+14%,14,Meydan,Urban/Modern,30m,15m,Samana,10m,,405,2024,20m,Meydan,,Affordable,,Under Construction / New,,6.5,14.5,"1,100,000",Apartments
Samana Avenue,,,,,"690,000","1,280","1,340",+15%,15,DLRC,Integrated Urban,25m,20m,Samana,20m,,406,2024,25m,DLRC,850,Affordable,,Under Construction / New,,7.5,14.5,"690,000",Apartments
MAG City,950,"1,070","1,310","1,540","1,770","1,980","2,150",+90% (Since 2020),90,Meydan,Gated/Urban,30m,15m,Mag Group,10m,,408,2019,20m,Meydan,,Affordable,,Established,0.102129423,6.5,15.5,"750,000",Mixed
Keturah Reserve,,,"2,100","2,610","3,130","3,640","4,020",+55%,55,Meydan,Wellness/Luxury,30m,15m,Mag Group,10m,,407,2022,20m,Meydan,,Luxury,,Recently Delivered,0.133289481,6.5,5.5,"10,000,000",Luxury Villas
MAG Park,,,"1,250","1,480","1,710","1,920","2,090",+45%,45,Meydan,Gated/Urban,30m,15m,Mag Group,10m,,409,2022,20m,Meydan,,Luxury,,Recently Delivered,0.105541597,6.5,4.5,"8,500,000",Townhouses
Keturah Resort,,,"4,500","5,690","6,840","7,990","8,890",+60%,60,Creekside,Wellness/Ultra,35m,15m,Mag Group,10m,,410,2022,25m,Creekside,,Ultra-Luxury,,Recently Delivered,0.140047193,,35,"21,000,000",Branded Apt
Ritz-Carlton,,,,"5,500","6,520","7,530","8,300",+42%,42,Creekside,Wellness/Ultra,35m,15m,Mag Group,10m,,411,2023,25m,Creekside,,Ultra-Luxury,,Recently Delivered,0.128275735,,55,"25,000,000",Mansions
MAG 777,,,,,"1,200","1,360","1,460",+15%,15,Sports City,Urban/Modern,20m,25m,Mag Group,20m,,412,2024,15m,Sports City,900,Affordable,,Under Construction / New,0.103026141,8,14.5,"900,000",Apartments
MBL Residence,"1,250","1,370","1,590","1,790","2,000","2,200","2,350",+65% (Since 2020),65,JLT,Urban/High-Rise,,,Mag Group,,,414,2017,,JLT,,Affordable,,Established,0.083974169,,16.5,"1,100,000",Apartments
MAG 330,,,"1,100","1,280","1,470","1,640","1,770",+42%,42,City of Arabia,Urban/Modern,25m,20m,Mag Group,20m,,413,2022,25m,City of Arabia,,Affordable,,Recently Delivered,0.097306535,,14.5,"650,000",Apartments
MBL Royal,,,"1,450","1,690","1,930","2,160","2,340",+38%,38,JLT,Urban/High-Rise,,,Mag Group,,,415,2022,,JLT,,Affordable,,Recently Delivered,0.101106368,,16.5,"1,400,000",Apartments
MBL Signature,,,,,"1,700","1,910","2,040",+15%,15,JLT,Urban/High-Rise,,,Mag Group,,,416,2024,,JLT,,Mid-Range,,Under Construction / New,0.095445115,,16.5,"1,650,000",Apartments
MAG 318,"1,350","1,470","1,690","1,900","2,110","2,300","2,450",+55% (Since 2020),55,Business Bay,Urban/High-Rise,35m,15m,Mag Group,5m,,417,2017,20m,Bus Bay,,Affordable,,Established,0.077560876,,18.5,"1,200,000",Apartments
Mar Casa,,,,"1,800","2,100","2,410","2,620",+35%,35,Maritime City,Waterfront/Modern,40m,15m,Deyaar,15m,,419,2023,25m,Maritime,,Affordable,,Recently Delivered,0.116968687,6,19.5,"1,300,000",Apartments
MAG 218,"1,150","1,220","1,360","1,490","1,620","1,750","1,850",+35% (Since 2020),35,Marina,High-Rise Urban,25m,25m,Mag Group,20m,,418,2005,0m,Marina,,Unknown,,Established,0.068632448,6.5,16.1,Community,Apartments
Regalia,,,"1,780","2,110","2,440","2,750","3,000",+58%,58,Business Bay,High-Rise Luxury,35m,15m,Deyaar,5m,,420,2021,20m,Bus Bay,,Affordable,,Established,0.108831906,,21,"1,100,000",Apartments
Midtown (Master),850,910,"1,040","1,160","1,290","1,410","1,500",+50% (Since 2020),50,Production City,Integrated Urban,20m,30m,Deyaar,25m,,421,2015,15m,IMPZ,,Unknown,,Established,0.078327732,,11.5,Community,Apartments
Jannat,,,,"1,150","1,330","1,500","1,620",+30%,30,Midtown,Integrated Urban,,,Deyaar,,,422,2023,,Midtown,,Affordable,,Recently Delivered,0.103650811,,12,"850,000",Apartments
Millennium Talia,,,,"1,350","1,540","1,720","1,850",+25%,25,Al Furjan,Suburban Luxury,15m,30m,Deyaar,25m,,425,2023,10m,Furjan,,Affordable,,Recently Delivered,0.096037728,7,18.5,"1,100,000",Serviced Apt
Rosalia Residences,,,,,"1,300","1,500","1,630",+18%,18,Al Furjan,Suburban Urban,15m,30m,Deyaar,25m,,423,2024,10m,Furjan,,Affordable,,Under Construction / New,0.11975272,7,14.5,"900,000",Apartments
Amalia Residences,,,"1,150","1,340","1,530","1,710","1,850",+32%,32,Al Furjan,Suburban Urban,15m,30m,Deyaar,25m,,424,2022,10m,Furjan,,Affordable,,Recently Delivered,0.099613717,7,14.5,"850,000",Apartments
Fia,,,,,"1,250","1,410","1,510",+15%,15,Town Square,Integrated Urban,25m,30m,Nshama,25m,,427,2024,25m,Town Square,950,Affordable,,Under Construction / New,0.099090533,7,13.5,"880,000",Apartments
Town Square,750,840,"1,050","1,240","1,440","1,620","1,770",+95% (Since 2020),95,Al Qudra Rd,Master Community,25m,25m,Nshama,25m,,426,2015,25m,Dubailand,,Unknown,,Established,0.108677891,7,3.5,Community,Mixed
Ayala,,,,"1,150","1,360","1,560","1,700",+28%,28,Town Square,Integrated Urban,25m,30m,Nshama,25m,,429,2023,25m,Town Square,950,Affordable,,Recently Delivered,0.118033989,7,13.5,"850,000",Apartments
Symphony,,,,"1,200","1,430","1,650","1,810",+32%,32,Town Square,Integrated Urban,25m,30m,Nshama,25m,,430,2023,25m,Town Square,950,Affordable,,Recently Delivered,0.125048562,7,13.5,"800,000",Apartments
Elaya,,,,,"1,280","1,430","1,530",+14%,14,Town Square,Integrated Urban,25m,30m,Nshama,25m,,428,2024,25m,Town Square,950,Affordable,,Under Construction / New,0.09330348,7,13.5,"900,000",Apartments
Aroha,,,,,"1,350","1,490","1,580",+12%,12,Town Square,Integrated Urban,25m,30m,Nshama,25m,,431,2024,25m,Town Square,950,Affordable,,Under Construction / New,0.081836573,7,13.5,"950,000",Apartments
The Hamilton,,,,"1,150","1,340","1,520","1,650",+30%,30,Town Square,Integrated Urban,25m,30m,Nshama,25m,,432,2023,25m,Town Square,950,Affordable,,Recently Delivered,0.109659084,7,13.5,"800,000",Apartments
The Diplomat,,,"1,050","1,240","1,430","1,610","1,760",+42%,42,Town Square,Integrated Urban,25m,30m,Nshama,25m,,434,2022,25m,Town Square,950,Affordable,,Recently Delivered,0.109400392,7,13.5,"750,000",Apartments
Holland Gardens,,,,"1,200","1,380","1,550","1,670",+25%,25,Town Square,Integrated Urban,25m,30m,Nshama,25m,,433,2023,25m,Town Square,950,Affordable,,Recently Delivered,0.100065874,7,13.5,"850,000",Apartments
Liva,,,"1,100","1,310","1,530","1,740","1,910",+48%,48,Town Square,Integrated Urban,25m,30m,Nshama,25m,,435,2022,25m,Town Square,950,Affordable,,Recently Delivered,0.117303009,7,13.5,"550,000",Apartments
Zahra,880,990,"1,230","1,460","1,700","1,920","2,100",+88% (Since 2020),88,Town Square,Integrated Urban,25m,30m,Nshama,25m,,438,2015,25m,Town Square,950,Affordable,,Established,0.11143786,7,13.5,"600,000",Apartments
Una,900,"1,010","1,240","1,460","1,680","1,890","2,060",+85% (Since 2020),85,Town Square,Integrated Urban,25m,30m,Nshama,25m,,436,2018,25m,Town Square,950,Affordable,,Established,0.107334853,7,13.5,"500,000",Apartments
Rawda,Zahra,850,950,"1,150","1,340","1,530","1,710",+80% (Since 2020),80,Nshama,Apartments,25m,30m,Zahra,25m,,437,2016,25m,Town Square,950,Affordable,,Established,0.12965455,7,"1,850","650,000",Town Square
Hayat,920,"1,040","1,310","1,570","1,840","2,090","2,300",+92% (Since 2020),92,Town Square,Integrated Urban,25m,30m,Nshama,25m,,439,2015,25m,Town Square,950,Affordable,,Established,0.118033989,7,3.5,"1,100,000",Townhouses
Verdana Phase 1,,,"1,150","1,360","1,570","1,770","1,930",+45%,45,DIP,Integrated Urban,15m,35m,Reportage,30m,,440,2022,20m,DIP,800,Affordable,,Recently Delivered,0.108737734,7.5,3.5,"1,200,000",Townhouses
Verdana Phase 4,,,,"1,300","1,490","1,660","1,780",+28%,28,DIP,Integrated Urban,15m,35m,Reportage,30m,,443,2023,20m,DIP,800,Affordable,,Recently Delivered,0.092991707,7.5,3.5,"1,400,000",Townhouses
Verdana Phase 3,,,,"1,250","1,460","1,660","1,800",+35%,35,DIP,Integrated Urban,15m,35m,Reportage,30m,,442,2023,20m,DIP,800,Affordable,,Recently Delivered,0.110349815,7.5,3.5,"1,300,000",Townhouses
Verdana Phase 2,,,"1,180","1,380","1,590","1,780","1,930",+42%,42,DIP,Integrated Urban,15m,35m,Reportage,30m,,441,2022,20m,DIP,800,Affordable,,Recently Delivered,0.101742474,7.5,3.5,"1,250,000",Townhouses
Verdana Phase 5,,,,,"1,350","1,520","1,620",+15%,15,DIP,Integrated Urban,15m,35m,Reportage,30m,,444,2024,20m,DIP,800,Mid-Range,,Under Construction / New,0.095445115,7.5,3.5,"1,500,000",Townhouses
Rukan Lofts,750,830,990,"1,150","1,310","1,460","1,580",+75% (Since 2020),75,Dubailand,Gated/Family,25m,25m,Reportage,25m,,445,2018,25m,Dubailand,,Affordable,,Established,0.09822897,7,3.2,"800,000",Townhouses
Rukan Tower,800,900,"1,100","1,300","1,510","1,710","1,870",+85% (Since 2020),85,Dubailand,Gated/Family,25m,25m,Reportage,25m,,446,2019,25m,Dubailand,,Unknown,,Established,0.11283898,7,12.5,"450,000",Apartments
Alexis Tower,850,940,"1,110","1,270","1,430","1,580","1,700",+70% (Since 2020),70,Downtown Jebel Ali,Urban/Modern,15m,35m,Reportage,30m,,449,2019,15m,Jebel Ali,900,Affordable,,Established,0.090326185,7,13.5,"500,000",Apartments
Taormina Village,,,,,"1,450","1,670","1,810",+18%,18,Dubailand,Gated/Family,25m,25m,Reportage,25m,,448,2024,25m,Dubailand,,Mid-Range,,Under Construction / New,0.117262665,7,3.8,"1,700,000",Townhouses
Bianchi,,,,"1,200","1,390","1,580","1,710",+32%,32,Dubailand,Gated/Family,25m,25m,Reportage,25m,,447,2023,25m,Dubailand,,Mid-Range,,Recently Delivered,0.109150949,7,3.5,"1,600,000",Townhouses
The Gate,800,870,"1,000","1,120","1,250","1,360","1,450",+55%,55,Masdar City,Urban/Sustain,50m,60m,Reportage,60m,,450,2020,50m,Masdar/City,,Affordable,,Established,0.077032961,,14.5,"600,000",Apartments
LIV LUX,,,"2,100","2,610","3,120","3,630","4,000",+55%,55,Marina,High-Rise Luxury,25m,25m,LIV Developers,20m,,451,2022,0m,Marina,,Mid-Range,,Recently Delivered,0.132277034,6.5,25,"2,100,000",Apartments
LIV Residence,"1,400","1,560","1,880","2,170","2,480","2,770","3,000",+75% (Since 2020),75,Marina,Waterfront/Modern,25m,25m,LIV Developers,20m,,453,2016,0m,Marina,,Affordable,,Established,0.099853363,6.5,22,"1,400,000",Apartments
LIV Waterside,,,,"2,300","2,690","3,070","3,340",+35%,35,Marina,Waterfront/Luxury,25m,25m,LIV Developers,20m,,454,2023,0m,Marina,,Mid-Range,,Recently Delivered,0.114287076,6.5,25,"2,500,000",Luxury Villas
LIV Marina,,,"2,020","2,390","2,770","3,120","3,410",+60%,60,Marina,High-Rise Urban,25m,25m,LIV Developers,20m,,452,2022,0m,Marina,,Mid-Range,,Recently Delivered,0.109525543,6.5,24,"1,600,000",Apartments
LIV Maritime,,,,,"1,850","2,140","2,330",+18%,18,Maritime City,Waterfront/Modern,40m,15m,LIV Developers,15m,,455,2024,25m,Maritime,,Mid-Range,,Under Construction / New,0.122256414,6,22,"1,800,000",Apartments
LIV Oceanside,,,,,"1,950","2,210","2,380",+15%,15,Maritime City,Waterfront/Modern,40m,15m,LIV Developers,15m,,456,2024,25m,Maritime,,Mid-Range,,Under Construction / New,0.10476822,6,22,"1,950,000",Apartments
Nordic,,,,,"1,600","1,780","1,900",+14%,14,Al Barsha,Boutique/Luxury,25m,20m,Nordic Homeworx,15m,,457,2024,10m,Barsha,,Affordable,,Under Construction / New,0.089724736,7,5.5,"1,200,000",Villas
New York,,,,,"1,200","1,350","1,450",+15%,15,Dubai South,Theme/Integrated,5m,45m,Damac Properties,45m,,459,2024,35m,Dubai South,850,Affordable,,Under Construction / New,0.099242163,7,14.5,"800,000",Mixed
Hollywood,,,,"1,100","1,260","1,410","1,520",+28%,28,Dubai South,Theme/Integrated,5m,45m,Damac Properties,45m,,458,2023,35m,Dubai South,850,Affordable,,Recently Delivered,0.098339295,7,14.5,"750,000",Mixed
Terra Golf Collection,,,,"1,450","1,690","1,930","2,110",+35%,35,JGE,Gated/Golf,20m,30m,Taraf,25m,,461,2023,20m,JGE,,Luxury,,Recently Delivered,0.117372234,6.5,5.5,"7,200,000",Villas
Terrazzo,,,,"1,300","1,500","1,700","1,840",+32%,32,JVC,Urban/Lifestyle,25m,25m,Taraf,20m,,462,2023,15m,JVC,,Affordable,,Recently Delivered,0.107549848,7.5,14.5,"900,000",Apartments
Luce,,,,"3,200","3,790","4,370","4,810",+40%,40,Palm Jumeirah,Island/Luxury,35m,25m,Taraf,20m,,460,2023,10m,Palm,,Luxury,,Recently Delivered,0.126556385,5.5,32,"12,000,000",Apartments
Karl Lagerfeld,,,,,"2,800","3,150","3,390",+15%,15,MBR City,Ultra-Luxury,30m,15m,Taraf,10m,,464,2024,20m,MBR City,,Luxury,,Under Construction / New,0.100324627,6,6.5,"15,000,000",Luxury Villas
Cello,,,,,"1,250","1,440","1,560",+18%,18,JVC,Urban/Lifestyle,25m,25m,Taraf,20m,,463,2024,15m,JVC,,Affordable,,Under Construction / New,0.117139204,7.5,14.5,"850,000",Apartments
Muraba Residences,"1,600","1,800","2,240","2,620","3,000","3,350","3,630",+85% (Since 2020),85,Palm Jumeirah,Island/Boutique,35m,25m,Muraba,20m,,465,2014,10m,Palm,,Luxury,,Established,0.1,5.5,22,"5,500,000",Apartments
Eywa,,,,"3,500","4,150","4,790","5,250",+35%,35,Business Bay,Wellness/Ultra,35m,15m,R.Evolution,5m,,468,2023,20m,Bus Bay,,Luxury,,Recently Delivered,0.124748968,,38,"11,000,000",Apartments
Muraba Dia,,,,,"12,000,000",,"3,200",+2%,2,Dubai Canal,Waterfront/Luxury,,,Muraba,,,467,2026,,Dubai Canal,,Luxury,,Under Construction / New,,,32,"12,000,000",Apartments
Muraba Veil,,,,,"3,500","3,870","4,100",+12%,12,SZR,Iconic/Urban,35m,15m,Muraba,5m,,466,2024,20m,SZR,,Luxury,,Under Construction / New,0.082325539,,35,"18,000,000",Apartments
The Fields,850,940,"1,110","1,270","1,430","1,580","1,700",+70% (Since 2020),70,MBR City,Gated/Family,30m,15m,G&Co,10m,,470,2016,20m,MBR City,,Unknown,,Established,0.090326185,6,3.8,Community,Townhouses
Eywa 2,,,,,"14,000,000",,"4,200",+1%,1,Business Bay,Wellness/Ultra,35m,15m,R.Evolution,5m,,469,2026,20m,Bus Bay,,Luxury,,Under Construction / New,,,40,"14,000,000",Apartments
Elie Saab TH,,,"1,450","1,720","1,980","2,220","2,410",+48%,48,MBR City,Branded/Gated,30m,15m,G&Co,10m,,471,2022,20m,MBR City,,Mid-Range,,Recently Delivered,0.103255055,6,4.2,"3,800,000",Townhouses
Grand Views,"1,000","1,130","1,420","1,690","1,970","2,220","2,430",+90% (Since 2020),90,Meydan,Gated/Luxury,30m,15m,G&Co,10m,,472,2014,20m,Meydan,,Mid-Range,,Established,0.110631594,6.5,4.5,"4,200,000",Villas
Millennium Estates,"1,100","1,240","1,520","1,780","2,040","2,280","2,470",+80% (Since 2020),80,Meydan,Gated/Luxury,30m,15m,G&Co,10m,,473,2013,20m,Meydan,,Luxury,,Established,0.100356448,6.5,4.8,"8,500,000",Villas
ZāZEN Gardens,,,"1,100","1,300","1,500","1,690","1,840",+45%,45,Al Furjan,Wellness/Suburban,15m,30m,ZāZEN Prop.,25m,,475,2022,10m,Furjan,,Affordable,,Recently Delivered,0.107549848,7,14.5,"900,000",Apartments
ZāZEN One,,,"1,160","1,380","1,600","1,800","1,970",+65%,65,JVC,Urban/Lifestyle,25m,25m,ZāZEN Prop.,20m,,474,2021,15m,JVC,,Affordable,,Established,0.109617051,7.5,13.5,"950,000",Apartments
ZāZEN Ivy,,,,,"1,350","1,520","1,630",+15%,15,Al Furjan,Wellness/Suburban,15m,30m,ZāZEN Prop.,25m,,476,2024,10m,Furjan,,Affordable,,Under Construction / New,0.098820917,7,14.5,"980,000",Apartments
FH Residency,,,,,"1,100","1,230","1,300",+14%,14,JVT,Urban/Modern,20m,25m,Forum Group,20m,,478,2024,15m,JVT,,Affordable,,Under Construction / New,0.087114613,7,14.5,"650,000",Apartments
Beach Walk,,,,,"2,200","2,520","2,780",+18%,18,Dubai Islands,Waterfront/Urban,45m,15m,Imtiaz,20m,,479,2024,30m,Islands,,Mid-Range,,Under Construction / New,0.124115814,6,20,"2,200,000",Apartments
XXII Carat,"3,000","3,550","4,920","6,020","7,150","8,190","9,050",+110% (Since 2020),110,Palm Jumeirah,Island/Ultra,35m,25m,Forum Group,20m,,477,2015,10m,Palm,,Ultra-Luxury,,Established,0.125048562,5.5,65,"42,000,000",Luxury Villas
Luxor,,,,"1,250","1,440","1,630","1,760",+30%,30,JVC,Urban/Modern,25m,25m,Imtiaz,20m,,480,2023,15m,JVC,,Affordable,,Recently Delivered,0.105541597,7.5,14.5,"850,000",Apartments
Pearl House,,,,"1,300","1,520","1,730","1,880",+35%,35,JVC,Urban/Modern,25m,25m,Imtiaz,20m,,481,2023,15m,JVC,,Affordable,,Recently Delivered,0.112134032,7.5,14.5,"800,000",Apartments
Westwood,,,"1,150","1,360","1,570","1,770","1,930",+42%,42,Al Furjan,Suburban Urban,15m,30m,Imtiaz,25m,,484,2022,10m,Furjan,,Affordable,,Recently Delivered,0.108737734,7,14.5,"850,000",Apartments
Cove Edition 2,,,,,"1,800","2,020","2,170",+15%,15,Dubai Creek,Waterfront/Urban,35m,15m,Imtiaz,10m,,483,2024,25m,Creek Harbour,,Mid-Range,,Under Construction / New,0.097977939,6,19.5,"1,800,000",Apartments
Cove,"1,250","1,410","1,720","2,040","2,380","2,680","2,930",+85% (Since 2020),85,Dubai Creek,Waterfront/Urban,35m,15m,Imtiaz,10m,,482,2017,25m,Creek Harbour,,Affordable,,Established,0.10954605,6,18.5,"1,100,000",Apartments
Yorkville,,,,,"1,250","1,440","1,560",+15%,15,JVC,Urban/Modern,25m,25m,Imtiaz,20m,,486,2024,15m,JVC,,Affordable,,Under Construction / New,0.117139204,7.5,14.5,"900,000",Apartments
Westwood Grande,,,"1,200","1,410","1,610","1,810","1,950",+38%,38,Al Furjan,Suburban Urban,15m,30m,Imtiaz,25m,,485,2022,10m,Furjan,,Affordable,,Recently Delivered,0.100536289,7,14.5,"950,000",Apartments
Peace Lagoons 1,,,,,"1,250","1,440","1,550",+15%,15,Dubailand,Resort/Lagoon,25m,20m,Peace Prop.,20m,,488,2024,25m,DLRC,850,Affordable,,Under Construction / New,0.113552873,7.5,16.5,"750,000",Apartments
Peace Lagoons 2,,,,,"1,300","1,440","1,520",+12%,12,Dubailand,Resort/Lagoon,25m,20m,Peace Prop.,20m,,489,2024,25m,DLRC,850,Affordable,,Under Construction / New,0.081309747,7.5,16.5,"800,000",Apartments
Le Blanc,,,,,"1,350","1,500","1,580",+12%,12,JVC,Urban/Modern,25m,25m,Imtiaz,20m,,487,2024,15m,JVC,,Affordable,,Under Construction / New,0.081836573,7.5,14.5,"1,200,000",Apartments
Sky Living,,,,,"1,200","1,340","1,430",+14%,14,JVC,Urban/Modern,25m,25m,Peace Prop.,20m,,490,2024,15m,JVC,,Affordable,,Under Construction / New,0.09163486,7.5,14.5,"900,000",Apartments
Sky Suites,,,,,"1,300","1,430","1,510",+12%,12,JVC,Urban/Modern,25m,25m,Peace Prop.,20m,,491,2024,15m,JVC,,Affordable,,Under Construction / New,0.077746938,7.5,14.5,"1,100,000",Apartments
Sky Vista,,,,,"1,250,000","1,350","1,410",+10%,10,JVC,Urban/Modern,25m,25m,Peace Prop.,20m,,492,2024,15m,JVC,,Affordable,,Under Construction / New,,7.5,14.5,"1,250,000",Apartments
Empire Livings,,,,,"1,350","1,550","1,690",+18%,18,Science Park,Urban/Modern,25m,25m,Empire,20m,,494,2024,15m,Science Park,,Affordable,,Under Construction / New,0.118861856,7.5,14.5,"900,000",Apartments
Empire Suites,,,,"1,250","1,450","1,650","1,790",+32%,32,JVC,Urban/Modern,25m,25m,Empire,20m,,493,2023,15m,JVC,,Affordable,,Recently Delivered,0.111072796,7.5,14.5,"950,000",Apartments
Empire Estates,,,,,"1,050,000","1,450","1,520",+12%,12,Arjan,Urban/Modern,20m,25m,Empire,20m,,495,2024,15m,Arjan,,Affordable,,Under Construction / New,,7.5,14.5,"1,050,000",Apartments
RA1N,,,,"1,250","1,440","1,630","1,760",+30%,30,JVC,Urban/Modern,25m,25m,Object 1,20m,,496,2023,15m,JVC,,Affordable,,Recently Delivered,0.105541597,7.5,14.5,"950,000",Apartments
F1FTY ONE,,,,"1,800","2,100","2,410","2,620",+32%,32,Business Bay,Urban/Modern,35m,15m,Object 1,5m,,497,2023,20m,Bus Bay,,Affordable,,Recently Delivered,0.116968687,,20,"1,400,000",Apartments
W1NNER,,,,,"1,500","1,720","1,870",+18%,18,JVT,Urban/Modern,20m,25m,Object 1,20m,,498,2024,15m,JVT,,Affordable,,Under Construction / New,0.116542282,7,14.5,"800,000",Apartments
WOODV1TE,,,,,"1,450","1,620","1,720",+14%,14,JVC,Urban/Modern,25m,25m,Object 1,20m,,500,2024,15m,JVC,,Affordable,,Under Construction / New,0.089131258,7.5,14.5,"900,000",Apartments
LUM1NAR1,,,,,"1,550","1,750","1,870",+15%,15,JVT,Urban/Modern,20m,25m,Object 1,20m,,499,2024,15m,JVT,,Affordable,,Under Construction / New,0.098385913,7,14.5,"850,000",Apartments
RTETR1S,,,,,"1,400","1,570","1,660",+12%,12,JVC,Urban/Modern,20m,8m,Object 1,25m,+12%,501,2024,25m,JVC,,Affordable,,Under Construction / New,0.088905086,14.5,14.5,"880,000",Apartments
VERDAN1A,,,,,"920,000","1,550","1,620",+10%,10,JVC,Urban/Modern,20m,8m,Object 1,25m,+10%,502,2024,25m,JVC,,Affordable,,Under Construction / New,,14.5,14.5,"920,000",Apartments
Torino,,,"1,000","1,250","1,500","1,740","1,920",+55%,55,Arjan,Urban/Modern,5m,8m,ORO24,25m,+10.5%,503,2022,25m,Arjan,,Affordable,,Recently Delivered,0.13137085,14,14,"550,000",Apartments
Levanto,,,"1,100","1,340","1,590","1,830","2,010",+48%,48,JVC,Urban/Modern,8m,8m,ORO24,25m,+9.8%,504,2022,25m,JVC,,Affordable,,Recently Delivered,0.124344673,14.5,14.5,"600,000",Apartments
Elano,,,,"1,200","1,420","1,640","1,790",+35%,35,Arjan,Urban/Modern,5m,8m,ORO24,25m,+9.5%,505,2023,25m,Arjan,,Affordable,,Recently Delivered,0.122748138,14,14,"650,000",Apartments
Albert,,,,,"1,150","1,320","1,430",+15%,15,Dubailand,Gated/Family,15m,15m,ORO24,30m,+7%,507,2024,25m,Dubailand,,Affordable,,Under Construction / New,0.115113564,3.5,3.5,"1,100,000",Townhouses
Kyoto,,,,"1,250","1,460","1,650","1,790",+30%,30,Arjan,Urban/Modern,5m,8m,ORO24,25m,+8.8%,506,2023,25m,Arjan,,Affordable,,Recently Delivered,0.107261215,14,14,"750,000",Apartments
Wadi,,,,,"1,200","1,340","1,430",+14%,14,Dubailand,Gated/Family,15m,15m,ORO24,30m,+6.8%,508,2024,25m,Dubailand,,Affordable,,Under Construction / New,0.09163486,3.5,3.5,"1,200,000",Townhouses
Mimeo,,,,,"1,250","1,380","1,460",+12%,12,Dubailand,Gated/Family,15m,15m,ORO24,30m,+6%,509,2024,25m,Dubailand,,Affordable,,Under Construction / New,0.080740487,3.5,3.5,"1,150,000",Townhouses
Fortunato,750,800,890,980,"1,060","1,150","1,210",+40% (Since 2020),40,JVC,Community,8m,8m,Various,25m,+5.2%,511,2008,25m,JVC,,Unknown,,Established,0.068414449,14.36,14.36,Community,Mixed
Nagoya,,,,,"1,300,000","1,300","1,360",+10%,10,Dubailand,Gated/Family,15m,15m,ORO24,30m,+4.8%,510,2024,25m,Dubailand,,Affordable,,Under Construction / New,,3.5,3.5,"1,300,000",Townhouses
Franck Muller Van.,,,,,"2,400","2,760","3,010",+18%,18,Dubai Marina,High-Rise Luxury,5m,8m,London Gate,30m,+8.8%,513,2024,35m,Marina,,Mid-Range,,Under Construction / New,0.119895828,30,30,"2,100,000",Apartments
Franck Muller Aet.,,,,,"2,500","2,910","3,190",+20%,20,Dubai Marina,High-Rise Luxury,5m,8m,London Gate,30m,+9.5%,512,2024,35m,Marina,,Mid-Range,,Under Construction / New,0.1296017,30,30,"2,400,000",Apartments
Nadine 2,,,,,"1,350","1,520","1,630",+15%,15,Al Furjan,Suburban Urban,8m,8m,London Gate,35m,+7%,516,2024,15m,Furjan,,Affordable,,Under Construction / New,0.098820917,14.5,14.5,"900,000",Apartments
Nadine 1,,,,"1,300","1,490","1,670","1,800",+28%,28,Al Furjan,Suburban Urban,8m,8m,London Gate,35m,+7.8%,515,2023,15m,Furjan,,Affordable,,Recently Delivered,0.099114958,14.5,14.5,"850,000",Apartments
Maya V,,,,"1,250","1,460","1,660","1,810",+32%,32,JVT,Urban/Modern,8m,8m,London Gate,25m,+8.5%,514,2023,25m,JVT,,Affordable,,Recently Delivered,0.113429848,14.5,14.5,"650,000",Apartments
The Muse,,,,"1,200","1,390","1,570","1,700",+30%,30,JVC,Urban/Modern,8m,8m,London Gate,25m,+8%,518,2023,25m,JVC,,Affordable,,Recently Delivered,0.105903062,14.5,14.5,"750,000",Apartments
Lilian,,,,,"1,400","1,550","1,640",+12%,12,JVC,Urban/Modern,8m,8m,London Gate,25m,+6%,517,2024,25m,JVC,,Affordable,,Under Construction / New,0.082325539,14.5,14.5,"880,000",Apartments
Palm Signature,,,,"3,500","4,500","5,510","6,290",+40%,40,Palm Jumeirah,Ultra-Luxury,10m,10m,Various,30m,+14.2%,521,2023,40m,Palm,,Ultra-Luxury,,Recently Delivered,0.182276523,7.5,7.5,"45,000,000",Luxury Villas
Regent Residences,,,,,"2,200","2,530","2,750",+18%,18,Business Bay,Waterfront/Luxury,5m,8m,Sankari,15m,+8.8%,520,2024,40m,Bus Bay,,Mid-Range,,Under Construction / New,0.118033989,22,22,"3,500,000",Apartments
One Sankari,,,,,"4,500","5,060","5,440",+15%,15,Business Bay,Ultra-Luxury,5m,8m,Sankari,15m,+7.5%,519,2024,40m,Bus Bay,,Ultra-Luxury,,Under Construction / New,0.099494833,45,45,"35,000,000",Penthouses
Seven Palm,"1,500","1,690","2,070","2,460","2,860","3,220","3,510",+85% (Since 2020),85,Palm Jumeirah,Waterfront/Resort,10m,10m,Seven Tides,30m,+9.2%,522,2017,40m,Palm,,Affordable,,Established,0.107823419,22,22,"1,100,000",Apartments
Anantara Palm Res,"2,200","2,560","3,390","4,150","4,930","5,640","6,230",+110% (Since 2020),110,Palm Jumeirah,Resort/Luxury,10m,10m,Seven Tides,30m,+10.5%,523,2010,40m,Palm,,Unknown,,Established,0.12414042,32,32,Community,Serviced Apt
Dukes The Palm,"1,800","2,010","2,380","2,720","3,090","3,420","3,690",+75% (Since 2020),75,Palm Jumeirah,Resort/Luxury,10m,10m,Seven Tides,30m,+7.8%,524,2013,40m,Palm,,Unknown,,Established,0.092783033,30,30,Community,Serviced Apt
Oceana,"1,700","1,950","2,500","2,990","3,500","3,970","4,380",+95% (Since 2020),95,Palm Jumeirah,Waterfront/Family,10m,10m,Seven Tides,30m,+10.2%,525,2005,40m,Palm,,Unknown,,Established,0.118672683,24,24,Community,Apartments
Seven City,900,"1,040","1,270","1,510","1,750","1,970","2,150",+85%,85,JLT,Urban/Golf,8m,10m,Seven Tides,30m,+9.2%,526,2020,25m,JLT,,Affordable,,Established,0.108409414,16,16,"500,000",Apartments
Banyan Tree Res,"1,600","1,760","2,090","2,390","2,710","3,000","3,240",+65% (Since 2020),65,JLT,Urban/Resort,8m,10m,SWEID & SWEID,30m,+7.8%,527,2016,25m,JLT,,Mid-Range,,Established,0.093422131,20,20,"2,100,000",Apartments
The Edge,,,,"1,600","1,900","2,190","2,400",+35%,35,Business Bay,Urban/Modern,5m,8m,Select Group,15m,+9.5%,528,2023,40m,Bus Bay,,Affordable,,Recently Delivered,0.123902974,19.5,19.5,"1,200,000",Apartments
Ritz-Carlton Res,,,,,"4,500","5,020","5,360",+14%,14,Business Bay,Waterfront/Ultra,5m,8m,Khamas Group,15m,+6.8%,531,2024,40m,Bus Bay,,Luxury,,Under Construction / New,0.09138037,45,45,"6,500,000",Branded Apt
The 47th,,,,,"1,500","1,690","1,810",+15%,15,Al Jaddaf,Urban/Modern,5m,10m,Various,12m,+7%,529,2024,45m,Jaddaf,,Affordable,,Under Construction / New,0.098483804,16.5,16.5,"1,300,000",Apartments
6 Falak,,,,,"2,000","2,200","2,330",+12%,12,Knowledge Village,Business/Urban,5m,5m,Various,25m,+5.8%,530,2024,30m,Knowledge V.,,Mid-Range,,Under Construction / New,0.079351657,20,20,"2,500,000",Mixed
Marriott Res JVC,,,,"1,350","1,580","1,810","1,970",+35%,35,JVC,Urban/Family,8m,8m,Various,25m,+9%,533,2023,25m,JVC,,Affordable,,Recently Delivered,0.116617859,18,18,"950,000",Branded Apt
Autograph S,,,,,"1,500","1,780","1,940",+18%,18,JVC,Urban/Modern,25m,25m,Various,20m,,534,2024,15m,JVC,,Affordable,,Under Construction / New,0.137248141,7.5,15.5,"1,100,000",Apartments
Mama Residences,,,"2,200","2,610","3,030","3,440","3,760",+42%,42,Business Bay,Lifestyle Urban,5m,8m,Khamas Group,15m,+9.2%,532,2022,40m,Bus Bay,,Affordable,,Recently Delivered,0.113967725,28,28,"1,400,000",Branded Apt
Autograph X,,,,,"1,550","1,750","1,880",+15%,15,JVC,Urban/Modern,25m,25m,Various,20m,,535,2024,15m,JVC,,Affordable,,Under Construction / New,0.101318857,7.5,15.5,"1,250,000",Apartments
Autograph I,,,,,"1,400,000","1,600","1,680",+12%,12,JVC,Urban/Modern,25m,25m,Various,20m,,536,2024,15m,JVC,,Affordable,,Under Construction / New,,7.5,15.5,"1,400,000",Apartments
Paradise Lakes,350,360,390,420,450,470,490,+25% (Since 2020),25,Emirates City,Economy/Suburban,50m,40m,Various,45m,+3.8%,537,2008,55m,Emirates City,490,Unknown,,Established,0.04349839,8.5,8.5,Community,Apartments
Helvetia Marine,,,,,"1,800","2,060","2,240",+18%,18,Maritime City,Waterfront/Modern,8m,10m,Various,15m,+8.5%,539,2024,50m,Maritime,,Mid-Range,,Under Construction / New,0.115546702,18.5,18.5,"1,750,000",Apartments
Helvetia Res,,,,,"1,350","1,520","1,630",+15%,15,JVC,Urban/Modern,25m,25m,Various,20m,,538,2024,15m,JVC,,Affordable,,Under Construction / New,0.098820917,7.5,14.5,"850,000",Apartments
Verve City Walk,,,,,"2,100","2,360","2,530",+15%,15,City Walk,Urban/Lifestyle,5m,8m,Meraas,15m,+7.2%,542,2024,40m,City Walk,,Mid-Range,,Under Construction / New,0.097616465,22,22,"2,200,000",Apartments
Helvetia Verde,,,,,"920,000","1,450","1,520",+12%,12,JVC,Urban/Modern,8m,8m,Various,25m,+5.2%,540,2024,25m,JVC,,Affordable,,Under Construction / New,,14.5,14.5,"920,000",Apartments
City Walk (1-20),"1,700","1,900","2,290","2,650","3,030","3,380","3,660",+80% (Since 2020),80,City Walk,Urban/Lifestyle,5m,8m,Meraas,15m,+8.5%,541,2014,40m,City Walk,,Unknown,,Established,0.099054499,21,21,Community,Apartments
Northline 1,,,,,"1,950","2,250","2,440",+18%,18,City Walk,Urban/Lifestyle,35m,15m,Meraas,5m,,543,2024,20m,City Walk,,Mid-Range,,Under Construction / New,0.118607193,6,20,"1,900,000",Apartments
Northline 2,,,,,"2,050","2,340","2,530",+15%,15,City Walk,Urban/Lifestyle,35m,15m,Meraas,5m,,544,2024,20m,City Walk,,Mid-Range,,Under Construction / New,0.110921393,6,20,"2,100,000",Apartments
Central Park Plaza,,,"2,180","2,520","2,850","3,160","3,400",+25%,25,City Walk,Urban/Lifestyle,5m,8m,Meraas,15m,+9.5%,546,2023,40m,City Walk,,Mid-Range,,Recently Delivered,0.092237363,22,20,"2,500,000",Apartments
Crestlane (1-5),,,,"2,400","2,840","3,270","3,580",+14%,14,City Walk,Urban/Lifestyle,35m,15m,Meraas,5m,,545,2024,20m,City Walk,,Mid-Range,,Under Construction / New,0.122748138,6,22,"2,050,000",Apartments
MJL Nourelle,,,"1,800","2,170","2,530","2,890","3,170",+45%,45,MJL,Pedestrian/Resort,5m,5m,Meraas,25m,+9.8%,547,2022,35m,MJL,,Mid-Range,,Recently Delivered,0.119358936,18,18,"1,800,000",Apartments
MJL Elara (A-C),,,,"2,000","2,450","2,900","3,240",+28%,28,MJL,Pedestrian/Resort,5m,5m,Meraas,25m,+11.8%,549,2023,35m,MJL,,Mid-Range,,Recently Delivered,0.149977817,19,19,"2,100,000",Apartments
MJL Riwa (1-3),,,,,"2,200","2,470","2,650",+15%,15,MJL,Pedestrian/Resort,5m,5m,Meraas,25m,+7.2%,548,2024,35m,MJL,,Mid-Range,,Under Construction / New,0.097517861,19,19,"2,300,000",Apartments
MJL Jadeel (1-2),,,"1,750","2,190","2,650","3,130","3,490",+55%,55,MJL,Pedestrian/Resort,5m,5m,Meraas,25m,+11.5%,551,2022,35m,MJL,,Mid-Range,,Recently Delivered,0.147597984,18,18,"1,600,000",Apartments
MJL Jomana (1-8),,,,"2,100","2,610","3,140","3,530",+35%,35,MJL,Pedestrian/Resort,5m,5m,Meraas,25m,+12.5%,550,2023,35m,MJL,,Mid-Range,,Recently Delivered,0.162966217,19,19,"1,900,000",Apartments
MJL Asayel (1-3),"1,500","1,740","2,300","2,790","3,300","3,780","4,160",+105% (Since 2020),105,MJL,Pedestrian/Resort,5m,5m,Meraas,25m,+10.2%,552,2019,35m,MJL,,Affordable,,Established,0.122767144,17.5,17.5,"1,400,000",Apartments
MJL Rahal (1-2),"1,450","1,690","2,260","2,780","3,320","3,830","4,260",+115% (Since 2020),115,MJL,Pedestrian/Resort,5m,5m,Meraas,25m,+11.2%,553,2018,35m,MJL,,Affordable,,Established,0.1327544,17.5,17.5,"1,300,000",Apartments
MJL Lamtara (1-3),"1,480","1,720","2,290","2,790","3,310","3,810","4,220",+110% (Since 2020),110,MJL,Pedestrian/Resort,5m,5m,Meraas,25m,+10.8%,554,2019,35m,MJL,,Affordable,,Established,0.129125534,17.5,17.5,"1,450,000",Apartments
Solaya,,,,,"1,600","1,800","1,930",+15%,15,Dubailand,Nature/Gated,15m,15m,Meraas,30m,+7.2%,556,2024,25m,Dubailand,,Luxury,,Under Construction / New,0.098294132,3.5,3.5,"7,500,000",Villas
Bulgari Ocean,,,"5,500","7,450","9,600","11,760","13,580",+95%,95,Port de La Mer,Waterfront/Resort,10m,10m,Meraas,18m,+15.5%,557,2021,45m,Jumeirah Bay,,Ultra-Luxury,,Established,0.189362574,60,60,"45,000,000",Apartments
Jumeirah Asora Bay,,,,,"4,500,000","4,500","4,750",+12%,12,Jumeirah,Waterfront/Boutique,10m,10m,Meraas,15m,+5.5%,555,2025,50m,La Mer,,Mid-Range,,Under Construction / New,,25,25,"4,500,000",Apartments
The Edit at d3,,,,,"1,900","2,140","2,290",+15%,15,Jumeirah Bay,Ultra-Luxury,10m,10m,Meraas,15m,+7.2%,559,2024,45m,d3,,Mid-Range,,Under Construction / New,0.097844779,20,20,"2,000,000",Apartments
Atélis at d3,,,,,"2,200,000","2,100","2,180",+8%,8,Jumeirah Bay,Ultra-Luxury,10m,10m,Meraas,15m,+4%,560,2025,45m,d3,,Mid-Range,,Under Construction / New,,20,20,"2,200,000",Mansions
Bluewaters (1-10),"2,400","2,840","3,940","4,890","5,910","6,850","7,620",+125% (Since 2020),125,Port de La Mer,Waterfront/Luxury,5m,10m,Meraas,30m,+11.2%,558,2015,40m,Bluewaters,,Unknown,,Established,0.135491128,28,28,Community,Townhouses
NAS Gardens (1-11),,,"1,250","1,480","1,710","1,940","2,110",+55%,55,Jumeirah Bay,Ultra-Luxury,10m,10m,Meraas,15m,+9%,561,2022,40m,Nad Al Sheba,,Unknown,,Recently Delivered,0.110818675,4.5,4.5,Community,Luxury Villas
The Acres (1-3),,,,"1,250","1,470","1,700","1,870",+35%,35,Bluewaters,Island/Luxury,12m,15m,Meraas,28m,+10%,562,2023,28m,Dubailand,,Unknown,,Recently Delivered,0.127878027,4.2,4.2,Community,Apartments
Marina Res (1-6),"1,250","1,430","1,840","2,180","2,530","2,870","3,140",+95% (Since 2020),95,d3,Urban/Creative,10m,10m,Meraas,30m,+9.5%,565,2006,40m,Palm,,Unknown,,Established,0.114049693,18.5,18.5,Community,Apartments
Shoreline (1-20),"1,200","1,400","1,900","2,320","2,770","3,200","3,550",+115% (Since 2020),115,Bluewaters,Island/Luxury,10m,10m,Meraas,30m,+10.8%,563,2003,40m,Palm,,Unknown,,Established,0.132072634,17.5,17.5,Community,Apartments
Golden Mile (1-10),"1,100","1,240","1,550","1,810","2,080","2,330","2,520",+85% (Since 2020),85,d3,Urban/Creative,10m,10m,Meraas,30m,+8.2%,564,2004,40m,Palm,,Unknown,,Established,0.100699079,18,18,Community,Apartments
Palm Central Res,,,,,"2,500,000","2,500","2,650",+12%,12,Jebel Ali,Island/Luxury,20m,45m,Nakheel,45m,+6.2%,568,2025,15m,Palm Jebel Ali,,Mid-Range,,Under Construction / New,,22,22,"2,500,000",Villas
The Palm Crown,,,,,"3,500","3,940","4,240",+15%,15,d3,Urban/Creative,10m,10m,Meraas,30m,+7.5%,566,2024,40m,Palm,,Ultra-Luxury,,Under Construction / New,0.100649159,6.5,6.5,"25,000,000",Apartments
Palm Jebel Ali Fronds,,,,"2,800","3,600","4,410","5,050",+65%,65,Jebel Ali,Island/Luxury,20m,45m,Nakheel,,,567,2023,,Palm Jebel Ali,,Unknown,,Recently Delivered,0.1843892,5.5,6,Community,Villas
Bay Grove (1-15),,,,,"2,000","2,310","2,520",+18%,18,Dubai Islands,Waterfront/Resort,50m,15m,Nakheel,15m,+9%,569,2024,50m,Dubai Islands,,Unknown,,Under Construction / New,0.122497216,20,20,Community,Apartments
District One West,,,,"1,800","2,200","2,610","2,920",+45%,45,MBR City,Gated/Lagoon,40m,18m,Nakheel,20m,+11.8%,570,2023,35m,MBR City,,Luxury,,Recently Delivered,0.15207323,5.5,5.5,"7,500,000",Apartments
Lagoon Views,,,,,"1,900","2,190","2,390",+18%,18,MBR City,Gated/Lagoon,40m,18m,Nakheel,20m,+9%,571,2024,35m,MBR City,,Mid-Range,,Under Construction / New,0.121559065,20,20,"1,700,000",Townhouses
Masakin Al Furjan,950,"1,030","1,190","1,340","1,500","1,640","1,750",+60% (Since 2020),60,Al Furjan,Suburban Urban,15m,35m,Nakheel,35m,+6.5%,573,2007,15m,Al Furjan,,Unknown,,Established,0.08012345,11.5,11.5,Community,Apartments
District 11 Opal,,,"1,300","1,540","1,790","2,030","2,220",+42%,42,MBR City,Gated/Family,45m,20m,Nakheel,,,572,2022,,MBR City,,Mid-Range,,Recently Delivered,0.113653206,6,4.2,"4,200,000",Apartments
Discovery Gdns (6),650,680,750,820,880,950,990,+45% (Since 2020),45,Discovery Gdns,Low-Rise Family,20m,35m,Nakheel,35m,+5.2%,575,2004,20m,Discovery Gdns,990,Unknown,,Established,0.060660172,12.5,12.5,Community,High-End Apt
Int. City Precincts,450,470,510,550,590,620,650,+35% (Since 2020),35,Int. City,Economy/Urban,40m,12m,Nakheel,15m,+4.2%,574,2002,50m,International City,650,Unknown,,Established,0.049616556,7,7,Community,Apartments
Jebel Ali Village,,,"1,100","1,300","1,520","1,730","1,900",+65%,65,Jebel Ali,Gated/Family,15m,40m,Nakheel,35m,+9.8%,576,2021,10m,Jebel Ali Village,,Mid-Range,,Established,0.118033989,3.5,3.5,"4,200,000",Apartments
Badrah,450,460,490,520,550,570,590,+30% (Since 2020),30,Waterfront,Economy/Urban,15m,45m,Nakheel,40m,+3.2%,577,2008,10m,Waterfront,590,Unknown,,Established,0.035725481,6.5,6.5,Community,Mixed
Veneto,900,940,"1,040","1,130","1,220","1,310","1,380",+40% (Since 2020),40,Waterfront,Luxury Villas,15m,45m,Nakheel,40m,+5.5%,578,2008,10m,Waterfront,,Unknown,,Established,0.063554202,6.5,6.5,Community,Luxury Villas
Emaar South Ph 4,,,,,"1,100","1,220","1,290",+12%,12,Emaar South,Gated/Golf,8m,45m,Emaar Properties,45m,+6.2%,581,2024,8m,Emaar South,,Affordable,,Under Construction / New,0.082925331,3.2,3.2,"1,250,000",Apartments
Vincitore Aqua Flora,,,,,"1,400","1,660","1,830",+22%,22,Science Park,Resort/Urban,30m,25m,Vincitore,,,579,2024,,Science Park,,Affordable,,Under Construction / New,0.143303484,7.5,14.5,"750,000",Luxury Villas
Hartland II Ph 3,,,,,"1,900","2,140","2,300",+15%,15,Hartland II,Waterfront/Urban,40m,12m,Sobha Realty,12m,+7.5%,580,2024,45m,Hartland II,,Mid-Range,,Under Construction / New,0.100239208,16.5,16.5,"1,600,000",Apartments
Azizi Venice Res 2,,,,,"1,450","1,670","1,810",+18%,18,Dubai South,Waterfront/Urban,7m,45m,Azizi Developments,45m,+8.8%,584,2024,10m,Dubai South,,Affordable,,Under Construction / New,0.117262665,14,14,"620,000",Apartments
Samana Skyros 2,,,,,"1,250","1,410","1,520",+15%,15,Arjan,Urban/Modern,30m,25m,Samana,25m,+7.5%,582,2024,25m,Arjan,,Affordable,,Under Construction / New,0.1027239,14,14,"680,000",Villas
Azizi Venice Res 1,,,,"1,350","1,600","1,850","2,030",+35%,35,Dubai South,Waterfront/Urban,7m,45m,Azizi Developments,45m,+9.5%,583,2023,10m,Dubai South,,Affordable,,Recently Delivered,0.126388033,14,14,"600,000",Branded Apt
Azizi Venice Res 3,,,,,"1,500","1,690","1,820",+15%,15,Dubai South,Waterfront/Urban,7m,45m,Azizi Developments,45m,+7.5%,585,2024,10m,Dubai South,,Affordable,,Under Construction / New,0.101514109,14,14,"650,000",Luxury Villas
Azizi Venice Res 4,,,,,"1,550","1,710","1,820",+12%,12,Dubai South,Waterfront/Urban,7m,45m,Azizi Developments,45m,+6.2%,586,2024,10m,Dubai South,,Affordable,,Under Construction / New,0.083602117,14,14,"680,000",Apartments
Damac Islands Ph 1,,,,,"1,300","1,500","1,640",+18%,18,Dubailand,Gated/Water,20m,35m,Damac Properties,35m,+9%,588,2024,25m,Damac Islands,,Mid-Range,,Under Construction / New,0.123182292,4.2,4.2,"2,200,000",Villas
Damac Islands Ph 2,,,,,"2,350,000","1,400","1,490",+12%,12,Dubailand,Gated/Water,20m,35m,Damac Properties,35m,+6.2%,589,2025,25m,Damac Islands,,Mid-Range,,Under Construction / New,,4.2,4.2,"2,350,000",Townhouses
Azizi Venice Res 5,,,,,"1,600","1,730","1,820",+10%,10,Dubai South,Waterfront/Urban,7m,45m,Azizi Developments,45m,+5%,587,2024,10m,Dubai South,,Affordable,,Under Construction / New,0.06653645,14,14,"710,000",Villas
Damac Islands Ph 3,,,,,"2,500,000","1,450","1,510",+8%,8,Dubailand,Gated/Water,20m,35m,Damac Properties,35m,+4%,590,2025,25m,Damac Islands,,Mid-Range,,Under Construction / New,,4.2,4.2,"2,500,000",Apartments
Binghatti Hills Ph 3,,,,,"920,000","1,250","1,330",+12%,12,Science Park,High-Rise Urban,30m,25m,Binghatti,,,592,2025,,Science Park,,Affordable,,Under Construction / New,,7.5,14,"920,000",Apartments
Shoba Elwood Ph 2,,,,,"8,200,000","1,550","1,630",+10%,10,Dubailand,Nature/Gated,30m,30m,Sobha Realty,30m,+5%,591,2025,30m,Shoba Elwood,,Luxury,,Under Construction / New,,3.8,3.8,"8,200,000",Apartments
Beachfront Ph 5,,,,,"3,500,000","3,100","3,330",+15%,15,Harbour,Island/Luxury,40m,30m,Emaar Properties,20m,+7.5%,593,2025,45m,Emaar Beachfront,,Mid-Range,,Under Construction / New,,21,21,"3,500,000",Villas
The Valley Ph 3,,,,,"3,200,000",,"1,500",+2%,2,The Valley,Gated/Family,45m,25m,Emaar Properties,30m,Launch,594,2026,30m,The Valley,,Mid-Range,,Under Construction / New,,3,3,"3,200,000",Villas
Grand Polo Selvara 5,,,,,"6,800,000",,"1,700",+1%,1,Emaar South,Gated/Golf,8m,45m,Emaar Properties,,,595,2026,,Grand Polo Club,,Luxury,,Under Construction / New,,,4.8,"6,800,000",Villas
Rashid Yachts Ph 8,,,,,"2,800,000",,"2,500",+2%,2,Port Rashid,Waterfront/Urban,50m,15m,Emaar Properties,15m,Launch,596,2026,50m,Rashid Yachts,,Mid-Range,,Under Construction / New,,18.5,18.5,"2,800,000",Mixed
Binghatti Heights,650000.0,680000.0,750000.0,820000.0,877500.0,,,35,35,Jumeirah Village Circle,Gated Residential,29m,23m,Binghatti Developers,22m,35,1,2020,18m,JVC,850,Affordable,,Completed 2023,,6.2,12.0,650000.0,Apartments
Binghatti Emerald,720000.0,750000.0,820000.0,900000.0,950400.0,,,32,32,Jumeirah Village Circle,Mixed-Use,29m,23m,Binghatti Developers,22m,32,2,2021,18m,JVC,920,Affordable,,Completed 2024,,6.5,13.0,720000.0,Apartments/Offices
Binghatti House,,,570000.0,620000.0,650000.0,712500.0,,25,25,Jumeirah Village Circle,Mixed-Use,29m,23m,Binghatti Developers,22m,25,4,2023,18m,JVC,880,Affordable,,Completed 2024,,6.4,12.0,570000.0,Apartments/Offices
Binghatti Corner,680000.0,710000.0,780000.0,850000.0,884000.0,,,30,30,Jumeirah Village Circle,Gated Residential,29m,23m,Binghatti Developers,22m,30,3,2021,18m,JVC,900,Affordable,,Completed 2024,,6.3,12.0,680000.0,Apartments
Waves,1800000.0,1950000.0,2100000.0,2340000.0,2556000.0,,,42,42,Mohammed Bin Rashid City,Waterfront/Luxury,35m,20m,Sobha Realty,12m,42,5,2021,25m,Sobha Hartland,1650,Luxury,,Completed 2023,,5.8,18.0,1800000.0,Apartments
Hartland Greens 1,1200000.0,1350000.0,1500000.0,1680000.0,1920000.0,1980000.0,,65,65,Mohammed Bin Rashid City,Waterfront,35m,20m,Sobha Realty,12m,65,6,2015,25m,Sobha Hartland,1400,Mid-Range,,Completed 2018,,6.2,16.0,1200000.0,Apartments
Hartland Greens 2,1250000.0,1400000.0,1550000.0,1725000.0,1975000.0,2025000.0,,62,62,Mohammed Bin Rashid City,Waterfront,35m,20m,Sobha Realty,12m,62,7,2016,25m,Sobha Hartland,1420,Mid-Range,,Completed 2019,,6.1,16.0,1250000.0,Apartments
Hartland Greens 3,1200000.0,1350000.0,1500000.0,1680000.0,1920000.0,1956000.0,,63,63,Mohammed Bin Rashid City,Waterfront,35m,20m,Sobha Realty,12m,63,8,2015,25m,Sobha Hartland,1400,Mid-Range,,Completed 2018,,6.2,16.0,1200000.0,Apartments
Hartland Greens 4,1250000.0,1400000.0,1550000.0,1725000.0,1950000.0,2000000.0,,60,60,Mohammed Bin Rashid City,Waterfront,35m,20m,Sobha Realty,12m,60,9,2016,25m,Sobha Hartland,1420,Mid-Range,,Completed 2019,,6.1,16.0,1250000.0,Apartments
Quad Homes Phase 1,2500000.0,2800000.0,3100000.0,3450000.0,3850000.0,3950000.0,,58,58,Mohammed Bin Rashid City,Waterfront/Gated,35m,20m,Sobha Realty,12m,58,10,2016,25m,Sobha Hartland,1550,Luxury,,Completed 2018,,5.5,20.0,2500000.0,Townhouses
Waves Grande,,,2200000.0,2420000.0,2860000.0,3036000.0,,38,38,Mohammed Bin Rashid City,Waterfront/Luxury,35m,20m,Sobha Realty,12m,38,11,2022,25m,Sobha Hartland,1680,Luxury,,Completed 2023,,5.7,18.0,2200000.0,Apartments
Hartland Greens 5,,,1350000.0,1500000.0,1890000.0,1957500.0,,45,45,Mohammed Bin Rashid City,Waterfront,35m,20m,Sobha Realty,12m,45,12,2019,25m,Sobha Hartland,1450,Mid-Range,,Completed 2021,,6,16.0,1350000.0,Apartments
Hartland Greens 6,,,1350000.0,1500000.0,1890000.0,1944000.0,,44,44,Mohammed Bin Rashid City,Waterfront,35m,20m,Sobha Realty,12m,44,13,2019,25m,Sobha Hartland,1450,Mid-Range,,Completed 2021,,6,16.0,1350000.0,Apartments
Serena at Casa Dora,1850000.0,2050000.0,2300000.0,2590000.0,2775000.0,2867500.0,,55,55,Arabian Ranches,Gated/Community,25m,35m,Emaar Properties,30m,55,14,2020,35m,Arabian Ranches 3,1200,Mid-Range,,Completed 2022,,5.2,15.0,1850000.0,Villas
Camelia at Arabian Ranches 3,1900000.0,2100000.0,2350000.0,2640000.0,2808000.0,2888000.0,,52,52,Arabian Ranches,Gated/Community,25m,35m,Emaar Properties,30m,52,15,2020,35m,Arabian Ranches 3,1220,Mid-Range,,Completed 2022,,5.3,15.0,1900000.0,Townhouses
Creek Gate Tower,1600000.0,1850000.0,2100000.0,2400000.0,2656000.0,2688000.0,,68,68,Dubai Creek Harbour,Waterfront,40m,15m,Emaar Properties,15m,68,17,2019,25m,Dubai Creek Harbour,1580,Mid-Range,,Completed 2022,,6,17.0,1600000.0,Apartments
Joy at Arabian Ranches 3,2100000.0,2300000.0,2550000.0,2835000.0,3024000.0,3108000.0,,48,48,Arabian Ranches,Gated/Community,25m,35m,Emaar Properties,30m,48,16,2021,35m,Arabian Ranches 3,1250,Mid-Range,,Completed 2023,,5.1,15.0,2100000.0,Villas
Creek Horizon Tower 1,1750000.0,2000000.0,2250000.0,2590000.0,2800000.0,2835000.0,,62,62,Dubai Creek Harbour,Waterfront,40m,15m,Emaar Properties,15m,62,18,2020,25m,Dubai Creek Harbour,1600,Mid-Range,,Completed 2023,,5.9,17.0,1750000.0,Apartments
Creek Horizon Tower 2,1750000.0,2000000.0,2250000.0,2590000.0,2730000.0,2800000.0,,60,60,Dubai Creek Harbour,Waterfront,40m,15m,Emaar Properties,15m,60,19,2020,25m,Dubai Creek Harbour,1600,Mid-Range,,Completed 2023,,5.9,17.0,1750000.0,Apartments
Creek Beach Apartments,1950000.0,2150000.0,2400000.0,2730000.0,2925000.0,3022500.0,,55,55,Dubai Creek Harbour,Waterfront/Beach,40m,15m,Emaar Properties,15m,55,20,2021,25m,Dubai Creek Harbour,1650,Mid-Range,,Completed 2024,,5.8,18.0,1950000.0,Apartments
Dubai Hills View,1400000.0,1650000.0,1900000.0,2240000.0,2380000.0,2408000.0,,72,72,Dubai Hills Estate,Gated/Golf,30m,25m,Emaar Properties,20m,72,21,2018,25m,Dubai Hills Estate,1350,Mid-Range,,Completed 2021,,5.7,16.0,1400000.0,Apartments
Park Heights 1,1500000.0,1750000.0,2000000.0,2360000.0,2490000.0,2520000.0,,68,68,Dubai Hills Estate,Gated/Golf,30m,25m,Emaar Properties,20m,68,22,2019,25m,Dubai Hills Estate,1380,Mid-Range,,Completed 2022,,5.6,16.0,1500000.0,Apartments
Park Heights 2,1520000.0,1770000.0,2020000.0,2380000.0,2491200.0,2523200.0,,66,66,Dubai Hills Estate,Gated/Golf,30m,25m,Emaar Properties,20m,66,23,2019,25m,Dubai Hills Estate,1380,Mid-Range,,Completed 2022,,5.6,16.0,1520000.0,Apartments
Golf Suites,1650000.0,1950000.0,2250000.0,2722500.0,2805000.0,2887500.0,,75,75,Dubai Hills Estate,Gated/Golf,30m,25m,Emaar Properties,20m,75,24,2017,25m,Dubai Hills Estate,1420,Mid-Range,,Completed 2020,,5.5,17.0,1650000.0,Apartments
Maple at Dubai Hills Estate,2200000.0,2550000.0,2900000.0,3410000.0,3520000.0,3630000.0,,65,65,Dubai Hills Estate,Gated/Golf,30m,25m,Emaar Properties,20m,65,25,2018,25m,Dubai Hills Estate,1280,Luxury,,Completed 2021,,5.2,18.0,2200000.0,Townhouses
Acacia at Dubai Hills Estate,2100000.0,2450000.0,2750000.0,3192000.0,3276000.0,3402000.0,,62,62,Dubai Hills Estate,Gated/Golf,30m,25m,Emaar Properties,20m,62,26,2019,25m,Dubai Hills Estate,1270,Luxury,,Completed 2022,,5.3,18.0,2100000.0,Townhouses
Sidra Villas,3500000.0,4100000.0,4700000.0,5530000.0,5740000.0,5880000.0,,68,68,Dubai Hills Estate,Gated/Golf,30m,25m,Emaar Properties,20m,68,27,2017,25m,Dubai Hills Estate,1380,Luxury,,Completed 2020,,4.8,20.0,3500000.0,Villas
Parkway Vistas,1650000.0,1850000.0,2100000.0,2442000.0,2541000.0,2607000.0,,58,58,Dubai Hills Estate,Gated/Golf,30m,25m,Emaar Properties,20m,58,28,2020,25m,Dubai Hills Estate,1400,Mid-Range,,Completed 2023,,5.6,16.0,1650000.0,Apartments
Boulevard Heights Tower 1,2400000.0,2950000.0,3400000.0,3984000.0,4176000.0,4272000.0,,78,78,Downtown Dubai,Urban/Luxury,45m,10m,Emaar Properties,5m,78,30,2017,20m,Downtown Dubai,2120,Luxury,,Completed 2020,,5.1,22.0,2400000.0,Apartments
Boulevard Point,2200000.0,2750000.0,3200000.0,3740000.0,3938000.0,4004000.0,,82,82,Downtown Dubai,Urban/Luxury,45m,10m,Emaar Properties,5m,82,29,2016,20m,Downtown Dubai,2100,Luxury,,Completed 2019,,5.2,22.0,2200000.0,Apartments
Forte 1,2600000.0,3150000.0,3600000.0,4212000.0,4420000.0,4472000.0,,72,72,Downtown Dubai,Urban/Luxury,45m,10m,Emaar Properties,5m,72,32,2018,20m,Downtown Dubai,2150,Luxury,,Completed 2021,,5,23.0,2600000.0,Apartments
Boulevard Heights Tower 2,2400000.0,2950000.0,3400000.0,3936000.0,4128000.0,4224000.0,,76,76,Downtown Dubai,Urban/Luxury,45m,10m,Emaar Properties,5m,76,31,2017,20m,Downtown Dubai,2120,Luxury,,Completed 2020,,5.1,22.0,2400000.0,Apartments
Grande at Dubai Marina,2800000.0,3500000.0,4100000.0,4732000.0,4900000.0,4984000.0,,78,78,Dubai Marina,Waterfront/Urban,35m,18m,Emaar Properties,25m,78,34,2015,5m,Dubai Marina,2300,Luxury,,Completed 2018,,5.3,24.0,2800000.0,Apartments
Forte 2,2600000.0,3150000.0,3600000.0,4160000.0,4368000.0,4420000.0,,70,70,Downtown Dubai,Urban/Luxury,45m,10m,Emaar Properties,5m,70,33,2018,20m,Downtown Dubai,2150,Luxury,,Completed 2021,,5,23.0,2600000.0,Apartments
Vida Residences Dubai Marina,3200000.0,3900000.0,4500000.0,5248000.0,5440000.0,5504000.0,,72,72,Dubai Marina,Waterfront/Branded,35m,18m,Emaar Properties,25m,72,35,2016,5m,Dubai Marina,2400,Luxury,,Completed 2019,,5.1,25.0,3200000.0,Apartments
Beach Vista Tower 1,2100000.0,2450000.0,2800000.0,3297000.0,3423000.0,3465000.0,,65,65,Dubai Harbour,Waterfront/Beach,35m,20m,Emaar Properties,22m,65,36,2019,8m,Dubai Harbour,1750,Mid-Range,,Completed 2022,,5.6,19.0,2100000.0,Apartments
Beach Vista Tower 2,2100000.0,2450000.0,2800000.0,3234000.0,3360000.0,3423000.0,,63,63,Dubai Harbour,Waterfront/Beach,35m,20m,Emaar Properties,22m,63,37,2019,8m,Dubai Harbour,1750,Mid-Range,,Completed 2022,,5.6,19.0,2100000.0,Apartments
Sunrise Bay Tower 1,2300000.0,2600000.0,2950000.0,3404000.0,3542000.0,3634000.0,,58,58,Dubai Harbour,Waterfront/Beach,35m,20m,Emaar Properties,22m,58,38,2020,8m,Dubai Harbour,1780,Mid-Range,,Completed 2023,,5.5,19.0,2300000.0,Apartments
DAMAC Cavalli Tower,1750000.0,1950000.0,2200000.0,2485000.0,2590000.0,,,48,48,Business Bay,Urban/Branded,40m,15m,DAMAC Properties,12m,48,40,2020,22m,Business Bay,1850,Luxury,,Completed 2025,,6.2,20.0,1750000.0,Apartments
Sunrise Bay Tower 2,2300000.0,2600000.0,2950000.0,3358000.0,3496000.0,3588000.0,,56,56,Dubai Harbour,Waterfront/Beach,35m,20m,Emaar Properties,22m,56,39,2020,8m,Dubai Harbour,1780,Mid-Range,,Completed 2023,,5.5,19.0,2300000.0,Apartments
DAMAC Maison Canal Views,1400000.0,1650000.0,1900000.0,2226000.0,2310000.0,,,65,65,Business Bay,Urban/Serviced,40m,15m,DAMAC Properties,12m,65,41,2017,22m,Business Bay,1650,Mid-Range,,Completed 2020,,6.5,19.0,1400000.0,Apartments
Paramount Tower Hotel & Residences,1850000.0,2150000.0,2450000.0,2886000.0,2997000.0,,,62,62,Business Bay,Urban/Branded,40m,15m,DAMAC Properties,12m,62,42,2018,22m,Business Bay,1780,Luxury,,Completed 2021,,6,21.0,1850000.0,Apartments
Aykon City Tower A,2100000.0,2400000.0,2750000.0,3192000.0,3318000.0,,,58,58,Business Bay,Urban/Luxury,40m,15m,DAMAC Properties,12m,58,43,2019,22m,Business Bay,1820,Luxury,,Completed 2022,,5.8,20.0,2100000.0,Apartments
Aykon City Tower B,2100000.0,2400000.0,2750000.0,3150000.0,3276000.0,,,56,56,Business Bay,Urban/Luxury,40m,15m,DAMAC Properties,12m,56,44,2019,22m,Business Bay,1820,Luxury,,Completed 2022,,5.8,20.0,2100000.0,Apartments
DAMAC Prive,1650000.0,1900000.0,2150000.0,2508000.0,2640000.0,,,60,60,Business Bay,Urban/Luxury,40m,15m,DAMAC Properties,12m,60,45,2018,22m,Business Bay,1720,Mid-Range,,Completed 2021,,6.1,19.0,1650000.0,Apartments
Safa One,,,3500000.0,3850000.0,4620000.0,4970000.0,,42,42,Business Bay,Urban/Luxury,40m,15m,DAMAC Properties,12m,42,46,2021,22m,Business Bay,2350,Luxury,,Completed 2024,,5.2,26.0,3500000.0,Apartments
DAMAC Park Towers Tower A,1350000.0,1600000.0,1850000.0,2214000.0,2322000.0,,,72,72,DAMAC Hills,Master Community,25m,32m,DAMAC Properties,28m,72,48,2017,30m,DAMAC Hills,1180,Mid-Range,,Completed 2020,,6,15.0,1350000.0,Apartments
DAMAC Smart Heights,950000.0,1150000.0,1350000.0,1539000.0,1596000.0,,,68,68,Barsha Heights,Urban,35m,18m,DAMAC Properties,18m,68,47,2016,15m,Barsha Heights,1250,Affordable,,Completed 2019,,6.8,14.0,950000.0,Apartments
Vera Residences,1500000.0,1800000.0,2100000.0,2385000.0,2475000.0,,,65,65,DAMAC Hills,Master Community,25m,32m,DAMAC Properties,28m,65,50,2018,30m,DAMAC Hills,1150,Mid-Range,,Completed 2021,,5.5,16.0,1500000.0,Villas
DAMAC Park Towers Tower B,1350000.0,1600000.0,1850000.0,2160000.0,2295000.0,,,70,70,DAMAC Hills,Master Community,25m,32m,DAMAC Properties,28m,70,49,2017,30m,DAMAC Hills,1180,Mid-Range,,Completed 2020,,6,15.0,1350000.0,Apartments
Gardenia Townhouses,1800000.0,2150000.0,2500000.0,2826000.0,2916000.0,,,62,62,DAMAC Hills,Master Community,25m,32m,DAMAC Properties,28m,62,51,2018,30m,DAMAC Hills,1200,Mid-Range,,Completed 2021,,5.3,17.0,1800000.0,Townhouses
Golf Veduta Hotel Apartments,1250000.0,1450000.0,1650000.0,1897500.0,1975000.0,,,58,58,DAMAC Hills,Master Community/Golf,25m,32m,DAMAC Properties,28m,58,52,2019,30m,DAMAC Hills,1160,Mid-Range,,Completed 2022,,6.2,14.0,1250000.0,Apartments
Akoya Oxygen Clusters,950000.0,1200000.0,1450000.0,1662500.0,1662500.0,,,75,75,DAMAC Hills,Master Community/Golf,22m,38m,DAMAC Properties,32m,75,54,2016,35m,DAMAC Hills,1100,Affordable,,Completed 2019,,5.8,13.0,950000.0,Villas
Brookfield Place,1650000.0,1900000.0,2150000.0,2442000.0,2508000.0,,,52,52,DAMAC Hills,Master Community,25m,32m,DAMAC Properties,28m,52,53,2020,30m,DAMAC Hills,1190,Mid-Range,,Completed 2023,,5.4,16.0,1650000.0,Townhouses
The Villas at DAMAC Hills 2,1400000.0,1600000.0,1850000.0,2093000.0,2170000.0,,,55,55,DAMAC Hills 2,Master Community,20m,35m,DAMAC Properties,30m,55,55,2020,33m,DAMAC Hills 2,1140,Mid-Range,,Completed 2023,,5.6,14.0,1400000.0,Villas
Camelia Townhouses,1350000.0,1550000.0,1750000.0,1917000.0,1998000.0,,,48,48,DAMAC Hills 2,Master Community,20m,35m,DAMAC Properties,30m,48,57,2021,33m,DAMAC Hills 2,1120,Mid-Range,,Completed 2025,,5.7,13.0,1350000.0,Townhouses
Violeta Villas,1500000.0,1700000.0,1950000.0,2190000.0,2250000.0,,,50,50,DAMAC Hills 2,Master Community,20m,35m,DAMAC Properties,30m,50,56,2021,33m,DAMAC Hills 2,1150,Mid-Range,,Completed 2024,,5.5,14.0,1500000.0,Villas
Nakheel Villas Palm Jumeirah,5500000.0,6800000.0,8000000.0,9075000.0,9350000.0,9625000.0,,75,75,Palm Jumeirah,Waterfront/Luxury,35m,22m,Nakheel,20m,75,59,2016,12m,Palm Jumeirah,2200,Ultra-Luxury,,Completed 2019,,4.5,32.0,5500000.0,Villas
The Palm Tower Residences,3500000.0,4200000.0,4900000.0,5635000.0,5810000.0,5880000.0,,68,68,Palm Jumeirah,Waterfront/Luxury,35m,22m,Nakheel,20m,68,58,2018,12m,Palm Jumeirah,2600,Luxury,,Completed 2021,,4.8,28.0,3500000.0,Apartments
Tiara Residences,4200000.0,4900000.0,5600000.0,6426000.0,6678000.0,6804000.0,,62,62,Palm Jumeirah,Waterfront/Luxury,35m,22m,Nakheel,20m,62,61,2019,12m,Palm Jumeirah,2550,Luxury,,Completed 2022,,4.7,29.0,4200000.0,Apartments
Shoreline Apartments,2800000.0,3400000.0,4000000.0,4592000.0,4760000.0,4816000.0,,72,72,Palm Jumeirah,Waterfront/Beach,35m,22m,Nakheel,20m,72,60,2017,12m,Palm Jumeirah,2450,Luxury,,Completed 2020,,5,26.0,2800000.0,Apartments
Jumeirah Park Villas District 1,2200000.0,2800000.0,3300000.0,3894000.0,3916000.0,3916000.0,,78,78,Jumeirah Park,Gated/Community,30m,25m,Nakheel,22m,78,62,2015,20m,Jumeirah Park,1180,Mid-Range,,Completed 2018,,5.5,18.0,2200000.0,Villas
Jumeirah Park Villas District 5,2400000.0,3000000.0,3500000.0,4095000.0,4200000.0,4200000.0,,75,75,Jumeirah Park,Gated/Community,30m,25m,Nakheel,22m,75,63,2016,20m,Jumeirah Park,1200,Mid-Range,,Completed 2019,,5.4,18.0,2400000.0,Villas
JVC District 10 Buildings,850000.0,1050000.0,1250000.0,1428000.0,1428000.0,1428000.0,,68,68,JVC,Urban/Community,29m,23m,Nakheel,22m,68,65,2017,18m,JVC,980,Affordable,,Completed 2020,,6.8,12.0,850000.0,Apartments
Jumeirah Park Villas District 7,2300000.0,2900000.0,3400000.0,3933000.0,3956000.0,3956000.0,,72,72,Jumeirah Park,Gated/Community,30m,25m,Nakheel,22m,72,64,2016,20m,Jumeirah Park,1190,Mid-Range,,Completed 2019,,5.5,18.0,2300000.0,Villas
JVC District 14 Buildings,900000.0,1100000.0,1300000.0,1476000.0,1458000.0,1458000.0,,62,62,JVC,Urban/Community,29m,23m,Nakheel,22m,62,67,2018,18m,JVC,1000,Affordable,,Completed 2021,,6.6,12.0,900000.0,Apartments
JVC District 12 Buildings,880000.0,1080000.0,1280000.0,1452000.0,1452000.0,1452000.0,,65,65,JVC,Urban/Community,29m,23m,Nakheel,22m,65,66,2017,18m,JVC,990,Affordable,,Completed 2020,,6.7,12.0,880000.0,Apartments
Warsan Village,650000.0,800000.0,950000.0,1099500.0,1118000.0,1118000.0,,72,72,International City,Urban/Affordable,22m,28m,Nakheel,25m,72,68,2016,25m,International City,750,Affordable,,Completed 2019,,7.2,10.0,650000.0,Apartments
International City Clusters,550000.0,700000.0,850000.0,979000.0,979000.0,979000.0,,78,78,International City,Urban/Affordable,22m,28m,Nakheel,25m,78,69,2015,25m,International City,720,Affordable,,Completed 2018,,7.5,9.0,550000.0,Apartments
Deira Islands Residences Phase 1,,,1650000.0,1900000.0,2227500.0,2392500.0,,45,45,Deira Islands,Waterfront/Urban,45m,12m,Nakheel,18m,45,71,2021,28m,Deira Islands,1480,Mid-Range,,Completed 2024,,5.8,17.0,1650000.0,Apartments
Discovery Gardens Building 1-5,750000.0,950000.0,1120000.0,1267500.0,1275000.0,1275000.0,,70,70,Discovery Gardens,Urban/Community,28m,24m,Nakheel,20m,70,70,2016,18m,Discovery Gardens,850,Affordable,,Completed 2019,,7,11.0,750000.0,Apartments
Jumeirah Village Triangle Villas,1900000.0,2400000.0,2850000.0,3192000.0,3192000.0,3192000.0,,68,68,JVT,Gated/Community,28m,22m,Nakheel,20m,68,72,2017,18m,JVT,1150,Mid-Range,,Completed 2020,,5.6,17.0,1900000.0,Villas
JVT District 2 Townhouses,1750000.0,2200000.0,2600000.0,2887500.0,2887500.0,2887500.0,,65,65,JVT,Gated/Community,28m,22m,Nakheel,20m,65,73,2018,18m,JVT,1130,Mid-Range,,Completed 2021,,5.7,16.0,1750000.0,Townhouses
City Walk Building 5,2600000.0,3200000.0,3750000.0,4316000.0,4472000.0,4472000.0,,72,72,City Walk,Urban/Luxury,42m,12m,Meraas,10m,72,75,2017,18m,City Walk,2250,Luxury,,Completed 2020,,5.1,24.0,2600000.0,Apartments
City Walk Building 1,2400000.0,3000000.0,3500000.0,4050000.0,4200000.0,4200000.0,,75,75,City Walk,Urban/Luxury,42m,12m,Meraas,10m,75,74,2016,18m,City Walk,2200,Luxury,,Completed 2019,,5.2,24.0,2400000.0,Apartments
City Walk Building 10,2750000.0,3350000.0,3900000.0,4466000.0,4620000.0,4620000.0,,68,68,City Walk,Urban/Luxury,42m,12m,Meraas,10m,68,76,2018,18m,City Walk,2280,Luxury,,Completed 2021,,5,25.0,2750000.0,Apartments
Bluewaters Residences,2800000.0,3400000.0,3950000.0,4522000.0,4620000.0,4620000.0,,65,65,Bluewaters Island,Waterfront/Luxury,38m,15m,Meraas,15m,65,77,2018,10m,Bluewaters Island,2350,Luxury,,Completed 2021,,5,26.0,2800000.0,Apartments
La Mer Villas,6500000.0,8000000.0,9500000.0,10920000.0,10920000.0,10920000.0,,68,68,Jumeirah 1,Waterfront/Beach,40m,16m,Meraas,12m,68,78,2017,15m,La Mer,2100,Ultra-Luxury,,Completed 2020,,4.2,35.0,6500000.0,Villas
La Mer Townhouses,4500000.0,5500000.0,6500000.0,7425000.0,7425000.0,7425000.0,,65,65,Jumeirah 1,Waterfront/Beach,40m,16m,Meraas,12m,65,79,2018,15m,La Mer,2000,Ultra-Luxury,,Completed 2021,,4.5,30.0,4500000.0,Townhouses
Azizi Riviera Building 1-7,720000.0,900000.0,1050000.0,1152000.0,1238400.0,1238400.0,,72,72,MBR City,Waterfront,35m,20m,Azizi Developments,15m,72,80,2017,25m,Azizi Riviera,980,Affordable,,Completed 2022,,6.8,13.0,720000.0,Apartments
Azizi Riviera Phase 1 (Buildings 8-20),750000.0,930000.0,1080000.0,1185000.0,1275000.0,1275000.0,,70,70,MBR City,Waterfront,35m,20m,Azizi Developments,15m,70,81,2018,25m,Azizi Riviera,1000,Affordable,,Completed 2023,,6.7,13.0,750000.0,Apartments
Azizi Riviera Phase 2 (Buildings 21-40),780000.0,960000.0,1110000.0,1232400.0,1310400.0,1310400.0,,68,68,MBR City,Waterfront,35m,20m,Azizi Developments,15m,68,82,2019,25m,Azizi Riviera,1020,Affordable,,Completed 2024,,6.6,13.0,780000.0,Apartments
Azizi Riviera Phase 3 (Buildings 41-53),820000.0,1000000.0,1140000.0,1271000.0,1353000.0,1353000.0,,65,65,MBR City,Waterfront,35m,20m,Azizi Developments,15m,65,83,2020,25m,Azizi Riviera,1040,Affordable,,Completed 2025,,6.5,13.0,820000.0,Apartments
Creek Views I,,,980000.0,1100000.0,1323000.0,1421000.0,,45,45,Dubai Healthcare City,Urban,38m,18m,Azizi Developments,15m,45,84,2021,23m,Dubai Healthcare City,1150,Affordable,,Completed 2022,,6.4,14.0,980000.0,Apartments
Park Avenue I,1050000.0,1200000.0,1350000.0,1522500.0,1596000.0,,,52,52,MBR City,Master Community,35m,20m,Azizi Developments,15m,52,85,2020,25m,MBR City,1100,Mid-Range,,Completed 2022,,6.3,14.0,1050000.0,Apartments
Park Avenue II,1100000.0,1250000.0,1400000.0,1562000.0,1628000.0,,,48,48,MBR City,Master Community,35m,20m,Azizi Developments,15m,48,86,2021,25m,MBR City,1120,Mid-Range,,Completed 2023,,6.2,14.0,1100000.0,Apartments
Farhad Azizi Residence,950000.0,1100000.0,1250000.0,1407500.0,1472500.0,,13.0,55,Affordable,Al Furjan,Community,25m,22m,Azizi Developments,20m,28m,89,2020,55,Al Furjan,6.6,,Completed 2022,,,55,1050.0,950000.0,Apartments
Park Avenue III,,,1150000.0,1300000.0,1518000.0,1633000.0,,42,42,MBR City,Master Community,35m,20m,Azizi Developments,15m,42,87,2022,25m,MBR City,1140,Mid-Range,,Completed 2024,,6.1,14.0,1150000.0,Apartments
Berton,,,1050000.0,1200000.0,1470000.0,1575000.0,,50,50,Al Furjan,Community,22m,28m,Azizi Developments,25m,50,88,2021,20m,Al Furjan,1080,Mid-Range,,Completed 2023,,6.5,13.0,1050000.0,Apartments
Azizi Vista,,,850000.0,950000.0,1062500.0,1147500.0,,35,35,Studio City,Urban,28m,22m,Azizi Developments,20m,35,90,2023,22m,Studio City,1030,Affordable,,Completed 2024,,6.7,12.0,850000.0,Apartments
Wavez,,,720000.0,820000.0,986400.0,1065600.0,,48,48,Liwan,Community,20m,30m,Danube Properties,28m,48,92,2022,30m,Liwan,940,Affordable,,Completed 2024,,6.9,11.0,720000.0,Apartments
Jewelz,,,680000.0,780000.0,942400.0,1033600.0,,52,52,Liwan,Community,20m,30m,Danube Properties,28m,52,91,2021,30m,Liwan,920,Affordable,,Completed 2023,,7,11.0,680000.0,Apartments
Olivz,,,650000.0,750000.0,877500.0,942500.0,,45,45,Al Warsan,Community,25m,25m,Danube Properties,23m,45,93,2022,28m,Al Warsan,880,Affordable,,Completed 2024,,7.1,10.0,650000.0,Apartments
Lawnz,720000.0,850000.0,980000.0,1108800.0,1137600.0,,,58,58,Liwan,Community,20m,30m,Danube Properties,28m,58,94,2020,30m,Liwan,930,Affordable,,Completed 2022,,7,11.0,720000.0,Apartments
Starz,,,850000.0,980000.0,1173400.0,1292000.0,,52,52,Al Furjan,Community,22m,28m,Danube Properties,25m,52,95,2021,20m,Al Furjan,1010,Affordable,,Completed 2023,,6.8,12.0,850000.0,Apartments
Glamz,820000.0,950000.0,1080000.0,1230300.0,1271000.0,,,55,55,Al Furjan,Community,22m,28m,Danube Properties,25m,55,96,2020,20m,Al Furjan,990,Affordable,,Completed 2022,,6.8,12.0,820000.0,Apartments
Resortz,,,750000.0,870000.0,1050000.0,1125000.0,,50,50,Dubai Sports City,Community,24m,26m,Danube Properties,24m,50,97,2021,28m,Dubai Sports City,950,Affordable,,Completed 2023,,7,11.0,750000.0,Apartments
Bayz,,,1250000.0,1425000.0,1647500.0,1775000.0,,42,42,Business Bay,Urban,40m,15m,Danube Properties,12m,42,98,2022,22m,Business Bay,1380,Mid-Range,,Completed 2024,,6.2,16.0,1250000.0,Apartments
Miraclz,,,680000.0,780000.0,913500.0,986000.0,,45,45,Arjan,Community,26m,24m,Danube Properties,22m,45,99,2022,25m,Arjan,910,Affordable,,Completed 2024,,7.1,11.0,680000.0,Apartments
Pearlz,,,900000.0,1020000.0,1170900.0,1242000.0,,38,38,Al Furjan,Community,22m,28m,Danube Properties,25m,38,100,2023,20m,Al Furjan,1020,Affordable,,Completed 2025,,6.7,12.0,900000.0,Apartments
JBR Sadaf Towers,1800000.0,2400000.0,2900000.0,3150000.0,3240000.0,3330000.0,,85,85,JBR,Waterfront/Beach,35m,20m,Dubai Properties,20m,85,101,2008,8m,JBR,1950,Luxury,,Completed 2008,,5.5,22.0,1800000.0,Apartments
JBR Bahar Towers,1900000.0,2500000.0,2950000.0,3230000.0,3344000.0,3458000.0,,82,82,JBR,Waterfront/Beach,35m,20m,Dubai Properties,20m,82,103,2009,8m,JBR,1980,Luxury,,Completed 2009,,5.4,23.0,1900000.0,Apartments
JBR Amwaj Towers,1750000.0,2350000.0,2850000.0,3080000.0,3185000.0,3290000.0,,88,88,JBR,Waterfront/Beach,35m,20m,Dubai Properties,20m,88,102,2008,8m,JBR,1920,Luxury,,Completed 2008,,5.6,22.0,1750000.0,Apartments
JBR Rimal Towers,1850000.0,2450000.0,2900000.0,3182000.0,3293000.0,3404000.0,,84,84,JBR,Waterfront/Beach,35m,20m,Dubai Properties,20m,84,105,2009,8m,JBR,1960,Luxury,,Completed 2009,,5.5,22.0,1850000.0,Apartments
JBR Murjan Towers,2000000.0,2600000.0,3050000.0,3360000.0,3480000.0,3600000.0,,80,80,JBR,Waterfront/Beach,35m,20m,Dubai Properties,20m,80,104,2009,8m,JBR,2000,Luxury,,Completed 2009,,5.3,23.0,2000000.0,Apartments
JBR Shams Towers,1950000.0,2500000.0,2900000.0,3237000.0,3354000.0,3471000.0,,78,78,JBR,Waterfront/Beach,35m,20m,Dubai Properties,20m,78,106,2010,8m,JBR,1990,Luxury,,Completed 2010,,5.4,23.0,1950000.0,Apartments
1/JBR,2400000.0,3000000.0,3500000.0,3984000.0,4128000.0,4128000.0,,72,72,JBR,Waterfront/Luxury,35m,20m,Dubai Properties,20m,72,107,2015,8m,JBR,2200,Luxury,,Completed 2017,,5.2,25.0,2400000.0,Apartments
Mudon Arabella Townhouses,1650000.0,1950000.0,2250000.0,2508000.0,2607000.0,2607000.0,,58,58,Mudon,Community,23m,32m,Dubai Properties,28m,58,108,2018,32m,Mudon,1150,Mid-Range,,Completed 2020,,5.8,15.0,1650000.0,Townhouses
Mudon Azalea Townhouses,1600000.0,1900000.0,2200000.0,2496000.0,2560000.0,2560000.0,,60,60,Mudon,Community,23m,32m,Dubai Properties,28m,60,109,2018,32m,Mudon,1140,Mid-Range,,Completed 2020,,5.9,15.0,1600000.0,Townhouses
Mudon Naseem Townhouses,1700000.0,2000000.0,2300000.0,2601500.0,2635000.0,2635000.0,,55,55,Mudon,Community,23m,32m,Dubai Properties,28m,55,110,2019,32m,Mudon,1160,Mid-Range,,Completed 2021,,5.7,15.0,1700000.0,Townhouses
Villanova La Violeta,1850000.0,2200000.0,2600000.0,2962000.0,3052500.0,3052500.0,,65,65,Villanova,Gated Community,22m,30m,Dubai Properties,26m,65,111,2017,30m,Villanova,1200,Mid-Range,,Completed 2019,,5.5,16.0,1850000.0,Villas
Villanova La Amarilla,1900000.0,2250000.0,2650000.0,3021000.0,3078000.0,3078000.0,,62,62,Villanova,Gated Community,22m,30m,Dubai Properties,26m,62,112,2018,30m,Villanova,1210,Mid-Range,,Completed 2020,,5.4,16.0,1900000.0,Villas
Motor City Uptown Apartments,950000.0,1200000.0,1450000.0,1596000.0,1596000.0,1596000.0,,68,68,Motor City,Themed Community,24m,26m,Union Properties,24m,68,113,2016,28m,Motor City,1050,Affordable,,Completed 2018,,6.5,13.0,950000.0,Apartments
Green Community East Villas,2200000.0,2750000.0,3200000.0,3674000.0,3740000.0,3740000.0,,70,70,Green Community,Community,22m,28m,Union Properties,26m,70,115,2015,30m,Green Community,1180,Mid-Range,,Completed 2017,,5.6,17.0,2200000.0,Villas
Motor City Oia Residences,1050000.0,1300000.0,1550000.0,1701750.0,1732500.0,1732500.0,,65,65,Motor City,Themed Community,24m,26m,Union Properties,24m,65,114,2017,28m,Motor City,1080,Mid-Range,,Completed 2019,,6.4,13.0,1050000.0,Apartments
Green Community West Villas,2300000.0,2850000.0,3300000.0,3818000.0,3864000.0,3864000.0,,68,68,Green Community,Community,22m,28m,Union Properties,26m,68,116,2016,30m,Green Community,1200,Mid-Range,,Completed 2018,,5.5,17.0,2300000.0,Villas
Ellington House,2800000.0,3400000.0,3900000.0,4494000.0,4620000.0,4620000.0,,65,65,Downtown,Urban/Luxury,45m,10m,Ellington Properties,5m,65,117,2017,20m,Downtown Dubai,2200,Luxury,,Completed 2020,,5.2,24.0,2800000.0,Apartments
Belgravia Square,1150000.0,1400000.0,1650000.0,1840500.0,1782500.0,1782500.0,,55,55,JVC,Community,29m,23m,Ellington Properties,22m,55,119,2018,18m,JVC,1120,Mid-Range,,Completed 2020,,6.2,14.0,1150000.0,Townhouses
DT1,3200000.0,3800000.0,4400000.0,5056000.0,5056000.0,5056000.0,,58,58,Downtown,Urban/Luxury,45m,10m,Ellington Properties,5m,58,118,2019,20m,Downtown Dubai,2350,Luxury,,Completed 2022,,5,25.0,3200000.0,Apartments
Wilton Park Residences,1650000.0,1900000.0,2150000.0,2409000.0,2442000.0,,,48,48,MBR City,Master Community,35m,20m,Ellington Properties,15m,48,120,2020,25m,MBR City,1250,Mid-Range,,Completed 2023,,5.8,15.0,1650000.0,Townhouses
The Citadel,,,,,,,,75,75,Business Bay,Urban,40m,15m,Deyaar Development,12m,75,121,2009,22m,Business Bay,,Commercial,,Completed 2009,,,,,Commercial
Midtown Afnan,680000.0,850000.0,1000000.0,1081600.0,1101200.0,,11.0,62,Affordable,Dubai Production City,Community,30m,18m,Deyaar Development,35m,32m,122,2019,62,Dubai Production City,7,,Completed 2020,,,62,920.0,680000.0,Apartments
Midtown Dania,700000.0,870000.0,1020000.0,1106000.0,1120000.0,,11.0,60,Affordable,Dubai Production City,Community,30m,18m,Deyaar Development,35m,32m,123,2019,60,Dubai Production City,6.9,,Completed 2020,,,60,940.0,700000.0,Apartments
Midtown Mesk,,,750000.0,880000.0,1065000.0,1140000.0,,52,52,Dubai Production City,Community,18m,32m,Deyaar Development,30m,52,124,2021,35m,Dubai Production City,960,Affordable,,Completed 2022,,6.8,11.0,750000.0,Apartments
Midtown Noor,,,780000.0,910000.0,1081200.0,1153200.0,,48,48,Dubai Production City,Community,18m,32m,Deyaar Development,30m,48,125,2022,35m,Dubai Production City,980,Affordable,,Completed 2023,,6.7,11.0,780000.0,Apartments
Madison Residency,850000.0,1100000.0,1350000.0,1478500.0,1513000.0,1513000.0,,78,78,TECOM/Barsha Heights,Urban,35m,18m,Deyaar Development,18m,78,126,2009,15m,TECOM,1050,Affordable,,Completed 2009,,6.8,12.0,850000.0,Apartments
Montrose,1350000.0,1650000.0,1950000.0,2214000.0,2268000.0,2268000.0,,68,68,Business Bay,Urban,40m,15m,Deyaar Development,12m,68,127,2016,22m,Business Bay,1420,Mid-Range,,Completed 2018,,6,17.0,1350000.0,Apartments
Atria,1450000.0,1750000.0,2050000.0,2357500.0,2392500.0,2392500.0,,65,65,Business Bay,Urban,40m,15m,Deyaar Development,12m,65,128,2017,22m,Business Bay,1450,Mid-Range,,Completed 2019,,5.9,17.0,1450000.0,Apartments
Regalia,,,1650000.0,1900000.0,2211000.0,2343000.0,,42,42,Business Bay,Urban/Luxury,40m,15m,Deyaar Development,12m,42,129,2021,22m,Business Bay,1680,Mid-Range,,Completed 2024,,5.8,19.0,1650000.0,Apartments
DSO Jade Residences,700000.0,930000.0,1130000.0,1218100.0,1239000.0,1239000.0,,77,77,Dubai Silicon Oasis,Community,22m,24m,Deyaar Development,22m,77,131,2009,28m,Dubai Silicon Oasis,870,Affordable,,Completed 2009,,7.3,10.0,700000.0,Apartments
DSO Coral Residences,720000.0,950000.0,1150000.0,1242000.0,1260000.0,1260000.0,,75,75,Dubai Silicon Oasis,Community,22m,24m,Deyaar Development,22m,75,130,2009,28m,Dubai Silicon Oasis,880,Affordable,,Completed 2009,,7.2,10.0,720000.0,Apartments
DSO Sapphire Residences,720000.0,950000.0,1150000.0,1242000.0,1260000.0,1260000.0,,75,75,Dubai Silicon Oasis,Community,22m,24m,Deyaar Development,22m,75,133,2009,28m,Dubai Silicon Oasis,880,Affordable,,Completed 2009,,7.2,10.0,720000.0,Apartments
DSO Ruby Residences,710000.0,940000.0,1140000.0,1229440.0,1249600.0,1249600.0,,76,76,Dubai Silicon Oasis,Community,22m,24m,Deyaar Development,22m,76,132,2009,28m,Dubai Silicon Oasis,875,Affordable,,Completed 2009,,7.2,10.0,710000.0,Apartments
One Palm,8500000.0,10000000.0,11500000.0,12410000.0,12580000.0,12580000.0,,48,48,Palm Jumeirah,Waterfront/Ultra-Luxury,35m,22m,Omniyat,20m,48,134,2019,12m,Palm Jumeirah,3200,Ultra-Luxury,,Completed 2022,,4.2,35.0,8500000.0,Apartments
The Opus by Zaha Hadid,4500000.0,5300000.0,6200000.0,6862500.0,6975000.0,6975000.0,,55,55,Business Bay,Urban/Luxury Branded,40m,15m,Omniyat,12m,55,135,2019,22m,Business Bay,2800,Ultra-Luxury,,Completed 2020,,4.8,30.0,4500000.0,Apartments
LUMA Park,1550000.0,1800000.0,2050000.0,2294500.0,2356000.0,,,52,52,Town Square,Community,22m,28m,Omniyat,26m,52,137,2020,30m,Town Square,1480,Mid-Range,,Completed 2023,,5.9,17.0,1550000.0,Apartments
Sterling West,,,3200000.0,3700000.0,4291000.0,4544000.0,,42,42,Business Bay,Urban/Luxury,40m,15m,Omniyat,12m,42,136,2021,22m,Business Bay,2500,Luxury,,Completed 2024,,5,26.0,3200000.0,Apartments
MAG 5 Boulevard,950000.0,1150000.0,1350000.0,1508700.0,1539000.0,1539000.0,,62,62,Meydan,Master Community,32m,18m,MAG Property Development,16m,62,138,2018,24m,Meydan,1060,Affordable,,Completed 2020,,6.6,13.0,950000.0,Apartments
MAG 318,1400000.0,1650000.0,1900000.0,2156200.0,2212000.0,2212000.0,,58,58,Business Bay,Urban,40m,15m,MAG Property Development,12m,58,139,2019,22m,Business Bay,1440,Mid-Range,,Completed 2022,,6,17.0,1400000.0,Apartments
Samana Greens,,,750000.0,880000.0,1012500.0,1087500.0,,45,45,Arjan,Community,26m,24m,Samana Developers,22m,45,140,2022,25m,Arjan,950,Affordable,,Completed 2024,,7,11.0,750000.0,Apartments
Tiger Lake City Tower,950000.0,1250000.0,1550000.0,1700850.0,1729000.0,1729000.0,,82,82,JLT,Urban,38m,16m,Tiger Properties,16m,82,141,2008,12m,JLT,1120,Mid-Range,,Completed 2008,,6.5,14.0,950000.0,Apartments
Tiger Regina Tower,750000.0,930000.0,1080000.0,1192500.0,1215000.0,1215000.0,,62,62,JVC,Community,29m,23m,Tiger Properties,22m,62,143,2017,18m,JVC,940,Affordable,,Completed 2019,,6.7,12.0,750000.0,Apartments
Tiger O2 Tower,720000.0,900000.0,1050000.0,1161000.0,1188000.0,1188000.0,,65,65,JVC,Community,29m,23m,Tiger Properties,22m,65,142,2016,18m,JVC,920,Affordable,,Completed 2018,,6.8,12.0,720000.0,Apartments
Tiger Al Manara Tower,920000.0,1150000.0,1350000.0,1490400.0,1518000.0,1518000.0,,65,65,JVT,Community,28m,22m,Tiger Properties,20m,65,144,2016,18m,JVT,1080,Affordable,,Completed 2018,,6.6,13.0,920000.0,Apartments
Tiger Sports City Tower,780000.0,970000.0,1120000.0,1232400.0,1248000.0,1248000.0,,60,60,Sports City,Themed Community,24m,26m,Tiger Properties,24m,60,145,2017,28m,Sports City,970,Affordable,,Completed 2019,,6.9,12.0,780000.0,Apartments
Nshama Town Square Park 1,1200000.0,1450000.0,1700000.0,1872000.0,1896000.0,1896000.0,,58,58,Town Square,Master Community,22m,28m,Nshama,26m,58,146,2019,30m,Town Square,1100,Mid-Range,,Completed 2021,,6,14.0,1200000.0,Townhouses
Nshama Town Square Zahra Apartments,950000.0,1150000.0,1350000.0,1504300.0,1539000.0,1539000.0,,62,62,Town Square,Master Community,22m,28m,Nshama,26m,62,147,2018,30m,Town Square,1050,Mid-Range,,Completed 2020,,6.4,13.0,950000.0,Apartments
Nshama Town Square Safi Townhouses,1350000.0,1650000.0,1950000.0,2162250.0,2227500.0,2227500.0,,65,65,Town Square,Master Community,22m,28m,Nshama,26m,65,148,2017,30m,Town Square,1120,Mid-Range,,Completed 2019,,5.9,15.0,1350000.0,Townhouses
Nshama Town Square Zahra Townhouses,1450000.0,1700000.0,1950000.0,2212750.0,2247500.0,2247500.0,,55,55,Town Square,Master Community,22m,28m,Nshama,26m,55,150,2019,30m,Town Square,1140,Mid-Range,,Completed 2021,,5.7,15.0,1450000.0,Townhouses
Nshama Town Square Hayat Townhouses,1400000.0,1700000.0,1950000.0,2184000.0,2240000.0,2240000.0,,60,60,Town Square,Master Community,22m,28m,Nshama,26m,60,149,2018,30m,Town Square,1130,Mid-Range,,Completed 2020,,5.8,15.0,1400000.0,Townhouses
Meydan Horizons,1350000.0,1550000.0,1800000.0,2052000.0,2052000.0,2052000.0,,52,52,Meydan,Mixed-Use,32m,18m,Meydan Group,16m,52,151,2020,24m,Meydan,1280,Mid-Range,,Completed 2022,,6.2,15.0,1350000.0,Apartments
Meydan Avenue,,,1450000.0,1700000.0,2000800.0,2146000.0,,48,48,Meydan,Mixed-Use,32m,18m,Meydan Group,16m,48,152,2021,24m,Meydan,1300,Mid-Range,,Completed 2024,,6.1,15.0,1450000.0,Apartments
Peninsula One,,,2400000.0,2750000.0,3234000.0,3480000.0,,45,45,Business Bay,Urban/Waterfront,40m,15m,Select Group,12m,45,154,2021,22m,Business Bay,1850,Luxury,,Completed 2024,,5.7,21.0,2400000.0,Apartments
Meydan Grand Stand Residences,2200000.0,2600000.0,3000000.0,3432000.0,3520000.0,3520000.0,,60,60,Meydan,Branded/Mixed-Use,32m,18m,Meydan Group,16m,60,153,2018,24m,Meydan,1650,Luxury,,Completed 2021,,5.5,19.0,2200000.0,Apartments
Marina Gate 1,3500000.0,4200000.0,4900000.0,5537000.0,5670000.0,5670000.0,,62,62,Dubai Marina,Waterfront,35m,18m,Select Group,25m,62,156,2017,5m,Dubai Marina,2450,Luxury,,Completed 2020,,5.2,28.0,3500000.0,Apartments
Peninsula Five,,,1850000.0,2100000.0,2368500.0,2497500.0,,35,35,Business Bay,Urban/Waterfront,40m,15m,Select Group,12m,35,155,2023,22m,Business Bay,1720,Mid-Range,,Completed 2024,,5.9,19.0,1850000.0,Apartments
Studio One,1650000.0,2100000.0,2550000.0,2772000.0,2772000.0,2772000.0,,68,68,Dubai Marina,Waterfront,35m,18m,Select Group,25m,68,158,2016,5m,Dubai Marina,1880,Mid-Range,,Completed 2019,,5.7,22.0,1650000.0,Apartments
Marina Gate 2,3600000.0,4300000.0,4950000.0,5598000.0,5688000.0,5688000.0,,58,58,Dubai Marina,Waterfront,35m,18m,Select Group,25m,58,157,2018,5m,Dubai Marina,2470,Luxury,,Completed 2021,,5.1,28.0,3600000.0,Apartments
The Torch,1750000.0,2400000.0,2950000.0,3115000.0,3237500.0,3237500.0,,85,85,Dubai Marina,Waterfront,35m,18m,Select Group,25m,85,159,2011,5m,Dubai Marina,1950,Luxury,,Completed 2011,,5.5,24.0,1750000.0,Apartments
Pantheon Elysee,720000.0,900000.0,1050000.0,1127400.0,1137600.0,1137600.0,,58,58,JVC,Community,29m,23m,Pantheon Development,22m,58,160,2019,18m,JVC,910,Affordable,,Completed 2021,,6.9,11.0,720000.0,Apartments
Pantheon Boulevard,,,850000.0,990000.0,1144500.0,1207000.0,,42,42,JVC,Community,29m,23m,Pantheon Development,22m,42,161,2022,18m,JVC,950,Affordable,,Completed 2024,,6.8,12.0,850000.0,Apartments
Tilal Al Ghaf Elan,,,3500000.0,4100000.0,4788000.0,5180000.0,,48,48,Tilal Al Ghaf,Master Community,25m,26m,Majid Al Futtaim,24m,48,162,2021,28m,Tilal Al Ghaf,1650,Luxury,,Completed 2023,,5.2,22.0,3500000.0,Villas
Tilal Al Ghaf Sarai,,,3800000.0,4400000.0,5092000.0,5510000.0,,45,45,Tilal Al Ghaf,Master Community,25m,26m,Majid Al Futtaim,24m,45,165,2021,28m,Tilal Al Ghaf,1620,Luxury,,Completed 2023,,5.1,21.0,3800000.0,Townhouses
Tilal Al Ghaf Aura,,,4500000.0,5150000.0,5805000.0,6075000.0,,35,35,Tilal Al Ghaf,Master Community,25m,26m,Majid Al Futtaim,24m,35,164,2023,28m,Tilal Al Ghaf,1700,Luxury,,Completed 2024,,5,23.0,4500000.0,Villas
Tilal Al Ghaf Uptown,,,2800000.0,3250000.0,3724000.0,3976000.0,,42,42,Tilal Al Ghaf,Master Community,25m,26m,Majid Al Futtaim,24m,42,163,2022,28m,Tilal Al Ghaf,1580,Luxury,,Completed 2024,,5.5,20.0,2800000.0,Apartments
Iman Developers Oxford Residence 1,720000.0,900000.0,1050000.0,1123200.0,1152000.0,1152000.0,,60,60,JVC,Community,29m,23m,Iman Developers,22m,60,166,2018,18m,JVC,920,Affordable,,Completed 2020,,6.8,11.0,720000.0,Apartments
Iman Developers Oxford Residence 2,750000.0,920000.0,1080000.0,1161000.0,1185000.0,1185000.0,,58,58,JVC,Community,29m,23m,Iman Developers,22m,58,167,2019,18m,JVC,940,Affordable,,Completed 2021,,6.7,11.0,750000.0,Apartments
Al Habtoor City Residence Tower 1,3200000.0,3900000.0,4500000.0,4928000.0,5056000.0,5056000.0,,58,58,Business Bay,Mixed-Use Hospitality,40m,15m,Al Habtoor Group,12m,58,168,2017,22m,Business Bay,2350,Luxury,,Completed 2019,,5.3,26.0,3200000.0,Apartments
Al Habtoor City Residence Tower 2,3300000.0,4000000.0,4600000.0,5060000.0,5115000.0,5115000.0,,55,55,Business Bay,Mixed-Use Hospitality,40m,15m,Al Habtoor Group,12m,55,169,2017,22m,Business Bay,2370,Luxury,,Completed 2019,,5.2,26.0,3300000.0,Apartments
Wasl Hub,1250000.0,1450000.0,1700000.0,1900000.0,1900000.0,,,52,52,Al Jaddaf,Urban,38m,15m,Wasl Properties,14m,52,170,2020,23m,Al Jaddaf,1320,Mid-Range,,Completed 2023,,6.1,15.0,1250000.0,Apartments
Wasl Gate,,,1350000.0,1580000.0,1863000.0,1998000.0,,48,48,Al Jaddaf,Urban,38m,15m,Wasl Properties,14m,48,171,2021,23m,Al Jaddaf,1350,Mid-Range,,Completed 2024,,6,15.0,1350000.0,Apartments
Wasl Square,750000.0,920000.0,1080000.0,1174500.0,1185000.0,1185000.0,,58,58,JVC,Community,29m,23m,Wasl Properties,22m,58,172,2019,18m,JVC,950,Affordable,,Completed 2021,,6.7,12.0,750000.0,Apartments
Al Mazaya E1,1350000.0,1650000.0,1950000.0,2214000.0,2268000.0,2268000.0,,68,68,Business Bay,Urban,40m,15m,Al Mazaya Holding,12m,68,173,2016,22m,Business Bay,1420,Mid-Range,,Completed 2018,,6,17.0,1350000.0,Apartments
Al Mazaya E2,1400000.0,1700000.0,2000000.0,2282000.0,2310000.0,2310000.0,,65,65,Business Bay,Urban,40m,15m,Al Mazaya Holding,12m,65,174,2017,22m,Business Bay,1440,Mid-Range,,Completed 2019,,5.9,17.0,1400000.0,Apartments
Al Mazaya A1,2400000.0,3000000.0,3500000.0,3984000.0,4128000.0,4128000.0,,72,72,DIFC,Urban/Commercial,42m,12m,Al Mazaya Holding,10m,72,175,2014,18m,DIFC,2050,Luxury,,Completed 2016,,5.4,23.0,2400000.0,Apartments
Al Mazaya A2,2500000.0,3100000.0,3600000.0,4125000.0,4250000.0,4250000.0,,70,70,DIFC,Urban/Commercial,42m,12m,Al Mazaya Holding,10m,70,176,2015,18m,DIFC,2070,Luxury,,Completed 2017,,5.3,23.0,2500000.0,Apartments
Time Properties Stella Maris,720000.0,900000.0,1050000.0,1123200.0,1152000.0,1152000.0,,60,60,JVC,Community,29m,23m,Time Properties,22m,60,177,2018,18m,JVC,920,Affordable,,Completed 2020,,6.8,11.0,720000.0,Apartments
First Central Hotel Apartments TECOM,1100000.0,1400000.0,1650000.0,1765500.0,1815000.0,1815000.0,,65,65,TECOM,Urban,35m,18m,The First Group,18m,65,178,2015,15m,TECOM,1250,Mid-Range,,Completed 2017,,6.5,14.0,1100000.0,Hotel Apartments
First Central Hotel Apartments Barsha,1050000.0,1350000.0,1600000.0,1747200.0,1764000.0,1764000.0,,68,68,Barsha Heights,Urban,35m,18m,The First Group,18m,68,179,2016,15m,Barsha Heights,1230,Mid-Range,,Completed 2018,,6.6,14.0,1050000.0,Hotel Apartments
First Central Hotel Apartments Marina,1650000.0,2000000.0,2350000.0,2613300.0,2673000.0,2673000.0,,62,62,Dubai Marina,Waterfront,35m,18m,The First Group,25m,62,180,2017,5m,Dubai Marina,1750,Luxury,,Completed 2019,,5.8,20.0,1650000.0,Hotel Apartments
Vincitore Palacio,720000.0,850000.0,1000000.0,1101600.0,1094400.0,,,52,52,Arjan,Community,26m,24m,Vincitore Real Estate,22m,52,181,2020,25m,Arjan,940,Affordable,,Completed 2023,,7,11.0,720000.0,Apartments
Aqua Dimore,700000.0,880000.0,1030000.0,1120400.0,1134000.0,1134000.0,,62,62,JVC,Community,29m,23m,Aqua Properties,22m,62,182,2018,18m,JVC,900,Affordable,,Completed 2020,,6.9,11.0,700000.0,Apartments
Prescott Mayfair Tower,1350000.0,1600000.0,1900000.0,2106000.0,2160000.0,2160000.0,,60,60,Business Bay,Urban,40m,15m,Prescott Real Estate,12m,60,184,2018,22m,Business Bay,1400,Mid-Range,,Completed 2020,,6,16.0,1350000.0,Apartments
Prescott Mayfair Residency,1100000.0,1350000.0,1600000.0,1760000.0,1815000.0,1815000.0,,65,65,Meydan,Mixed-Use,32m,18m,Prescott Real Estate,16m,65,183,2017,24m,Meydan,1230,Mid-Range,,Completed 2019,,6.3,14.0,1100000.0,Apartments
Imtiaz Luxor Tower,,,680000.0,800000.0,912800.0,938400.0,,38,38,JVC,Community,29m,23m,Imtiaz Developments,22m,38,185,2023,18m,JVC,910,Affordable,,Completed 2025,,6.9,11.0,680000.0,Apartments
Imtiaz Le Rosa,,,650000.0,770000.0,884300.0,922500.0,,42,42,Arjan,Community,26m,24m,Imtiaz Developments,22m,42,186,2022,25m,Arjan,890,Affordable,,Completed 2024,,7.1,10.0,650000.0,Apartments
LIV Residence Dubai Marina,3200000.0,3750000.0,4300000.0,4723200.0,4736000.0,,,48,48,Dubai Marina,Waterfront/Luxury,35m,18m,LIV Developers,25m,48,187,2020,5m,Dubai Marina,2400,Luxury,,Completed 2023,,5.2,27.0,3200000.0,Apartments
Reportage The Pulse,900000.0,1100000.0,1300000.0,1449000.0,1395000.0,,,55,55,The Pulse,Community,18m,35m,Reportage Properties,32m,55,188,2020,35m,The Pulse,1080,Mid-Range,,Completed 2023,,6.4,13.0,900000.0,Townhouses
Reportage Al Furjan Villas,,,1450000.0,1700000.0,2030000.0,2175000.0,,50,50,Al Furjan,Community,22m,28m,Reportage Properties,25m,50,189,2021,20m,Al Furjan,1260,Mid-Range,,Completed 2024,,5.9,15.0,1450000.0,Villas
LEOS Developments Lavita,,,720000.0,850000.0,943200.0,972000.0,,35,35,JVC,Community,29m,23m,LEOS Developments,22m,35,190,2023,18m,JVC,930,Affordable,,Completed 2025,,6.8,11.0,720000.0,Apartments