ID,Project Name,Master Community,Launch Year,Start Price,Appreciation,Developer,Area,Unit Type,Community Type,2020 Price,2021 Price,2022 Price,2023 Price,2024 Price,2025 Price,2026 Price,Service Charge,PPSM,Rental Yield %,File1 Appreciation,DXB Travel Time,DWC Travel Time,Downtown Travel Time,Marina Travel Time,Appreciation_Clean_%,Price_Segment,Projected_CAGR_24_26,Price_Vs_Community_Avg_%,Project_Stage
1,Grand Polo Club & Resort,Emaar South,2024,"3,500,000",+18% (Since Launch),Emaar Properties,Emaar South,Villas/Townhouses,Gated/Golf,,,,,"1,450","1,660","1,760",4.5,900,6.5,,45m,5m,45m,35m,18.0,Mid-Range,0.0898,-26.19,Established
2,Equiterra Phase 1,The Oasis,2024,"12,000,000",+15% (Since Launch),Emaar Properties,The Oasis,Luxury Villas,Waterfront/Luxury,,,,,"1,800","2,010","2,110",5,"1,600",5.5,,30m,20m,25m,20m,15.0,Mid-Range,0.0876,-23.95,Established
3,Equiterra Phase 2,The Oasis,2024,"12,500,000",+12% (Since Launch),Emaar Properties,The Oasis,Luxury Villas,Waterfront/Luxury,,,,,"1,850","2,030","2,140",5,"1,600",5.5,,30m,20m,25m,20m,,,,,
4,Equestra,The Oasis,2025,"15,000,000",+8% (Since Launch),Emaar Properties,The Oasis,Luxury Villas,Waterfront/Luxury,,,,,"15,000,000","1,900","1,980",5.2,"1,600",5.5,,30m,20m,25m,20m,,,,,
5,Chevalia Estate 2,The Oasis,2025,"16,000,000",+5% (Since Launch),Emaar Properties,The Oasis,Mansions,Waterfront/Luxury,,,,,"16,000,000","2,200","2,310",6,"1,600",5.5,,30m,20m,25m,20m,,,,,
6,Selvara Phase 3,Grand Polo Club,2025,"6,200,000",+7% (Since Launch),Emaar Properties,Grand Polo Club,Villas,Gated/Sport,,,,,"6,200,000","1,550","1,660",4.8,,,,40m,10m,35m,25m,,,,,
7,Selvara Phase 4,Grand Polo Club,2026,"6,450,000",+2% (Since Launch),Emaar Properties,Grand Polo Club,Villas,Gated/Sport,,,,,"6,450,000",,"1,620",4.8,,,,40m,10m,35m,25m,,,,,
8,Rashid Yachts & Marina,Port Rashid,2022,Community,+45% (Community Avg),Emaar Properties,Port Rashid,Apartments,Waterfront/Marina,,,"1,600","1,880","2,100","2,310","2,450",18.5,,,,15m,40m,15m,25m,,,,,
9,Aurea,Rashid Yachts,2024,"1,900,000",+20%,Emaar Properties,Rashid Yachts,Apartments,Waterfront/Marina,,,,,"2,200","2,500","2,680",19,"1,800",6.0,,15m,40m,15m,25m,,,,,
10,Pier Point,Rashid Yachts,2024,"3,190,000",+14%,Emaar Properties,Rashid Yachts,Apartments,Waterfront/Marina,,,,,"2,150","2,410","2,550",19,"1,800",6.0,,15m,40m,15m,25m,,,,,
11,Marina Cove,Dubai Marina,2024,"2,030,000",+12%,Emaar Properties,Rashid Yachts,Apartments,Waterfront/Marina,,,,,"2,050","2,250","2,360",18,"1,900",6.5,,25m,25m,20m,0m,,,,,
12,Sera 2,Rashid Yachts,2024,"2,110,000",+11%,Emaar Properties,Rashid Yachts,Apartments,Waterfront/Marina,,,,,"2,100","2,330","2,450",18.5,"1,800",6.0,,15m,40m,15m,25m,,,,,
13,Ocean Cove,Rashid Yachts,2024,"3,220,000",+10%,Emaar Properties,Rashid Yachts,Apartments,Waterfront/Marina,,,,,"2,250","2,520","2,670",19,"1,800",6.0,,15m,40m,15m,25m,,,,,
14,Baystar,Rashid Yachts,2024,"2,100,000",+15%,Emaar Properties,Rashid Yachts,Apartments,Waterfront/Marina,,,,,"2,300","2,620","2,800",19.5,"1,800",6.0,,15m,40m,15m,25m,,,,,
15,Seagate,Rashid Yachts,2022,"2,300,000",+38%,Emaar Properties,Rashid Yachts,Apartments,Waterfront/Marina,,,"1,650","1,900","2,120","2,330","2,470",18.5,"1,800",6.0,,15m,40m,15m,25m,,,,,
16,Clearpoint,Rashid Yachts,2023,"2,500,000",+25%,Emaar Properties,Rashid Yachts,Apartments,Waterfront/Marina,,,,"1,750","2,010","2,230","2,380",18.5,"1,800",6.0,,15m,40m,15m,25m,,,,,
17,Sunridge,Rashid Yachts,2023,"2,400,000",+22%,Emaar Properties,Rashid Yachts,Apartments,Waterfront/Marina,,,,"1,700","1,940","2,130","2,260",18.5,"1,800",6.0,,15m,40m,15m,25m,,,,,
18,Dubai Creek Harbour,Creek Harbour,2016,Community,+65% (Since 2020),Emaar Properties,Creek Harbour,Apartments,Waterfront/Urban,"1,150","1,220","1,450","1,630","1,800","1,950","2,050",17.5,"1,900",6.0,,15m,35m,10m,25m,,,,,
19,Valo,Creek Harbour,2024,"1,780,000",+14%,Emaar Properties,Creek Harbour,Apartments,Waterfront/Urban,,,,,"1,850","2,110","2,240",18,"1,900",6.0,,15m,35m,10m,25m,,,,,
20,Aeon,Creek Harbour,2024,"1,750,000",+16%,Emaar Properties,Creek Harbour,Apartments,Waterfront/Urban,,,,,"1,900","2,200","2,350",18,"1,900",6.0,,15m,35m,10m,25m,,,,,
21,Oria,Creek Harbour,2024,"1,700,000",+18%,Emaar Properties,Creek Harbour,Apartments,Waterfront/Urban,,,,,"1,950","2,300","2,460",18,"1,900",6.0,,15m,35m,10m,25m,,,,,
22,Mangrove,Creek Beach,2024,"1,480,000",+15%,Emaar Properties,Creek Beach,Apartments,Waterfront/Beach,,,,,"1,650","1,900","2,010",16.5,,,,15m,35m,10m,25m,,,,,
23,Altan,Creek Beach,2023,"1,550,000",+22%,Emaar Properties,Creek Beach,Apartments,Waterfront/Beach,,,,"1,550","1,740","1,910","2,030",16.5,,,,15m,35m,10m,25m,,,,,
24,Silva,Creek Harbour,2024,"1,800,000",+12%,Emaar Properties,Creek Harbour,Apartments,Waterfront/Urban,,,,,"1,750","1,960","2,060",17.5,"1,900",6.0,,15m,35m,10m,25m,,,,,
25,Albero,Creek Harbour,2024,"1,650,000",+14%,Emaar Properties,Creek Harbour,Apartments,Waterfront/Urban,,,,,"1,800","2,050","2,170",17.5,"1,900",6.0,,15m,35m,10m,25m,,,,,
26,Montiva,Creek Harbour,2025,"1,850,000",+6%,Emaar Properties,Creek Harbour,Apartments,Waterfront/Urban,,,,,"1,850,000","1,900","1,980",18,"1,900",6.0,,15m,35m,10m,25m,,,,,
27,Creek Waters 1,Creek Harbour,2023,"1,600,000",+35%,Emaar Properties,Creek Harbour,Apartments,Waterfront/Urban,,,,"1,700","2,010","2,290","2,470",19,"1,900",6.0,,15m,35m,10m,25m,,,,,
28,Creek Waters 2,Creek Harbour,2023,"1,700,000",+32%,Emaar Properties,Creek Harbour,Apartments,Waterfront/Urban,,,,"1,750","2,030","2,270","2,430",19,"1,900",6.0,,15m,35m,10m,25m,,,,,
29,Creek Gate,Creek Harbour,2017,"1,200,000",+70% (Since 2020),Emaar Properties,Creek Harbour,Apartments,Waterfront/Urban,"1,200","1,290","1,490","1,660","1,810","1,950","2,050",16.5,"1,900",6.0,,15m,35m,10m,25m,,,,,
30,Address Grand Creek,Creek Harbour,2023,"2,200,000",+40%,Emaar Properties,Creek Harbour,Serviced Apt,Waterfront/Luxury,,,,"2,200","2,640","3,030","3,300",28,"1,900",6.0,,15m,35m,10m,25m,,,,,
31,Dubai Hills Estate,Dubai Hills,2015,Community,+85% (Since 2020),Emaar Properties,Dubai Hills,Mixed,Master Community,"1,050","1,180","1,470","1,710","1,940","2,150","2,310",15.5,,,,20m,25m,15m,15m,,,,,
32,Park Gate 2,Dubai Hills,2024,"3,300,000",+12%,Emaar Properties,Dubai Hills,Villas,Gated/Green,,,,,"1,650","1,850","1,960",3.5,,,,20m,25m,15m,15m,,,,,
33,Rosehill,Dubai Hills,2024,"3,100,000",+14%,Emaar Properties,Dubai Hills,Apartments,Gated/Green,,,,,"1,700","1,940","2,070",16,,,,20m,25m,15m,15m,,,,,
34,Greencrest,Dubai Hills,2025,"15,000,000",+4%,Emaar Properties,Dubai Hills,Luxury Villas,Golf/Ultra-Luxury,,,,,"15,000,000","2,800","2,940",4.2,,,,20m,25m,15m,15m,,,,,
35,Palace Residences,Dubai Hills,2024,"1,710,000",+20%,Emaar Properties,Dubai Hills,Apartments,Luxury/Golf,,,,,"1,950","2,300","2,510",20,,,,20m,25m,15m,15m,,,,,
36,Vida Residences,Dubai Hills,2024,"1,650,000",+18%,Emaar Properties,Dubai Hills,Apartments,Lifestyle/Golf,,,,,"1,850","2,150","2,320",19.5,,,,20m,25m,15m,15m,,,,,
37,Golf Hillside,Dubai Hills,2024,"1,450,000",+15%,Emaar Properties,Dubai Hills,Apartments,Golf/Green,,,,,"1,750","2,010","2,150",16.5,,,,20m,25m,15m,15m,,,,,
38,Parkland,Dubai Hills,2024,"1,550,000",+14%,Emaar Properties,Dubai Hills,Apartments,Green/Family,,,,,"1,700","1,940","2,070",16.5,,,,20m,25m,15m,15m,,,,,
39,Sidra Villas,Dubai Hills,2015,"3,500,000",+110% (Since 2020),Emaar Properties,Dubai Hills,Villas,Gated/Family,"1,000","1,150","1,500","1,780","2,030","2,260","2,440",3.2,,,,20m,25m,15m,15m,,,,,
40,Maple Townhouses,Dubai Hills,2015,"2,800,000",+105% (Since 2020),Emaar Properties,Dubai Hills,Townhouses,Gated/Family,950,"1,100","1,410","1,650","1,880","2,080","2,230",3.2,,,,20m,25m,15m,15m,,,,,
41,Address Villas Hillcrest,Dubai Hills,2022,"21,000,000",+45%,Emaar Properties,Dubai Hills,Luxury Villas,Gated/Luxury,,,"1,800","2,200","2,600","2,960","3,230",5.5,,,,20m,25m,15m,15m,,,,,
42,The Valley (Master),The Valley,2019,Community,+60% (Since 2020),Emaar Properties,The Valley,Townhouses,Gated/Family,800,860,"1,020","1,170","1,310","1,430","1,520",2.8,900,6.0,,25m,30m,25m,35m,,,,,
43,Velora,The Valley,2024,"2,800,000",+15%,Emaar Properties,The Valley,Townhouses,Gated/Family,,,,,"1,250","1,440","1,540",3,900,6.0,,25m,30m,25m,35m,,,,,
44,Venera,The Valley,2024,"2,950,000",+12%,Emaar Properties,The Valley,Townhouses,Gated/Family,,,,,"1,300","1,460","1,550",3,900,6.0,,25m,30m,25m,35m,,,,,
45,Rivera,The Valley,2024,"4,780,000",+10%,Emaar Properties,The Valley,Townhouses,Gated/Family,,,,,"1,350","1,480","1,550",3.2,900,6.0,,25m,30m,25m,35m,,,,,
46,Avena,The Valley,2024,"4,360,000",+12%,Emaar Properties,The Valley,Townhouses,Gated/Family,,,,,"1,280","1,430","1,520",3,900,6.0,,25m,30m,25m,35m,,,,,
47,Ovelle,The Valley,2024,"7,080,000",+8%,Emaar Properties,The Valley,Townhouses,Gated/Family,,,,,"1,400","1,510","1,570",3.2,900,6.0,,25m,30m,25m,35m,,,,,
48,Avelia,The Valley,2024,"7,250,000",+7%,Emaar Properties,The Valley,Townhouses,Gated/Family,,,,,"1,450","1,550","1,610",3.2,900,6.0,,25m,30m,25m,35m,,,,,
49,Elora,The Valley,2023,"1,600,000",+30%,Emaar Properties,The Valley,Townhouses,Gated/Family,,,,"1,150","1,360","1,520","1,640",3,900,6.0,,25m,30m,25m,35m,,,,,
50,Rivana,The Valley,2023,"2,800,000",+28%,Emaar Properties,The Valley,Twin Villas,Gated/Family,,,,"1,200","1,380","1,530","1,640",3,900,6.0,,25m,30m,25m,35m,,,,,
51,Farm Gardens 1,The Valley,2022,"5,100,000",+42%,Emaar Properties,The Valley,Villas,Gated/Farming,,,"1,100","1,300","1,480","1,640","1,760",4,900,6.0,,25m,30m,25m,35m,,,,,
52,Farm Gardens 2,The Valley,2024,"7,500,000",+15%,Emaar Properties,The Valley,Villas,Gated/Farming,,,,,"1,350","1,550","1,670",4,900,6.0,,25m,30m,25m,35m,,,,,
53,The Oasis (Master),The Oasis,2023,Community,+25% (Community Avg),Emaar Properties,The Oasis,Luxury Villas,Resort/Luxury,,,,"1,500","1,680","1,850","1,960",4.5,"1,600",5.5,,30m,20m,25m,20m,,,,,
54,Palmiera,The Oasis,2023,"8,500,000",+35%,Emaar Properties,The Oasis,Luxury Villas,Resort/Luxury,,,,"1,550","1,830","2,090","2,280",4.5,"1,600",5.5,,30m,20m,25m,20m,,,,,
55,Marèva 1,The Oasis,2024,"12,000,000",+18%,Emaar Properties,The Oasis,Luxury Villas,Resort/Luxury,,,,,"1,750","2,010","2,170",5,"1,600",5.5,,30m,20m,25m,20m,,,,,
56,Marèva 2,The Oasis,2024,"12,500,000",+15%,Emaar Properties,The Oasis,Luxury Villas,Resort/Luxury,,,,,"1,800","2,030","2,180",5,"1,600",5.5,,30m,20m,25m,20m,,,,,
57,Emaar South (Master),Emaar South,2016,Community,+55% (Since 2020),Emaar Properties,Emaar South,Townhouses/Apt,Airport/Golf,750,790,890,990,"1,080","1,170","1,230",2.5,900,6.5,,45m,5m,45m,35m,,,,,
58,Golf Hills 2,Emaar South,2024,"1,200,000",+12%,Emaar Properties,Emaar South,Apartments,Gated/Golf,,,,,"1,050","1,180","1,250",3.2,900,6.5,,45m,5m,45m,35m,,,,,
59,Vista Ridge,Emaar South,2024,"1,300,000",+14%,Emaar Properties,Emaar South,Townhouses,Gated/Golf,,,,,"1,100","1,250","1,340",3.2,900,6.5,,45m,5m,45m,35m,,,,,
60,Grove Ridge,Emaar South,2025,"1,450,000",+6%,Emaar Properties,Emaar South,Townhouses,Gated/Golf,,,,,"1,450,000","1,200","1,270",3.5,900,6.5,,45m,5m,45m,35m,,,,,
61,Expo Golf Villas,Emaar South,2018,"990,000",+75% (Since 2020),Emaar Properties,Emaar South,Townhouses,Gated/Golf,800,870,"1,010","1,150","1,290","1,410","1,500",2.8,900,6.5,,45m,5m,45m,35m,,,,,
62,Urbana,Emaar South,2016,"700,000",+60% (Since 2020),Emaar Properties,Emaar South,Townhouses,Gated/Family,700,750,860,960,"1,060","1,150","1,220",2.8,900,6.5,,45m,5m,45m,35m,,,,,
63,Expo Living (Master),Expo City,2024,Community,+10%,Emaar Properties,Expo City,Apartments,Integrated Urban,,,,,"1,200","1,320","1,400",14.5,"1,300",6.5,,40m,10m,35m,25m,,,,,
64,Terra Gardens,Expo Living,2024,"1,500,000",+12%,Emaar Properties,Expo Living,Apartments,Integrated Urban,,,,,"1,250","1,400","1,500",15,,,,40m,10m,35m,25m,,,,,
65,St. Regis Residences,Downtown,2022,"2,100,000",+48%,Emaar Properties,Downtown Dubai,Apartments,Luxury Urban,,,"2,500","2,950","3,390","3,800","4,100",28,,,,15m,35m,0m,20m,,,,,
66,Burj Crown,Downtown,2020,"2,100,000",+55%,Emaar Properties,Downtown Dubai,Apartments,High-Rise Urban,"1,850","2,070","2,440","2,730","3,000","3,240","3,400",21,,,,15m,35m,0m,20m,,,,,
67,Grande,Downtown,2018,"1,900,000",+62% (Since 2020),Emaar Properties,Downtown Dubai,Apartments,High-Rise Urban,"1,900","2,060","2,400","2,710","3,010","3,300","3,510",22,,,,15m,35m,0m,20m,,,,,
68,Act One,Downtown,2016,"1,500,000",+58% (Since 2020),Act Two,Emaar Properties,Downtown Dubai,Apartments,Act Two,"1,750","1,890","2,180","2,430","2,690","2,930","3,110",,,,15m,35m,0m,20m,,,,,
69,Il Primo,Downtown,2016,"18,000,000",+40% (Since 2020),Emaar Properties,Downtown Dubai,Penthouses,Ultra-Luxury,"3,500","3,730","4,180","4,590","4,980","5,340","5,630",35,,,,15m,35m,0m,20m,,,,,
70,Palm Jebel Ali,Jebel Ali,2023,Community,+60%,Nakheel,Jebel Ali,Mixed,Island/Luxury,,,,"2,500","3,130","3,760","4,210",5.5,900,7.0,,35m,15m,30m,15m,,,,,
71,Coral Collection,Palm Jebel Ali,2023,"18,500,000",+70%,Nakheel,Palm Jebel Ali,Mansions,Island/Luxury,,,,"2,600","3,510","4,390","5,050",6,"1,500",5.5,,45m,20m,45m,15m,,,,,
72,Beach Collection,Palm Jebel Ali,2023,"20,000,000",+65%,Nakheel,Palm Jebel Ali,Villas,Island/Luxury,,,,"2,550","3,370","4,110","4,690",6,"1,500",5.5,,45m,20m,45m,15m,,,,,
73,Dubai Islands,Dubai Islands,2022,Community,+50%,Nakheel,Dubai Islands,Mixed,Island/Resort,,,"1,300","1,500","1,680","1,850","1,980",3.5,"1,600",6.0,,15m,45m,20m,30m,,,,,
74,Rixos Dubai Islands,Dubai Islands,2023,"2,600,000",+42%,Nakheel,Dubai Islands,Branded Apt,Waterfront/Resort,,,,"2,200","2,680","3,160","3,480",25,"1,600",6.0,,15m,45m,20m,30m,,,,,
75,Bay Villas,Dubai Islands,2024,"4,500,000",+20%,Nakheel,Dubai Islands,Villas,Waterfront/Resort,,,,,"1,800","2,160","2,400",4.5,"1,600",6.0,,15m,45m,20m,30m,,,,,
76,Beach Walk Residences,Dubai Islands,2024,"2,200,000",+18%,Nakheel,Dubai Islands,Apartments,Waterfront/Resort,,,,,"2,000","2,360","2,600",20,"1,600",6.0,,15m,45m,20m,30m,,,,,
77,Palm Jumeirah,Palm Jumeirah,2001,Community,+120% (Since 2020),Nakheel,Palm Jumeirah,Mixed,Island/Luxury,"1,800","2,130","3,030","3,710","4,410","5,050","5,530",19.5,"2,500",5.5,,25m,35m,20m,10m,,,,,
78,Como Residences,Palm Jumeirah,2023,"21,000,000",+55%,Nakheel,Palm Jumeirah,High-End Apt,Island/Luxury,,,,"5,500","6,880","8,260","9,250",45,"2,500",5.5,,25m,35m,20m,10m,,,,,
79,Palm Beach Tower 1,Palm Jumeirah,2022,"3,500,000",+48%,Nakheel,Palm Jumeirah,Apartments,Waterfront/Urban,,,"2,500","3,050","3,510","3,930","4,240",22,"2,500",5.5,,25m,35m,20m,10m,,,,,
80,Palm Beach Tower 2,Palm Jumeirah,2022,"3,700,000",+45%,Nakheel,Palm Jumeirah,Apartments,Waterfront/Urban,,,"2,600","3,120","3,560","3,950","4,230",22,"2,500",5.5,,25m,35m,20m,10m,,,,,
81,Palm Beach Tower 3,Palm Jumeirah,2022,"4,200,000",+42%,Nakheel,Palm Jumeirah,Apartments,Waterfront/Urban,,,"2,700","3,190","3,570","3,930","4,210",22,"2,500",5.5,,25m,35m,20m,10m,,,,,
82,The Palm Tower,Palm Jumeirah,2014,"2,800,000",+85% (Since 2020),Nakheel,Palm Jumeirah,Hotel/Residences,Mixed-Use,"2,100","2,430","3,020","3,520","3,980","4,400","4,720",35,"2,500",5.5,,25m,35m,20m,10m,,,,,
83,Azure Residences,Palm Jumeirah,2013,"1,500,000",+75% (Since 2020),Nakheel,Palm Jumeirah,Apartments,Waterfront/Family,"1,400","1,580","1,870","2,120","2,360","2,570","2,740",18,"2,500",5.5,,25m,35m,20m,10m,,,,,
84,Club Vista Mare,Palm Jumeirah,2013,"1,200,000",+80% (Since 2020),Nakheel,Palm Jumeirah,Apartments,Waterfront/Leisure,"1,500","1,700","2,050","2,350","2,640","2,900","3,100",20,"2,500",5.5,,25m,35m,20m,10m,,,,,
85,Jumeirah Islands,Jumeirah Islands,2003,Community,+95% (Since 2020),Nakheel,Jumeirah Islands,Villas,Gated/Inland,"1,100","1,280","1,700","2,030","2,340","2,630","2,850",4.5,"2,000",5.0,,25m,25m,20m,10m,,,,,
86,Jumeirah Park,Jumeirah Park,2006,Community,+88% (Since 2020),Nakheel,Jumeirah Park,Villas,Gated/Family,"1,000","1,150","1,470","1,730","1,980","2,210","2,390",4.2,"2,000",5.0,,25m,25m,20m,10m,,,,,
87,Al Furjan (Master),Al Furjan,2007,Community,+65% (Since 2020),Nakheel,Al Furjan,Mixed,Suburban/Family,850,930,"1,100","1,260","1,420","1,560","1,660",3.5,"1,000",7.0,,30m,15m,25m,10m,,,,,
88,Tilal Al Furjan,Al Furjan,2022,"3,100,000",+35%,Nakheel,Al Furjan,Villas,Gated/Family,,,"1,100","1,270","1,420","1,560","1,670",3.8,"1,000",7.0,,30m,15m,25m,10m,,,,,
89,Murooj Al Furjan,Al Furjan,2021,"2,900,000",+42%,Nakheel,Al Furjan,Townhouses,Gated/Family,,,"1,240","1,410","1,570","1,710","1,810",3.8,"1,000",7.0,,30m,15m,25m,10m,,,,,
90,Discovery Gardens,Discovery Gdns,2004,Community,+40% (Since 2020),Nakheel,Discovery Gdns,Apartments,Low-Rise Family,650,680,750,810,870,930,970,12.5,,,,30m,20m,25m,10m,,,,,
91,The Gardens,The Gardens,2001,Community,+35% (Since 2020),Nakheel,The Gardens,Apartments,Low-Rise Family,600,630,690,750,810,860,900,12.5,,,,,,,,,,,,
92,Rixos Financial Center,Business Bay,2024,"2,800,000",+15%,East & West,Business Bay,Branded Apt,High-Rise Luxury,,,,,"2,800","3,220","3,480",32,"1,800",6.5,,15m,35m,5m,20m,,,,,
93,Nad Al Sheba Villas,Nad Al Sheba,2019,"2,800,000",+90% (Since 2020),Nakheel,Nad Al Sheba,Villas,Gated/Local,750,840,"1,050","1,240","1,420","1,580","1,710",4.5,"1,200",6.0,,20m,30m,15m,25m,,,,,
94,Warsan Village,Int. City,2013,"1,600,000",+55% (Since 2020),Nakheel,International City,Townhouses,Suburban/Economy,700,740,830,920,"1,000","1,080","1,140",2.8,,,,15m,35m,20m,30m,,,,,
95,International City,Int. City,2002,Community,+30% (Since 2020),Nakheel,International City,Apartments,Suburban/Economy,450,470,510,550,590,620,650,7,,,,15m,35m,20m,30m,,,,,
96,City Walk (Master),City Walk,2013,Community,+75% (Since 2020),Meraas,City Walk,Mixed,Urban/Lifestyle,"1,600","1,780","2,180","2,520","2,850","3,160","3,400",21,"2,000",6.0,,15m,35m,5m,20m,,,,,
97,Design Quarter d3 Ph 1,d3,2023,"1,900,000",+32%,Meraas,d3,Apartments,Urban/Creative,,,,"1,900","2,240","2,550","2,780",20,"1,800",6.5,,15m,30m,5m,20m,,,,,
98,Design Quarter d3 Ph 2,d3,2024,"2,100,000",+18%,Meraas,d3,Apartments,Urban/Creative,,,,,"2,100","2,420","2,610",20,"1,800",6.5,,15m,30m,5m,20m,,,,,
99,Central Park: Fern,City Walk,2022,"1,500,000",+45%,Meraas,City Walk,Apartments,Urban/Green,,,"1,800","2,070","2,320","2,550","2,730",18,"2,000",6.0,,15m,35m,5m,20m,,,,,
100,Central Park: Laurel,City Walk,2022,"1,550,000",+42%,Meraas,City Walk,Apartments,Urban/Green,,,"1,850","2,110","2,340","2,550","2,700",18,"2,000",6.0,,15m,35m,5m,20m,42.0,Mid-Range,0.07417231105914923,,Established
101,Central Park: Myrtle,City Walk,2022,"1,450,000",+48%,Meraas,City Walk,Apartments,Urban/Green,,,"1,750","2,030","2,270","2,500","2,680",18,"2,000",6.0,,15m,35m,5m,20m,,,,,
102,Central Park: Thyme,City Walk,2023,"2,100,000",+30%,Meraas,City Walk,Apartments,Urban/Green,,,,"2,100","2,420","2,690","2,880",18,"2,000",6.0,,15m,35m,5m,20m,,,,,
103,Central Park: Erin,City Walk,2023,"1,600,000",+35%,Meraas,City Walk,Apartments,Urban/Green,,,,"1,950","2,260","2,530","2,730",18,"2,000",6.0,,15m,35m,5m,20m,,,,,
104,City Walk Residences,City Walk,2014,"2,200,000",+80% (Since 2020),Meraas,City Walk,Apartments,Urban/Lifestyle,"1,650","1,830","2,170","2,480","2,790","3,070","3,290",21,"2,000",6.0,,15m,35m,5m,20m,,,,,
105,Port de La Mer (Master),La Mer,2018,Community,+95% (Since 2020),Meraas,Jumeirah 1,Apartments,Waterfront/Resort,"1,500","1,680","2,100","2,490","2,870","3,220","3,490",19.5,"2,200",5.5,,20m,35m,10m,20m,,,,,
106,La Sirène,Port de La Mer,2021,"1,500,000",+55%,Meraas,Port de La Mer,Apartments,Waterfront/Resort,,,"1,900","2,130","2,340","2,550","2,700",18,"2,200",5.5,,20m,35m,10m,20m,,,,,
107,La Voile,Port de La Mer,2019,"1,400,000",+85% (Since 2020),Meraas,Port de La Mer,Apartments,Waterfront/Resort,"1,400","1,550","1,840","2,120","2,410","2,680","2,890",18,"2,200",5.5,,20m,35m,10m,20m,,,,,
108,La Rive,Port de La Mer,2018,"1,350,000",+90% (Since 2020),Meraas,Port de La Mer,Apartments,Waterfront/Resort,"1,450","1,610","1,920","2,230","2,550","2,840","3,070",18,"2,200",5.5,,20m,35m,10m,20m,,,,,
109,Le Pont,Port de La Mer,2019,"1,450,000",+88% (Since 2020),Meraas,Port de La Mer,Apartments,Waterfront/Resort,"1,480","1,640","1,950","2,250","2,560","2,850","3,080",18,"2,200",5.5,,20m,35m,10m,20m,,,,,
110,La Cote,Port de La Mer,2018,"1,250,000",+95% (Since 2020),Meraas,Port de La Mer,Apartments,Waterfront/Resort,"1,500","1,670","2,010","2,340","2,680","3,000","3,250",18,"2,200",5.5,,20m,35m,10m,20m,,,,,
111,Sur La Mer,Port de La Mer,2019,"4,200,000",+110% (Since 2020),Meraas,Port de La Mer,Townhouses,Waterfront/Luxury,"1,800","2,070","2,740","3,350","3,970","4,530","5,010",5.5,"2,200",5.5,,20m,35m,10m,20m,,,,,
112,Madinat Jumeirah Living,MJL,2018,Community,+100% (Since 2020),Meraas,Jumeirah,Apartments,Pedestrian/Resort,"1,550","1,790","2,340","2,820","3,290","3,730","4,080",18,"2,200",6.0,,20m,30m,15m,10m,,,,,
113,Riwa,MJL,2024,"2,300,000",+12%,Meraas,MJL,Apartments,Pedestrian/Resort,,,,,"2,300","2,580","2,730",19,"2,200",6.0,,20m,30m,15m,10m,,,,,
114,Jadeel,MJL,2022,"1,600,000",+48%,Meraas,MJL,Apartments,Pedestrian/Resort,,,"1,700","2,010","2,310","2,590","2,800",18,"2,200",6.0,,20m,30m,15m,10m,,,,,
115,Lamaa,MJL,2022,"1,650,000",+45%,Meraas,MJL,Apartments,Pedestrian/Resort,,,"1,750","2,030","2,310","2,560","2,740",18,"2,200",6.0,,20m,30m,15m,10m,,,,,
116,Jomana,MJL,2023,"1,900,000",+30%,Meraas,MJL,Apartments,Pedestrian/Resort,,,,"1,900","2,240","2,550","2,780",18,"2,200",6.0,,20m,30m,15m,10m,,,,,
117,Rahaal,MJL,2018,"1,300,000",+110% (Since 2020),Meraas,MJL,Apartments,Pedestrian/Resort,"1,500","1,740","2,290","2,790","3,280","3,730","4,110",17.5,"2,200",6.0,,20m,30m,15m,10m,,,,,
118,Asayel,MJL,2019,"1,400,000",+105% (Since 2020),Meraas,MJL,Apartments,Pedestrian/Resort,"1,450","1,670","2,170","2,620","3,040","3,430","3,760",17.5,"2,200",6.0,,20m,30m,15m,10m,,,,,
119,The Acres Phase 1,Dubailand,2023,"5,090,000",+25%,Meraas,Dubailand,Villas,Nature/Gated,,,,"1,250","1,440","1,610","1,740",4.2,"1,000",7.0,,25m,25m,25m,25m,,,,,
120,The Acres Phase 2,Dubailand,2024,"5,350,000",+15%,Meraas,Dubailand,Villas,Nature/Gated,,,,,"1,350","1,510","1,620",4.2,"1,000",7.0,,25m,25m,25m,25m,,,,,
121,NAS Gardens Ph 1,Nad Al Sheba,2022,"4,200,000",+40%,Meraas,Nad Al Sheba,Villas,Gated/Family,,,"1,200","1,420","1,620","1,800","1,940",4.5,"1,200",6.0,,20m,30m,15m,25m,,,,,
122,NAS Gardens Ph 2,Nad Al Sheba,2023,"4,500,000",+32%,Meraas,Nad Al Sheba,Villas,Gated/Family,,,,"1,250","1,450","1,620","1,730",4.5,"1,200",6.0,,20m,30m,15m,25m,,,,,
123,NAS Gardens Ph 3,Nad Al Sheba,2023,"4,800,000",+28%,Meraas,Nad Al Sheba,Villas,Gated/Family,,,,"1,300","1,480","1,640","1,750",4.5,"1,200",6.0,,20m,30m,15m,25m,,,,,
124,NAS Gardens Ph 4,Nad Al Sheba,2024,"5,100,000",+18%,Meraas,Nad Al Sheba,Villas,Gated/Family,,,,,"1,350","1,510","1,600",4.5,"1,200",6.0,,20m,30m,15m,25m,,,,,
125,NAS Gardens Ph 5,Nad Al Sheba,2024,"5,500,000",+14%,Meraas,Nad Al Sheba,Villas,Gated/Family,,,,,"1,400","1,550","1,640",4.5,"1,200",6.0,,20m,30m,15m,25m,,,,,
126,NAS Gardens Ph 6,Nad Al Sheba,2024,"6,000,000",+10%,Meraas,Nad Al Sheba,Villas,Gated/Family,,,,,"6,000,000","1,500","1,560",4.5,"1,200",6.0,,20m,30m,15m,25m,,,,,
127,Cherrywoods,Dubailand,2019,"2,300,000",+75% (Since 2020),Meraas,Dubailand,Townhouses,Gated/Family,800,880,"1,040","1,190","1,340","1,470","1,580",3.5,"1,000",7.0,,25m,25m,25m,25m,,,,,
128,Bluewaters Bay,Bluewaters,2022,"4,400,000",+55%,Meraas,Bluewaters,Apartments,Island/Luxury,,,"2,200","2,680","3,160","3,630","3,960",24,"2,800",5.5,,25m,30m,20m,5m,,,,,
129,Bluewaters Residences,Bluewaters,2015,"2,500,000",+130% (Since 2020),Meraas,Bluewaters,Apartments,Island/Luxury,"2,500","2,960","4,100","5,090","6,130","7,080","7,820",28,"2,800",5.5,,25m,30m,20m,5m,,,,,
130,Bulgari Resort & Res,Jumeirah Bay,2017,"12,000,000",+250% (Since 2020),Meraas,Jumeirah Bay,Apartments,Ultra-Luxury,"3,800","4,770","7,870","10,640","13,670","16,730","19,270",54,"3,500",4.5,,20m,35m,10m,20m,,,,,
131,Villa Amalfi,Jumeirah Bay,2018,"5,500,000",+180% (Since 2020),Meraas,Jumeirah Bay,Luxury Villas,Ultra-Luxury,"2,500","2,960","4,310","5,530","6,770","8,000","9,000",12,"3,500",4.5,,20m,35m,10m,20m,,,,,
132,Bulgari Lighthouse,Jumeirah Bay,2023,"64,000,000",+60%,Meraas,Jumeirah Bay,Apartments,Ultra-Luxury,,,,"6,500","8,130","9,760","11,220",65,"3,500",4.5,,20m,35m,10m,20m,,,,,
133,Mudon (Master),Mudon,2012,Community,+65% (Since 2020),Dubai Properties,Mudon,Mixed,Suburban/Family,850,920,"1,070","1,210","1,350","1,470","1,560",3.5,"1,000",6.5,,25m,20m,20m,20m,,,,,
134,Mudon Al Ranim Ph 1,Mudon,2022,"1,900,000",+38%,Dubai Properties,Mudon,Townhouses,Gated/Family,,,"1,100","1,270","1,420","1,560","1,670",3.8,"1,000",6.5,,25m,20m,20m,20m,,,,,
135,Mudon Al Ranim Ph 2,Mudon,2022,"2,000,000",+35%,Dubai Properties,Mudon,Townhouses,Gated/Family,,,"1,150","1,310","1,450","1,580","1,670",3.8,"1,000",6.5,,25m,20m,20m,20m,,,,,
136,Mudon Al Ranim Ph 3,Mudon,2023,"2,100,000",+28%,Dubai Properties,Mudon,Townhouses,Gated/Family,,,,"1,200","1,380","1,530","1,640",3.8,"1,000",6.5,,25m,20m,20m,20m,,,,,
137,Mudon Al Ranim Ph 4,Mudon,2023,"2,250,000",+25%,Dubai Properties,Mudon,Townhouses,Gated/Family,,,,"1,250","1,430","1,570","1,660",3.8,"1,000",6.5,,25m,20m,20m,20m,,,,,
138,Mudon Al Ranim Ph 5,Mudon,2023,"2,300,000",+22%,Dubai Properties,Mudon,Townhouses,Gated/Family,,,,"1,300","1,470","1,600","1,700",3.8,"1,000",6.5,,25m,20m,20m,20m,,,,,
139,Mudon Al Ranim Ph 6,Mudon,2023,"2,400,000",+20%,Dubai Properties,Mudon,Townhouses,Gated/Family,,,,"1,350","1,510","1,630","1,730",3.8,"1,000",6.5,,25m,20m,20m,20m,,,,,
140,Mudon Al Ranim Ph 7,Mudon,2024,"2,550,000",+15%,Dubai Properties,Mudon,Townhouses,Gated/Family,,,,,"1,400","1,570","1,660",3.8,"1,000",6.5,,25m,20m,20m,20m,,,,,
141,Mudon Al Ranim Ph 8,Mudon,2024,"2,700,000",+12%,Dubai Properties,Mudon,Townhouses,Gated/Family,,,,,"1,450","1,600","1,680",3.8,"1,000",6.5,,25m,20m,20m,20m,,,,,
142,Mudon Views,Mudon,2017,"800,000",+70% (Since 2020),Dubai Properties,Mudon,Apartments,Gated/Family,900,980,"1,140","1,300","1,460","1,610","1,730",14.5,"1,000",6.5,,25m,20m,20m,20m,,,,,
143,Rahat,Mudon,2013,"3,100,000",+68% (Since 2020),Dubai Properties,Mudon,Villas,Gated/Family,850,920,"1,070","1,220","1,360","1,490","1,590",3.5,"1,000",6.5,,25m,20m,20m,20m,,,,,
144,Naseem,Mudon,2014,"3,300,000",+65% (Since 2020),Dubai Properties,Mudon,Villas,Gated/Family,830,900,"1,050","1,190","1,320","1,440","1,530",3.5,"1,000",6.5,,25m,20m,20m,20m,,,,,
145,Villanova (Master),Dubailand,2016,Community,+85% (Since 2020),Dubai Properties,Dubailand,Townhouses,Gated/Family,900,"1,000","1,200","1,390","1,590","1,780","1,930",3.5,"1,000",7.0,,25m,25m,25m,25m,,,,,
146,La Violeta,Villanova,2022,"1,600,000",+35%,Dubai Properties,Villanova,Townhouses,Gated/Family,,,"1,100","1,270","1,420","1,560","1,670",3.8,950,6.5,,25m,25m,25m,25m,,,,,
147,Amaranta,Villanova,2016,"1,200,000",+95% (Since 2020),Dubai Properties,Villanova,Townhouses,Gated/Family,850,960,"1,180","1,400","1,620","1,820","1,980",3.5,950,6.5,,25m,25m,25m,25m,,,,,
148,La Rosa Phase 1,Villanova,2019,"1,280,000",+90% (Since 2020),Dubai Properties,Villanova,Townhouses,Gated/Family,900,"1,010","1,230","1,450","1,670","1,870","2,030",3.5,950,6.5,,25m,25m,25m,25m,,,,,
149,La Rosa Phase 2,Villanova,2019,"1,350,000",+88% (Since 2020),Dubai Properties,Villanova,Townhouses,Gated/Family,920,"1,030","1,250","1,470","1,690","1,880","2,030",3.5,950,6.5,,25m,25m,25m,25m,,,,,
150,La Rosa Phase 3,Villanova,2020,"1,400,000",+85%,Dubai Properties,Villanova,Townhouses,Gated/Family,950,"1,050","1,260","1,460","1,660","1,840","1,990",3.5,950,6.5,,25m,25m,25m,25m,,,,,
151,La Rosa Phase 4,Villanova,2020,"1,500,000",+82%,Dubai Properties,Villanova,Townhouses,Gated/Family,980,"1,070","1,260","1,450","1,640","1,810","1,950",3.5,950,6.5,,25m,25m,25m,25m,,,,,
152,La Rosa Phase 5,Villanova,2021,"1,600,000",+55%,Dubai Properties,Villanova,Townhouses,Gated/Family,,,"1,270","1,450","1,620","1,780","1,910",3.5,950,6.5,,25m,25m,25m,25m,,,,,
153,La Rosa Phase 6,Villanova,2021,"1,750,000",+50%,Dubai Properties,Villanova,Townhouses,Gated/Family,,,"1,310","1,480","1,650","1,810","1,940",3.5,950,6.5,,25m,25m,25m,25m,,,,,
154,JBR (Master),JBR,2002,Community,+60% (Since 2020),Dubai Properties,JBR,Apartments,Waterfront/Lifestyle,"1,400","1,510","1,740","1,950","2,150","2,330","2,470",15.4,,,,,,,,,,,,
155,1/JBR,JBR,2015,"6,500,000",+95% (Since 2020),Dubai Properties,JBR,Apartments,Waterfront/Luxury,"2,800","3,150","3,860","4,510","5,150","5,730","6,200",24,,,,,,,,,,,,
156,La Vie,JBR,2019,"3,500,000",+105% (Since 2020),Dubai Properties,JBR,Apartments,Waterfront/Luxury,"2,100","2,430","3,120","3,730","4,330","4,870","5,330",22,,,,,,,,,,,,
157,Riverside Marasi,Business Bay,2024,"1,500,000",+15%,Dubai Properties,Business Bay,Apartments,Waterfront/Urban,,,,,"1,800","2,020","2,140",18,"1,800",6.5,,15m,35m,5m,20m,,,,,
158,Bellevue Towers,Downtown,2016,"1,200,000",+55% (Since 2020),Dubai Properties,Downtown,Apartments,Urban/Mid-Range,"1,300","1,400","1,600","1,780","1,960","2,130","2,250",16.5,,,,15m,35m,0m,20m,,,,,
159,Executive Towers,Business Bay,2005,Community,+45% (Since 2020),Dubai Properties,Business Bay,Mixed,Urban/Commercial,"1,150","1,230","1,380","1,520","1,660","1,800","1,900",14.75,"1,800",6.5,,15m,35m,5m,20m,,,,,
160,Bay Square,Business Bay,2007,Community,+40% (Since 2020),Dubai Properties,Business Bay,Mixed,Urban/Commercial,"1,100","1,170","1,310","1,440","1,570","1,690","1,780",16,"1,800",6.5,,15m,35m,5m,20m,,,,,
161,Serena Bella Casa,Serena,2016,"1,200,000",+95% (Since 2020),Dubai Properties,Serena,Townhouses,Gated/Family,900,"1,010","1,240","1,470","1,700","1,910","2,080",3.5,950,6.5,,25m,25m,25m,25m,,,,,
162,Serena Casa Dora,Serena,2016,"1,300,000",+92% (Since 2020),Dubai Properties,Serena,Townhouses,Gated/Family,930,"1,040","1,270","1,500","1,730","1,930","2,090",3.5,950,6.5,,25m,25m,25m,25m,,,,,
163,Serena Casa Viva,Serena,2017,"1,400,000",+90% (Since 2020),Dubai Properties,Serena,Townhouses,Gated/Family,950,"1,060","1,290","1,520","1,750","1,950","2,110",3.5,950,6.5,,25m,25m,25m,25m,,,,,
164,Remraam,Dubailand,2007,Community,+45% (Since 2020),Dubai Properties,Dubailand,Apartments,Suburban/Economy,550,580,640,700,760,810,850,10.5,"1,000",7.0,,25m,25m,25m,25m,,,,,
165,Layan,Dubailand,2006,Community,+50% (Since 2020),Dubai Properties,Dubailand,Villas/Townhouses,Gated/Family,750,790,880,960,"1,040","1,120","1,180",4.5,"1,000",7.0,,25m,25m,25m,25m,,,,,
166,The Villa,Dubailand,2005,Community,+75% (Since 2020),Dubai Properties,Dubailand,Villas,Gated/Family,800,880,"1,040","1,190","1,340","1,480","1,590",3.5,"1,000",7.0,,25m,25m,25m,25m,,,,,
167,Manazel Al Khor,Culture Village,2014,"1,800,000",+45% (Since 2020),Dubai Properties,Culture Village,Apartments,Waterfront/Heritage,"1,400","1,500","1,680","1,860","2,040","2,210","2,350",18,,,,10m,35m,10m,25m,,,,,
168,Dubai Wharf,Culture Village,2014,"1,100,000",+40% (Since 2020),Dubai Properties,Culture Village,Apartments,Waterfront/Urban,"1,200","1,270","1,420","1,560","1,700","1,840","1,950",16.5,,,,10m,35m,10m,25m,,,,,
169,Haven (Master),Dubailand,2023,Community,+30%,Aldar Properties,Dubailand,Mixed,Wellness/Gated,,,,"1,200","1,380","1,550","1,660",3.5,"1,000",7.0,,25m,25m,25m,25m,,,,,
170,Verdes by Haven,Haven,2024,"990,000",+18%,Aldar Properties,Haven,Apartments,Wellness/Gated,,,,,"1,250","1,440","1,560",13.5,,,,,,,,,,,,
171,Athlon (Master),Dubailand,2024,Community,+22%,Aldar Properties,Dubailand,Mixed,Active/Gated,,,,,"1,350","1,590","1,730",3.8,"1,000",7.0,,25m,25m,25m,25m,,,,,
172,Rise by Athlon,Athlon,2024,"2,800,000",+15%,Aldar Properties,Athlon,Townhouses,Active/Gated,,,,,"1,400","1,570","1,660",3.8,,,,,,,,,,,,
173,The Wilds,Athlon,2024,"3,200,000",+12%,Aldar Properties,Athlon,Townhouses,Active/Gated,,,,,"1,450","1,600","1,680",3.8,,,,,,,,,,,,
174,Nikki Beach Res RAK,RAK,2023,"2,300,000",+45%,Aldar Properties,RAK,Branded Apt,Island/Luxury,,,,"2,100","2,560","3,020","3,320",15,,,,60m,80m,65m,75m,,,,,
175,Rosso Bay,RAK,2023,"2,100,000",+40%,Aldar Properties,RAK,Branded Apt,Island/Luxury,,,,"2,000","2,400","2,780","3,030",15,,,,60m,80m,65m,75m,,,,,
176,Sun City (Master),Dubailand,2024,Community,+10%,Damac Properties,Dubailand,Mixed,Theme/Family,,,,,"1,100","1,190","1,240",3.2,"1,000",7.0,,25m,25m,25m,25m,,,,,
177,Cherrywoods District,Dubailand,2025,"2,450,000",+5%,Damac Properties,Dubailand,Townhouses,Gated/Family,,,,,"2,450,000","1,250","1,310",3.5,"1,000",7.0,,25m,25m,25m,25m,,,,,
178,DAMAC Lagoons,Dubailand,2021,Community,+65%,Damac Properties,Dubailand,Mixed,Water Theme/Gated,,,"1,310","1,550","1,780","1,990","2,140",3.5,"1,000",7.0,,25m,25m,25m,25m,,,,,
179,Venice,Lagoons,2022,"4,900,000",+48%,Damac Properties,Lagoons,Villas,Water Theme/Gated,,,"1,400","1,650","1,900","2,130","2,300",3.8,,,,,,,,,,,,
180,Morocco,Lagoons,2023,"2,900,000",+35%,Damac Properties,Lagoons,Villas,Water Theme/Gated,,,,"1,450","1,710","1,950","2,110",3.8,,,,,,,,,,,,
181,Mykonos,Lagoons,2023,"2,500,000",+32%,Damac Properties,Lagoons,Townhouses,Water Theme/Gated,,,,"1,350","1,570","1,770","1,900",3.5,,,,,,,,,,,,
182,Santorini,Lagoons,2021,"1,500,000",+75%,Damac Properties,Lagoons,Townhouses,Water Theme/Gated,,,"1,220","1,440","1,660","1,860","2,010",3.5,,,,,,,,,,,,
183,Costa Brava,Lagoons,2021,"1,600,000",+72%,Damac Properties,Lagoons,Townhouses,Water Theme/Gated,,,"1,220","1,430","1,630","1,810","1,950",3.5,,,,,,,,,,,,
184,Nice,Lagoons,2021,"1,700,000",+70%,Damac Properties,Lagoons,Townhouses,Water Theme/Gated,,,"1,250","1,460","1,660","1,840","1,980",3.5,,,,,,,,,,,,
185,Malta,Lagoons,2022,"1,800,000",+55%,Damac Properties,Lagoons,Townhouses,Water Theme/Gated,,,"1,100","1,300","1,500","1,680","1,810",3.5,,,,,,,,,,,,
186,Portofino,Lagoons,2022,"1,900,000",+52%,Damac Properties,Lagoons,Townhouses,Water Theme/Gated,,,"1,150","1,350","1,550","1,730","1,860",3.5,,,,,,,,,,,,
187,Ibiza,Lagoons,2022,"2,100,000",+45%,Damac Properties,Lagoons,Townhouses,Water Theme/Gated,,,,"1,250","1,480","1,690","1,830",3.5,,,,,,,,,,,,
188,Monte Carlo,Lagoons,2022,"2,000,000",+48%,Damac Properties,Lagoons,Townhouses,Water Theme/Gated,,,,"1,300","1,530","1,740","1,880",3.5,,,,,,,,,,,,
189,Marbella,Lagoons,2022,"1,950,000",+50%,Damac Properties,Lagoons,Townhouses,Water Theme/Gated,,,,"1,350","1,600","1,840","2,000",3.5,,,,,,,,,,,,
190,DAMAC Hills 2,Dubailand,2014,Community,+55% (Since 2020),Damac Properties,Dubailand,Mixed,Suburban/Gated,550,580,650,720,790,850,900,5.05,"1,000",7.0,,25m,25m,25m,25m,,,,,
191,Violet Phase 1,D3 Hills 2,2024,"1,800,000",+15%,Damac Properties,D3 Hills 2,Townhouses,Suburban/Gated,,,,,950,"1,060","1,120",3.2,,,,35m,30m,35m,30m,,,,,
192,Violet Phase 2,D3 Hills 2,2024,"1,870,000",+12%,Damac Properties,D3 Hills 2,Townhouses,Suburban/Gated,,,,,980,"1,080","1,140",3.2,,,,35m,30m,35m,30m,,,,,
193,Violet Phase 3,D3 Hills 2,2024,"1,950,000",+10%,Damac Properties,D3 Hills 2,Townhouses,Suburban/Gated,,,,,"1,950,000","1,050","1,100",3.2,,,,35m,30m,35m,30m,,,,,
194,Elo 1,D3 Hills 2,2024,"547,000",+20%,Damac Properties,D3 Hills 2,Apartments,Suburban/Gated,,,,,900,"1,040","1,120",11.5,,,,35m,30m,35m,30m,,,,,
195,Elo 2,D3 Hills 2,2024,"560,000",+18%,Damac Properties,D3 Hills 2,Apartments,Suburban/Gated,,,,,930,"1,060","1,140",11.5,,,,35m,30m,35m,30m,,,,,
196,Elo 3,D3 Hills 2,2024,"580,000",+15%,Damac Properties,D3 Hills 2,Apartments,Suburban/Gated,,,,,"580,000","1,020","1,070",11.5,,,,35m,30m,35m,30m,,,,,
197,Park Greens,D3 Hills 2,2023,"2,800,000",+25%,Damac Properties,D3 Hills 2,Villas,Suburban/Gated,,,,"1,100","1,270","1,420","1,530",3.8,,,,35m,30m,35m,30m,,,,,
198,Verona,D3 Hills 2,2023,"1,800,000",+28%,Damac Properties,D3 Hills 2,Townhouses,Suburban/Gated,,,,"1,050","1,220","1,380","1,490",3.5,,,,35m,30m,35m,30m,,,,,
199,Natura,D3 Hills 2,2024,"1,850,000",+15%,Damac Properties,D3 Hills 2,Townhouses,Suburban/Gated,,,,,"1,150","1,290","1,370",3.5,,,,35m,30m,35m,30m,,,,,
200,DAMAC Riverside,Riverside,2024,Community,+12%,Damac Properties,Riverside,Townhouses,Waterfront/Gated,,,,,"1,200","1,320","1,400",3.2,,,,35m,15m,30m,20m,,,,,
201,Water Vein,Riverside,2024,"2,400,000",+14%,Damac Properties,Riverside,Townhouses,Waterfront/Gated,,,,,"1,250","1,400","1,490",3.5,,,,35m,15m,30m,20m,,,,,
202,Green Vein,Riverside,2024,"2,500,000",+12%,Damac Properties,Riverside,Townhouses,Waterfront/Gated,,,,,"2,500,000","1,350","1,420",3.5,,,,35m,15m,30m,20m,,,,,
203,Safa One,SZR,2022,"1,600,000",+55%,Damac Properties,SZR,Apartments,High-Rise Luxury,,,"1,900","2,320","2,740","3,150","3,430",22,,,,15m,35m,5m,20m,,,,,
204,Safa Two,SZR,2022,"1,800,000",+50%,Damac Properties,SZR,Apartments,High-Rise Luxury,,,"2,000","2,400","2,780","3,170","3,440",22,,,,15m,35m,5m,20m,,,,,
205,Cavalli Tower,Marina,2021,"2,100,000",+65%,Damac Properties,Marina,Apartments,High-Rise Luxury,,,"2,250","2,660","3,060","3,430","3,720",25,"1,900",6.5,,25m,25m,20m,0m,,,,,
206,DAMAC Bay 1,Harbour,2023,"2,900,000",+38%,Damac Properties,Harbour,Apartments,Waterfront/Luxury,,,,"2,500","2,950","3,390","3,730",26,"1,900",6.0,,25m,30m,20m,5m,,,,,
207,DAMAC Bay 2,Harbour,2023,"3,100,000",+35%,Damac Properties,Harbour,Apartments,Waterfront/Luxury,,,,"2,600","3,020","3,440","3,750",26,"1,900",6.0,,25m,30m,20m,5m,,,,,
208,Canal Crown,Bus Bay,2023,"2,100,000",+32%,Damac Properties,Business Bay,Apartments,Waterfront/Luxury,,,,"2,200","2,530","2,830","3,070",22,,,,15m,35m,5m,20m,,,,,
209,Volta,SZR,2023,"1,700,000",+30%,Damac Properties,SZR,Apartments,High-Rise Urban,,,,"2,000","2,280","2,540","2,740",22,,,,15m,35m,5m,20m,,,,,
210,Chic Tower,Bus Bay,2022,"1,500,000",+42%,Damac Properties,Business Bay,Apartments,Waterfront/Luxury,,,"1,800","2,120","2,420","2,710","2,930",22,,,,15m,35m,5m,20m,,,,,
211,Elegance Tower,Downtown,2022,"1,800,000",+38%,Damac Properties,Downtown,Apartments,High-Rise Luxury,,,"2,100","2,440","2,760","3,060","3,290",24,,,,15m,35m,0m,20m,,,,,
212,Coral Reef,Maritime,2023,"1,700,000",+35%,Damac Properties,Maritime City,Apartments,Waterfront/Luxury,,,,"1,900","2,210","2,510","2,720",20,"1,700",6.0,,15m,40m,15m,25m,,,,,
213,Sapphire,SZR,2024,"2,200,000",+18%,Damac Properties,SZR,Apartments,High-Rise Luxury,,,,,"2,300","2,620","2,830",24,,,,15m,35m,5m,20m,,,,,
214,Sobha Solis,Motor City,2024,"1,100,000",+12%,Sobha Realty,Motor City,Apartments,Sports/Integrated,,,,,"1,100,000","1,500","1,580",14.5,950,7.5,,25m,20m,20m,15m,,,,,
215,Sobha Hartland II,Hartland II,2022,Community,+45%,Sobha Realty,Hartland II,Mixed,Waterfront/Urban,,,"1,400","1,650","1,900","2,140","2,310",16.5,,,,15m,30m,10m,20m,,,,,
216,Skyscape Avenue,Hartland II,2024,"1,700,000",+15%,Sobha Realty,Hartland II,Apartments,Waterfront/Urban,,,,,"1,850","2,080","2,230",17,,,,15m,30m,10m,20m,,,,,
217,Skyscape Aura,Hartland II,2024,"1,700,000",+14%,Sobha Realty,Hartland II,Apartments,Waterfront/Urban,,,,,"1,900","2,120","2,260",17,,,,15m,30m,10m,20m,,,,,
218,320 Riverside,Hartland II,2023,"1,400,000",+32%,Sobha Realty,Hartland II,Apartments,Waterfront/Urban,,,,"1,550","1,810","2,050","2,210",16.5,,,,15m,30m,10m,20m,,,,,
219,350 Riverside,Hartland II,2023,"1,260,000",+35%,Sobha Realty,Hartland II,Apartments,Waterfront/Urban,,,,"1,500","1,770","2,020","2,190",16.5,,,,15m,30m,10m,20m,,,,,
220,310 Riverside,Hartland II,2023,"1,500,000",+30%,Sobha Realty,Hartland II,Apartments,Waterfront/Urban,,,,"1,600","1,850","2,070","2,240",16.5,,,,15m,30m,10m,20m,,,,,
221,340 Riverside,Hartland II,2024,"1,300,000",+18%,Sobha Realty,Hartland II,Apartments,Waterfront/Urban,,,,,"1,750","2,000","2,160",16.5,,,,15m,30m,10m,20m,,,,,
222,Sobha Estates,Hartland II,2023,"21,000,000",+40%,Sobha Realty,Hartland II,Luxury Villas,Gated/Luxury,,,,"2,100","2,490","2,860","3,120",5.5,,,,15m,30m,10m,20m,,,,,
223,Sobha Hartland I,Hartland,2014,Community,+75% (Since 2020),Sobha Realty,Hartland,Mixed,Gated/Urban,"1,100","1,200","1,420","1,630","1,840","2,030","2,180",16.5,"1,600",6.5,,15m,30m,10m,20m,,,,,
224,Creek Vistas Heights,Hartland,2022,"1,300,000",+48%,Sobha Realty,Hartland,Apartments,High-Rise Urban,,,"1,500","1,770","2,040","2,280","2,460",17.5,"1,600",6.5,,15m,30m,10m,20m,,,,,
225,Creek Vistas Res,Hartland,2020,"900,000",+85%,Sobha Realty,Hartland,Apartments,High-Rise Urban,"1,150","1,290","1,520","1,750","1,980","2,200","2,370",17.5,"1,600",6.5,,15m,30m,10m,20m,,,,,
226,Creek Vistas Grande,Hartland,2022,"1,400,000",+45%,Sobha Realty,Hartland,Apartments,High-Rise Urban,,,"1,550","1,810","2,060","2,300","2,480",17.5,"1,600",6.5,,15m,30m,10m,20m,,,,,
227,Hartland Greens,Hartland,2016,"1,100,000",+80% (Since 2020),Sobha Realty,Hartland,Apartments,Low-Rise Urban,"1,050","1,140","1,320","1,480","1,650","1,810","1,930",14.5,"1,600",6.5,,15m,30m,10m,20m,,,,,
228,One Park Avenue,Hartland,2020,"1,100,000",+78%,Sobha Realty,Hartland,Apartments,High-Rise Urban,"1,200","1,330","1,550","1,760","1,980","2,190","2,350",17.5,"1,600",6.5,,15m,30m,10m,20m,,,,,
229,Waves,Hartland,2021,"1,100,000",+65%,Sobha Realty,Hartland,Apartments,Waterfront/Urban,,,"1,540","1,770","2,000","2,220","2,390",17.5,"1,600",6.5,,15m,30m,10m,20m,,,,,
230,Waves Grande,Hartland,2021,"1,500,000",+62%,Sobha Realty,Hartland,Apartments,Waterfront/Urban,,,"1,580","1,810","2,040","2,260","2,430",17.5,"1,600",6.5,,15m,30m,10m,20m,,,,,
231,Forest Villas,Hartland,2017,"12,000,000",+95% (Since 2020),Sobha Realty,Hartland,Villas,Gated/Green,"1,200","1,370","1,710","1,990","2,270","2,540","2,760",4.8,"1,600",6.5,,15m,30m,10m,20m,,,,,
232,Sobha Elwood,Dubailand,2024,"7,900,000",+12%,Sobha Realty,Dubailand,Villas,Nature/Gated,,,,,"1,450","1,600","1,700",3.8,"1,000",7.0,,25m,25m,25m,25m,,,,,
233,Sobha Reserve,Dubailand,2023,"7,500,000",+28%,Sobha Realty,Dubailand,Villas,Nature/Gated,,,,"1,350","1,570","1,770","1,920",3.8,"1,000",7.0,,25m,25m,25m,25m,,,,,
234,Sobha Seahaven,Harbour,2023,"3,100,000",+45%,Sobha Realty,Harbour,Apartments,Waterfront/Luxury,,,,"2,500","3,060","3,630","4,010",26,"1,900",6.0,,25m,30m,20m,5m,,,,,
235,Sky Edition,Harbour,2023,"21,000,000",+35%,Sobha Realty,Harbour,Penthouses,Ultra-Luxury,,,,"3,800","4,560","5,290","5,820",32,"1,900",6.0,,25m,30m,20m,5m,,,,,
236,Verde by Sobha,JLT,2023,"1,800,000",+32%,Sobha Realty,JLT,Apartments,Urban/Golf View,,,,"1,750","2,070","2,380","2,590",19.5,,,,,,,,,,,,
237,Sobha Orbis,Motor City,2024,"990,000",+18%,Sobha Realty,Motor City,Apartments,Urban/Modern,,,,,"1,350","1,550","1,680",14.5,950,7.5,,25m,20m,20m,15m,,,,,
238,Ghaf Woods,Ghaf Woods,2024,Community,+15%,Majid Al Futtaim,Dubailand,Apartments,Nature/Integrated,,,,,"1,500","1,690","1,820",16.5,,,,25m,20m,20m,15m,,,,,
239,Plagette,Ghaf Woods,2024,"8,500,000",+14%,Majid Al Futtaim,Tilal Al Ghaf,Luxury Villas,Waterfront/Resort,,,,,"2,500","2,800","3,000",6,,,,25m,20m,20m,15m,,,,,
240,Sierra,Ghaf Woods,2024,"4,200,000",+12%,Majid Al Futtaim,Tilal Al Ghaf,Villas,Gated/Family,,,,,"1,650","1,820","1,930",4.2,,,,25m,20m,20m,15m,,,,,
241,Tilal Al Ghaf,Dubailand,2018,Community,+110% (Since 2020),Majid Al Futtaim,Dubailand,Mixed,Lagoon/Gated,900,"1,040","1,380","1,690","2,000","2,300","2,530",4.2,"1,000",7.0,,25m,25m,25m,25m,,,,,
242,Serenity Mansions,Tilal Al Ghaf,2023,"25,000,000",+45%,Majid Al Futtaim,Tilal Al Ghaf,Luxury Villas,Waterfront/Luxury,,,,"2,200","2,740","3,250","3,620",5.5,"1,500",6.0,,25m,20m,20m,15m,,,,,
243,Lanai Islands,Tilal Al Ghaf,2022,"64,000,000",+55%,Majid Al Futtaim,Tilal Al Ghaf,Mansions,Ultra-Luxury,,,"3,500","4,500","5,490","6,400","7,070",7.5,"1,500",6.0,,25m,20m,20m,15m,,,,,
244,Plagette 32,Tilal Al Ghaf,2023,"7,500,000",+38%,Majid Al Futtaim,Tilal Al Ghaf,Luxury Villas,Waterfront/Resort,,,,"2,300","2,730","3,130","3,410",6,"1,500",6.0,,25m,20m,20m,15m,,,,,
245,Amara,Tilal Al Ghaf,2024,"6,500,000",+18%,Majid Al Futtaim,Tilal Al Ghaf,Villas,Gated/Resort,,,,,"1,900","2,190","2,380",4.5,"1,500",6.0,,25m,20m,20m,15m,,,,,
246,Alaya,Tilal Al Ghaf,2021,"6,800,000",+70%,Majid Al Futtaim,Tilal Al Ghaf,Villas,Gated/Resort,,,"1,340","1,580","1,820","2,050","2,230",4.2,"1,500",6.0,,25m,20m,20m,15m,,,,,
247,Alaya Beach,Tilal Al Ghaf,2022,"15,000,000",+60%,Majid Al Futtaim,Tilal Al Ghaf,Mansions,Waterfront/Ultra,,,"1,800","2,250","2,700","3,120","3,450",5.5,"1,500",6.0,,25m,20m,20m,15m,,,,,
248,Elysian Mansions,Tilal Al Ghaf,2022,"18,000,000",+58%,Majid Al Futtaim,Tilal Al Ghaf,Mansions,Waterfront/Ultra,,,"1,900","2,360","2,820","3,240","3,560",5.5,"1,500",6.0,,25m,20m,20m,15m,,,,,
249,Harmony 1,Tilal Al Ghaf,2020,"3,100,000",+95%,Majid Al Futtaim,Tilal Al Ghaf,Villas,Gated/Family,950,"1,130","1,470","1,760","2,050","2,320","2,540",3.8,"1,500",6.0,,25m,20m,20m,15m,,,,,
250,Harmony 2,Tilal Al Ghaf,2021,"3,300,000",+75%,Majid Al Futtaim,Tilal Al Ghaf,Villas,Gated/Family,,,"1,410","1,670","1,930","2,170","2,370",3.8,"1,500",6.0,,25m,20m,20m,15m,,,,,
251,Harmony 3,Tilal Al Ghaf,2021,"3,600,000",+72%,Majid Al Futtaim,Tilal Al Ghaf,Villas,Gated/Family,,,"1,450","1,710","1,980","2,220","2,420",3.8,"1,500",6.0,,25m,20m,20m,15m,,,,,
252,Elan,Tilal Al Ghaf,2020,"1,300,000",+120%,Majid Al Futtaim,Tilal Al Ghaf,Townhouses,Gated/Family,850,"1,060","1,470","1,820","2,180","2,510","2,800",3.2,"1,500",6.0,,25m,20m,20m,15m,,,,,
253,Aura,Tilal Al Ghaf,2021,"2,400,000",+85%,Majid Al Futtaim,Tilal Al Ghaf,Twin Villas,Gated/Family,,,"1,390","1,690","1,990","2,270","2,500",3.8,"1,500",6.0,,25m,20m,20m,15m,,,,,
254,The Highgrove,MBR City,2024,"2,100,000",+14%,Ellington Prop.,MBR City,Apartments,Urban/Luxury,,,,,"2,100,000","2,000","2,130",18,"1,600",6.0,,15m,30m,10m,20m,,,,,
255,Claydon House,MBR City,2024,"1,700,000",+16%,Ellington Prop.,MBR City,Apartments,Urban/Luxury,,,,,"1,800","2,030","2,180",18,"1,600",6.0,,15m,30m,10m,20m,,,,,
256,Wilton Terraces 1,MBR City,2017,"1,300,000",+65% (Since 2020),Ellington Prop.,MBR City,Apartments,Urban/Luxury,"1,150","1,230","1,410","1,580","1,760","1,920","2,050",16.5,"1,600",6.0,,15m,30m,10m,20m,,,,,
257,Wilton Terraces 2,MBR City,2018,"1,400,000",+62% (Since 2020),Ellington Prop.,MBR City,Apartments,Urban/Luxury,"1,170","1,250","1,420","1,590","1,770","1,930","2,050",16.5,"1,600",6.0,,15m,30m,10m,20m,,,,,
258,Wilton Park Res,MBR City,2019,"1,100,000",+75% (Since 2020),Ellington Prop.,MBR City,Apartments,Urban/Luxury,"1,100","1,220","1,450","1,660","1,880","2,080","2,240",17.5,"1,600",6.0,,15m,30m,10m,20m,,,,,
259,The Sanctuary,MBR City,2022,"15,000,000",+50%,Ellington Prop.,MBR City,Villas,Waterfront/Gated,,,"1,500","1,780","2,060","2,320","2,520",5.2,"1,600",6.0,,15m,30m,10m,20m,,,,,
260,Ellington Sands,RAK,2024,"2,500,000",+20%,Ellington Prop.,RAK,Apartments,Waterfront/Resort,,,,,"2,100","2,440","2,660",18,,,,60m,80m,65m,75m,,,,,
261,One River Point,Bus Bay,2023,"2,800,000",+32%,Ellington Prop.,Business Bay,Apartments,Waterfront/Luxury,,,,"2,200","2,610","3,000","3,280",22,,,,15m,35m,5m,20m,,,,,
262,The Crestmark,Bus Bay,2023,"1,600,000",+35%,Ellington Prop.,Business Bay,Apartments,Waterfront/Luxury,,,,"1,850","2,160","2,470","2,690",20,,,,15m,35m,5m,20m,,,,,
263,DT1,Downtown,2016,"2,500,000",+45% (Since 2020),Ellington Prop.,Downtown,Apartments,Urban/Boutique,"2,000","2,170","2,500","2,810","3,140","3,440","3,670",24,,,,15m,35m,0m,20m,,,,,
264,Mercer House,JLT,2023,"2,100,000",+30%,Ellington Prop.,Uptown Dubai,Apartments,Urban/Lifestyle,,,,"1,900","2,200","2,500","2,710",19.5,,,,,,,,,,,,
265,Upper House,JLT,2023,"1,500,000",+32%,Ellington Prop.,JLT,Apartments,Urban/Modern,,,,"1,600","1,850","2,090","2,260",18,,,,,,,,,,,,
266,Ocean House,Palm,2022,"9,500,000",+55%,Ellington Prop.,Palm Jumeirah,Apartments,Island/Luxury,,,"3,500","4,360","5,180","5,970","6,580",32,"2,500",5.5,,25m,35m,20m,10m,,,,,
267,Beach House,Palm,2022,"6,100,000",+60%,Ellington Prop.,Palm Jumeirah,Apartments,Island/Luxury,,,"2,800","3,530","4,240","4,940","5,480",28,"2,500",5.5,,25m,35m,20m,10m,,,,,
268,The Sloane,JVC,2021,"750,000",+70%,Ellington Prop.,JVC,Apartments,Urban/Boutique,,,"1,220","1,430","1,650","1,850","2,010",14.5,"1,100",7.5,,25m,25m,20m,15m,,,,,
269,Belgravia 1,JVC,2014,"800,000",+85% (Since 2020),Ellington Prop.,JVC,Apartments,Urban/Lifestyle,900,980,"1,140","1,290","1,450","1,600","1,720",13.5,"1,100",7.5,,25m,25m,20m,15m,,,,,
270,Belgravia 2,JVC,2015,"850,000",+82% (Since 2020),Ellington Prop.,JVC,Apartments,Urban/Lifestyle,920,"1,000","1,150","1,290","1,440","1,580","1,690",13.5,"1,100",7.5,,25m,25m,20m,15m,,,,,
271,Belgravia 3,JVC,2017,"900,000",+78% (Since 2020),Ellington Prop.,JVC,Apartments,Urban/Lifestyle,950,"1,020","1,170","1,310","1,460","1,600","1,710",13.5,"1,100",7.5,,25m,25m,20m,15m,,,,,
272,Belgravia Square,JVC,2018,"950,000",+75% (Since 2020),Ellington Prop.,JVC,Apartments,Urban/Lifestyle,980,"1,050","1,200","1,340","1,490","1,630","1,740",14,"1,100",7.5,,25m,25m,20m,15m,,,,,
273,Belgravia Heights,JVC,2018,"900,000",+80% (Since 2020),Ellington Prop.,JVC,Apartments,Urban/Lifestyle,960,"1,030","1,180","1,320","1,470","1,610","1,720",14,"1,100",7.5,,25m,25m,20m,15m,,,,,
274,Oakley Square,JVC,2022,"900,000",+42%,Ellington Prop.,JVC,Apartments,Urban/Lifestyle,,,"1,150","1,360","1,570","1,770","1,920",14.5,"1,100",7.5,,25m,25m,20m,15m,,,,,
275,Hamilton House,JVC,2022,"950,000",+38%,Ellington Prop.,JVC,Apartments,Urban/Lifestyle,,,"1,200","1,400","1,600","1,780","1,920",14.5,"1,100",7.5,,25m,25m,20m,15m,,,,,
276,The Portman,JVC,2022,"850,000",+45%,Ellington Prop.,JVC,Apartments,Urban/Lifestyle,,,"1,100","1,300","1,500","1,680","1,820",14.5,"1,100",7.5,,25m,25m,20m,15m,,,,,
277,Arbor View,Arjan,2023,"1,400,000",+28%,Ellington Prop.,Arjan,Apartments,Nature/Lifestyle,,,,"1,350","1,550","1,740","1,880",14,"1,100",7.5,,25m,20m,20m,15m,,,,,
278,Art Bay,Al Jaddaf,2024,"1,200,000",+18%,Ellington Prop.,Al Jaddaf,Apartments,Culture/Waterfront,,,,,"1,500","1,730","1,880",16.5,"1,200",7.0,,10m,35m,10m,25m,,,,,
279,Six Senses Marina,Marina,2024,"5,800,000",+15%,Select Group,Marina,Apartments,High-Rise Ultra,,,,,"4,500","5,060","5,410",32,"1,900",6.5,,25m,25m,20m,0m,,,,,
280,Marina Gate 1,Marina,2014,"1,800,000",+75% (Since 2020),Select Group,Marina,Apartments,Waterfront/Urban,"1,700","1,910","2,260","2,580","2,910","3,220","3,460",14.15,"1,900",6.5,,25m,25m,20m,0m,,,,,
281,Marina Gate 2,Marina,2015,"1,900,000",+72% (Since 2020),Select Group,Marina,Apartments,Waterfront/Urban,"1,750","1,960","2,310","2,630","2,960","3,260","3,500",14.15,"1,900",6.5,,25m,25m,20m,0m,,,,,
282,Jumeirah Living MG,Marina,2016,"2,500,000",+78% (Since 2020),Select Group,Marina,Serviced Apt,Waterfront/Luxury,"2,200","2,490","3,000","3,470","3,960","4,420","4,800",21,"1,900",6.5,,25m,25m,20m,0m,,,,,
283,Studio One,Marina,2016,"1,100,000",+70% (Since 2020),Select Group,Marina,Apartments,Urban/Lifestyle,"1,450","1,600","1,860","2,100","2,350","2,580","2,760",13.5,"1,900",6.5,,25m,25m,20m,0m,,,,,
284,The Torch,Marina,2005,Community,+45% (Since 2020),Select Group,Marina,Apartments,High-Rise Urban,"1,100","1,170","1,300","1,410","1,530","1,640","1,730",12,"1,900",6.5,,25m,25m,20m,0m,,,,,
285,No.9,Marina,2013,"1,500,000",+65% (Since 2020),Select Group,Marina,Apartments,Waterfront/Urban,"1,500","1,640","1,890","2,120","2,360","2,580","2,760",12.98,"1,900",6.5,,25m,25m,20m,0m,,,,,
286,Botanica,Marina,2007,Community,+50% (Since 2020),Select Group,Marina,Apartments,High-Rise Urban,"1,300","1,400","1,570","1,720","1,880","2,030","2,140",13,"1,900",6.5,,25m,25m,20m,0m,,,,,
287,Six Senses Palm,Palm,2022,"9,500,000",+85%,Select Group,Palm Jumeirah,Branded Apt,Island/Luxury,,,"5,500","7,070","8,650","10,250","11,500",55,"2,500",5.5,,25m,35m,20m,10m,,,,,
288,Peninsula One,Bus Bay,2021,"1,100,000",+65%,Select Group,Business Bay,Apartments,Waterfront/Urban,,,"1,650","1,960","2,260","2,540","2,770",18,,,,15m,35m,5m,20m,,,,,
289,Peninsula Two,Bus Bay,2021,"1,200,000",+62%,Select Group,Business Bay,Apartments,Waterfront/Urban,,,"1,680","1,980","2,270","2,540","2,760",18,,,,15m,35m,5m,20m,,,,,
290,Peninsula Three,Bus Bay,2022,"1,400,000",+48%,Select Group,Business Bay,Apartments,Waterfront/Urban,,,"1,550","1,830","2,100","2,360","2,560",18,,,,15m,35m,5m,20m,,,,,
291,Peninsula Four,Bus Bay,2022,"2,100,000",+42%,Select Group,Business Bay,Apartments,Waterfront/Urban,,,"1,650","1,940","2,220","2,480","2,680",18,,,,15m,35m,5m,20m,,,,,
292,Peninsula Five,Bus Bay,2022,"1,900,000",+45%,Select Group,Business Bay,Apartments,Waterfront/Urban,,,"1,700","2,010","2,310","2,600","2,820",18,,,,15m,35m,5m,20m,,,,,
293,Jumeirah Living BB,Bus Bay,2022,"3,100,000",+55%,Select Group,Business Bay,Branded Apt,Waterfront/Luxury,,,"2,200","2,650","3,100","3,540","3,880",28,,,,15m,35m,5m,20m,,,,,
294,Nautica One,Maritime,2023,"1,500,000",+32%,Select Group,Maritime City,Apartments,Waterfront/Urban,,,,"1,800","2,090","2,370","2,570",17.5,"1,700",6.0,,15m,40m,15m,25m,,,,,
295,Nautica Two,Maritime,2023,"1,600,000",+30%,Select Group,Maritime City,Apartments,Waterfront/Urban,,,,"1,850","2,130","2,400","2,600",17.5,"1,700",6.0,,15m,40m,15m,25m,,,,,
296,Vela,Bus Bay,2023,"30,000,000",+45%,Omniyat,Business Bay,Apartments,Waterfront/Ultra,,,,"6,500","7,830","9,120","10,080",50,,,,15m,35m,5m,20m,,,,,
297,Vela Viento,Bus Bay,2023,"21,000,000",+40%,Omniyat,Business Bay,Apartments,Waterfront/Ultra,,,,"6,800","8,060","9,290","10,170",50,,,,15m,35m,5m,20m,,,,,
298,The Lana,Bus Bay,2018,"21,000,000",+75% (Since 2020),Omniyat,Business Bay,Branded Apt,Waterfront/Ultra,"2,500","2,760","3,270","3,750","4,260","4,740","5,120",42,,,,15m,35m,5m,20m,,,,,
299,The Opus,Bus Bay,2008,"3,500,000",+55% (Since 2020),Omniyat,Business Bay,Apartments,Iconic/Mixed,"2,300","2,510","2,900","3,260","3,650","4,010","4,290",38,,,,15m,35m,5m,20m,,,,,
300,Orla,Palm,2022,"22,000,000",+65%,Omniyat,Palm Jumeirah,Apartments,Island/Ultra,,,"4,500","5,510","6,550","7,570","8,340",48,"2,500",5.5,,25m,35m,20m,10m,,,,,
301,Orla Infinity,Palm,2023,"25,000,000",+40%,Omniyat,Palm Jumeirah,Apartments,Island/Ultra,,,,"5,800","6,870","7,930","8,680",52,"2,500",5.5,,25m,35m,20m,10m,,,,,
302,One at Palm,Palm,2014,"15,000,000",+110% (Since 2020),Omniyat,Palm Jumeirah,Apartments,Island/Ultra,"3,000","3,500","4,640","5,630","6,670","7,660","8,460",55,"2,500",5.5,,25m,35m,20m,10m,,,,,
303,Ava at Palm,Palm,2022,"45,000,000",+50%,Omniyat,Palm Jumeirah,Apartments,Island/Ultra,,,"7,000","8,440","9,830","11,190","12,250",60,"2,500",5.5,,25m,35m,20m,10m,,,,,
304,Anwa,Maritime,2014,"1,500,000",+70% (Since 2020),Al Hamra Prop.,Maritime City,Apartments,Waterfront/Urban,"1,300","1,420","1,660","1,880","2,120","2,340","2,520",18,"1,700",6.0,,15m,40m,15m,25m,,,,,
305,Anwa Aria,Maritime,2023,"1,900,000",+35%,Omniyat,Maritime City,Apartments,Waterfront/Urban,,,,"1,900","2,210","2,520","2,730",19.5,"1,700",6.0,,15m,40m,15m,25m,,,,,
306,Armani Beach Res,Palm,2024,"21,000,000",+15%,Arada,Palm Jumeirah,Branded Apt,Island/Ultra,,,,,"7,500","8,440","9,070",65,"2,500",5.5,,25m,35m,20m,10m,,,,,
307,W Residences,Harbour,2024,"4,100,000",+18%,Arada,Harbour,Branded Apt,Waterfront/Resort,,,,,"3,200","3,650","3,940",35,"1,900",6.0,,25m,30m,20m,5m,,,,,
308,Jouri Hills,JGE,2022,"3,900,000",+45%,Arada,JGE,Villas,Gated/Golf,,,"1,450","1,720","1,990","2,240","2,440",5.5,"1,300",6.5,,30m,20m,25m,20m,,,,,
309,South Garden,Wasl Gate,2024,"950,000",+14%,Wasl Asset,Wasl Gate,Apartments,Integrated Urban,,,,,"1,400","1,570","1,670",14.5,,,,30m,15m,25m,10m,,,,,
310,Hillside Res,Wasl Gate,2023,"900,000",+28%,Wasl Asset,Wasl Gate,Apartments,Integrated Urban,,,,"1,350","1,550","1,740","1,880",14.5,,,,30m,15m,25m,10m,,,,,
311,Gardenia Townhomes,Wasl Gate,2018,"1,800,000",+85% (Since 2020),Wasl Asset,Wasl Gate,Townhouses,Integrated Urban,900,"1,000","1,210","1,410","1,610","1,800","1,950",3.2,,,,30m,15m,25m,10m,,,,,
312,The Nook,Wasl Gate,2018,"650,000",+75% (Since 2020),Wasl Asset,Wasl Gate,Apartments,Integrated Urban,850,940,"1,120","1,290","1,460","1,620","1,750",13.5,,,,30m,15m,25m,10m,,,,,
313,Park Gate Res,Wasl1,2017,"1,500,000",+70% (Since 2020),Wasl Asset,Wasl1,Apartments,Urban/Park,"1,300","1,430","1,690","1,940","2,190","2,420","2,600",18,,,,10m,35m,5m,20m,,,,,
314,1 Residences,Wasl1,2021,"1,400,000",+55%,Wasl Asset,Wasl1,Apartments,Urban/Park,,,"1,710","1,980","2,240","2,490","2,690",19.5,,,,10m,35m,5m,20m,,,,,
315,One B Tower,Bus Bay,2024,"2,100,000",+12%,Wasl Asset,Business Bay,Apartments,High-Rise Urban,,,,,"2,200","2,430","2,580",22,,,,15m,35m,5m,20m,,,,,
316,Wasl Tower,SZR,2016,"3,500,000",+40% (Since 2020),Wasl Asset,SZR,Mixed,High-Rise Iconic,"2,500","2,660","2,970","3,250","3,540","3,820","4,030",30,,,,15m,35m,5m,20m,,,,,
317,Riviera Heights,Meydan,2024,"1,200,000",+14%,Meydan,Meydan,Apartments,Waterfront/Urban,,,,,"1,450","1,630","1,740",15,"1,400",6.5,,15m,30m,10m,20m,,,,,
318,Wasl 51,Jumeirah,2016,Community,+55% (Since 2020),Wasl Asset,Jumeirah,Townhouses,Boutique/Urban,"1,800","1,950","2,250","2,530","2,830","3,100","3,310",5.5,"2,000",5.0,,20m,35m,10m,20m,,,,,
319,Diamondz,Uptown,2024,"1,100,000",+16%,Danube Properties,Uptown Dubai,Apartments,High-Rise Modern,,,,,"1,750","2,000","2,150",16.5,"1,800",6.5,,25m,25m,20m,10m,,,,,
320,Viewz,JLT,2023,"1,000,000",+42%,Danube Properties,JLT,Apartments,High-Rise Luxury,,,,"1,650","1,960","2,250","2,450",18.5,,,,,,,,,,,,
321,Bayz 101,Bus Bay,2024,"1,200,000",+18%,Danube Properties,Business Bay,Apartments,High-Rise Modern,,,,,"1,900","2,190","2,370",19,,,,15m,35m,5m,20m,,,,,
322,Bayz 102,Bus Bay,2024,"1,350,000",+12%,Danube Properties,Business Bay,Apartments,High-Rise Modern,,,,,"1,350,000","2,050","2,160",19.5,,,,15m,35m,5m,20m,,,,,
323,Oceanz,Maritime,2023,"1,100,000",+38%,Danube Properties,Maritime City,Apartments,Waterfront/Resort,,,,"1,550","1,810","2,070","2,250",17.5,"1,700",6.0,,15m,40m,15m,25m,,,,,
324,Sportz,Sports City,2023,"600,000",+35%,Danube Properties,Sports City,Apartments,Sports/Modern,,,,"1,150","1,330","1,490","1,620",13.5,900,8.0,,25m,20m,20m,15m,,,,,
325,Eleganz,JVC,2023,"1,400,000",+25%,Danube Properties,JVC,Townhouses,Urban/Family,,,,"1,250","1,410","1,560","1,670",4.5,"1,100",7.5,,25m,25m,20m,15m,,,,,
326,Elitz 1,JVC,2022,"650,000",+48%,Danube Properties,JVC,Apartments,High-Rise Urban,,,"1,100","1,300","1,500","1,690","1,840",14.5,"1,100",7.5,,25m,25m,20m,15m,,,,,
327,Elitz 2,JVC,2023,"700,000",+35%,Danube Properties,JVC,Apartments,High-Rise Urban,,,,"1,200","1,390","1,570","1,700",14.5,"1,100",7.5,,25m,25m,20m,15m,,,,,
328,Elitz 3,JVC,2023,"750,000",+32%,Danube Properties,JVC,Apartments,High-Rise Urban,,,,"1,250","1,440","1,620","1,750",14.5,"1,100",7.5,,25m,25m,20m,15m,,,,,
329,Fashionz,JVC,2023,"850,000",+30%,Danube Properties,JVC,Apartments,Branded Urban,,,,"1,300","1,480","1,650","1,770",14.5,"1,100",7.5,,25m,25m,20m,15m,,,,,
330,Gemz,Furjan,2022,"600,000",+52%,Danube Properties,Al Furjan,Apartments,Suburban Urban,,,"1,100","1,300","1,500","1,690","1,830",14,"1,000",7.0,,30m,15m,25m,10m,,,,,
331,Pearlz,Furjan,2022,"550,000",+55%,Danube Properties,Al Furjan,Apartments,Suburban Urban,,,"1,190","1,380","1,570","1,750","1,890",14,"1,000",7.0,,30m,15m,25m,10m,,,,,
332,Opalz,Science Park,2022,"600,000",+48%,Danube Properties,Science Park,Apartments,Urban/Business,,,"1,150","1,340","1,530","1,710","1,840",14.5,"1,100",7.5,,25m,25m,20m,15m,,,,,
333,Petalz,Int. City,2022,"500,000",+45%,Danube Properties,Int. City,Apartments,Community Urban,,,"1,050","1,220","1,380","1,540","1,650",13.5,,,,15m,35m,20m,30m,,,,,
334,Skyz,Arjan,2021,"550,000",+65%,Danube Properties,Arjan,Apartments,Urban/Modern,,,"1,130","1,310","1,490","1,670","1,800",14,"1,100",7.5,,25m,20m,20m,15m,,,,,
335,Olivz,Int. City,2020,"400,000",+75%,Danube Properties,Int. City,Apartments,Community Urban,850,950,"1,130","1,300","1,460","1,610","1,730",13,,,,15m,35m,20m,30m,,,,,
336,Elz,Arjan,2019,"450,000",+85% (Since 2020),Danube Properties,Arjan,Apartments,Urban/Modern,900,"1,010","1,220","1,420","1,620","1,810","1,960",13.5,"1,100",7.5,,25m,20m,20m,15m,,,,,
337,Lawz,Int. City,2018,"350,000",+80% (Since 2020),Danube Properties,Int. City,Apartments,Community Urban,750,840,"1,010","1,170","1,330","1,480","1,600",12.5,,,,15m,35m,20m,30m,,,,,
338,Jewelz,Arjan,2018,"500,000",+78% (Since 2020),Danube Properties,Arjan,Apartments,Urban/Modern,850,950,"1,060","1,220","1,380","1,530","1,650",13.5,"1,100",7.5,,25m,20m,20m,15m,,,,,
339,Wavez,Liwan,2019,"400,000",+75% (Since 2020),Danube Properties,Liwan,Apartments,Suburban Urban,800,890,990,"1,140","1,290","1,430","1,540",12,750,7.5,,20m,25m,15m,25m,,,,,
340,Resortz,Arjan,2017,"550,000",+72% (Since 2020),Danube Properties,Arjan,Apartments,Theme/Modern,900,"1,000","1,110","1,270","1,430","1,580","1,700",14,"1,100",7.5,,25m,20m,20m,15m,,,,,
341,Miraclz,Arjan,2016,"500,000",+70% (Since 2020),Danube Properties,Arjan,Apartments,Urban/Modern,850,940,"1,040","1,190","1,340","1,480","1,580",13.5,"1,100",7.5,,25m,20m,20m,15m,,,,,
342,Binghatti Skyrise,Bus Bay,2024,"2,200,000",+12%,Binghatti,Business Bay,Apartments,High-Rise Urban,,,,,"1,800","1,990","2,110",18,,,,15m,35m,5m,20m,,,,,
343,Binghatti Aquarise,Bus Bay,2025,"2,300,000",+8%,Binghatti,Business Bay,Apartments,High-Rise Urban,,,,,"2,300,000","2,100","2,180",18.5,,,,15m,35m,5m,20m,,,,,
344,Binghatti Ghost,Al Jaddaf,2024,"1,100,000",+15%,Binghatti,Al Jaddaf,Apartments,Urban/Modern,,,,,"1,500","1,690","1,810",14.5,"1,200",7.0,,10m,35m,10m,25m,,,,,
345,One by Binghatti,Bus Bay,2024,"2,500,000",+14%,Binghatti,Business Bay,Apartments,High-Rise Urban,,,,,"1,900","2,120","2,270",19,,,,15m,35m,5m,20m,,,,,
346,Bugatti Residences,Bus Bay,2023,"19,000,000",+45%,Binghatti,Business Bay,Branded Apt,Ultra-Luxury,,,,"4,500","5,510","6,530","7,220",50,,,,15m,35m,5m,20m,,,,,
347,Jacob & Co Burj,Bus Bay,2022,"8,200,000",+55%,Binghatti,Business Bay,Penthouses,Ultra-Luxury,,,"4,000","4,980","5,980","6,970","7,670",55,,,,15m,35m,5m,20m,,,,,
348,Trillionaire,Bus Bay,2023,"1,600,000",+38%,Binghatti,Business Bay,Apartments,Waterfront/Modern,,,,"2,100","2,450","2,790","3,030",21,,,,15m,35m,5m,20m,,,,,
349,Mercedes-Benz,Downtown,2024,"8,800,000",+18%,Binghatti,Downtown,Branded Apt,Ultra-Luxury,,,,,"4,200","4,850","5,260",45,,,,15m,35m,0m,20m,,,,,
350,Binghatti Cullinan,Bus Bay,2024,"2,100,000",+15%,Binghatti,Business Bay,Apartments,High-Rise Modern,,,,,"2,000","2,260","2,430",20,,,,15m,35m,5m,20m,,,,,
351,Binghatti Hills 1,Science Park,2024,"850,000",+22%,Binghatti,Science Park,Apartments,Low-Rise Urban,,,,,"1,100","1,300","1,430",14,"1,100",7.5,,25m,25m,20m,15m,,,,,
352,Binghatti Hills 2,Science Park,2024,"890,000",+18%,Binghatti,Science Park,Apartments,Low-Rise Urban,,,,,"1,150","1,340","1,460",14,"1,100",7.5,,25m,25m,20m,15m,,,,,
353,Binghatti Royale,JVC,2024,"950,000",+15%,Binghatti,JVC,Apartments,Urban/Family,,,,,"1,200","1,370","1,480",14.5,"1,100",7.5,,25m,25m,20m,15m,,,,,
354,Binghatti Aurora,JVC,2024,"900,000",+14%,Binghatti,JVC,Apartments,Urban/Family,,,,,"1,180","1,340","1,440",14.5,"1,100",7.5,,25m,25m,20m,15m,,,,,
355,Binghatti Galaxy 1,JVC,2024,"850,000",+16%,Binghatti,JVC,Apartments,Urban/Modern,,,,,"1,250","1,450","1,570",14.5,"1,100",7.5,,25m,25m,20m,15m,,,,,
356,Binghatti Galaxy 2,JVC,2024,"880,000",+14%,Binghatti,JVC,Apartments,Urban/Modern,,,,,"1,280","1,460","1,570",14.5,"1,100",7.5,,25m,25m,20m,15m,,,,,
357,Binghatti Phantom,JVC,2024,"950,000",+12%,Binghatti,JVC,Apartments,High-Rise Modern,,,,,"1,300","1,450","1,540",14.5,"1,100",7.5,,25m,25m,20m,15m,,,,,
358,Binghatti Phoenix,JVC,2024,"800,000",+15%,Binghatti,JVC,Apartments,Urban/Modern,,,,,"1,200","1,370","1,480",14.5,"1,100",7.5,,25m,25m,20m,15m,,,,,
359,Binghatti Twilight,JVC,2024,"920,000",+10%,Binghatti,JVC,Apartments,Urban/Modern,,,,,"920,000","1,300","1,370",14.5,"1,100",7.5,,25m,25m,20m,15m,,,,,
360,Binghatti Dawn,JVC,2024,"890,000",+11%,Binghatti,JVC,Apartments,Urban/Modern,,,,,"890,000","1,320","1,390",14.5,"1,100",7.5,,25m,25m,20m,15m,,,,,
361,Binghatti House,JVC,2023,"750,000",+32%,Binghatti,JVC,Apartments,Urban/High-Rise,,,,"1,200","1,400","1,600","1,740",14.5,"1,100",7.5,,25m,25m,20m,15m,,,,,
362,Azizi Venice (Master),Dubai South,2023,Community,+40%,Azizi Developments,Dubai South,Mixed,Waterfront/Urban,,,,"1,400","1,660","1,920","2,100",14,850,7.0,,45m,5m,45m,35m,,,,,
363,Monaco Mansions,Venice,2024,"45,000,000",+15%,Azizi Developments,Venice,Luxury Villas,Waterfront/Luxury,,,,,"2,200","2,500","2,690",6.5,,,,,,,,,,,,
364,Burj Azizi,SZR,2024,"15,000,000",+12%,Azizi Developments,SZR,Mixed,High-Rise Iconic,,,,,"3,800","4,210","4,460",45,,,,15m,35m,5m,20m,,,,,
365,Riviera Phase 1,Meydan,2017,"600,000",+95% (Since 2020),Azizi Developments,Meydan,Apartments,Waterfront/Urban,950,"1,070","1,290","1,510","1,730","1,930","2,090",15.5,"1,400",6.5,,15m,30m,10m,20m,,,,,
366,Riviera Phase 2,Meydan,2018,"700,000",+85% (Since 2020),Azizi Developments,Meydan,Apartments,Waterfront/Urban,980,"1,090","1,300","1,510","1,710","1,900","2,050",15.5,"1,400",6.5,,15m,30m,10m,20m,,,,,
367,Riviera Phase 3,Meydan,2019,"800,000",+75% (Since 2020),Azizi Developments,Meydan,Apartments,Waterfront/Urban,"1,000","1,110","1,310","1,500","1,690","1,870","2,000",15.5,"1,400",6.5,,15m,30m,10m,20m,,,,,
368,Riviera Phase 4,Meydan,2021,"900,000",+55%,Azizi Developments,Meydan,Apartments,Waterfront/Urban,,,"1,360","1,570","1,780","1,980","2,130",15.5,"1,400",6.5,,15m,30m,10m,20m,,,,,
369,Riviera Rêve,Meydan,2022,"1,500,000",+42%,Azizi Developments,Meydan,Apartments,Waterfront/Luxury,,,"1,500","1,750","2,000","2,240","2,420",18,"1,400",6.5,,15m,30m,10m,20m,,,,,
370,Riviera Beachfront,Meydan,2021,"1,200,000",+48%,Azizi Developments,Meydan,Apartments,Waterfront/Urban,,,"1,660","1,920","2,180","2,430","2,640",17.5,"1,400",6.5,,15m,30m,10m,20m,,,,,
371,Azizi Vista,Studio City,2023,"600,000",+25%,Azizi Developments,Studio City,Apartments,Low-Rise Urban,,,,"1,200","1,370","1,530","1,650",14,"1,000",7.5,,25m,20m,20m,15m,,,,,
372,Beach Oasis,Studio City,2022,"550,000",+38%,Azizi Developments,Studio City,Apartments,Low-Rise Urban,,,"1,100","1,280","1,470","1,650","1,790",14,"1,000",7.5,,25m,20m,20m,15m,,,,,
373,Mina,Palm,2016,"2,500,000",+90% (Since 2020),Azizi Developments,Palm Jumeirah,Apartments,Island/Luxury,"1,800","2,040","2,500","2,920","3,340","3,720","4,040",24,"2,500",5.5,,25m,35m,20m,10m,,,,,
374,Berton,Furjan,2018,"700,000",+65% (Since 2020),Azizi Developments,Al Furjan,Apartments,Suburban Urban,900,980,"1,130","1,270","1,420","1,550","1,660",13.5,"1,000",7.0,,30m,15m,25m,10m,,,,,
375,Aliyah,Health City,2016,"900,000",+55% (Since 2020),Azizi Developments,Healthcare City,Apartments,Urban/Modern,"1,200","1,300","1,480","1,650","1,830","1,990","2,110",16,,,,10m,35m,10m,25m,,,,,
376,Tiger Sky Tower,Bus Bay,2024,"2,500,000",+18%,Tiger Properties,Business Bay,Apartments,High-Rise Luxury,,,,,"2,000","2,310","2,510",22,,,,15m,35m,5m,20m,,,,,
377,Nobles Tower,Bus Bay,2020,"1,600,000",+62%,Tiger Properties,Business Bay,Apartments,High-Rise Urban,"1,300","1,430","1,690","1,950","2,210","2,460","2,650",18.5,,,,15m,35m,5m,20m,,,,,
378,Red Square,JVT,2023,"600,000",+35%,Tiger Properties,JVT,Apartments,High-Rise Urban,,,,"1,200","1,400","1,600","1,740",14,"1,000",7.0,,25m,20m,20m,15m,,,,,
379,Renad Tower,Abu Dhabi/Mkt,2024,"1,100,000",+15%,Tiger Properties,JVT,Apartments,High-Rise Urban,,,,,"1,800","2,030","2,170",18,,,,60m,50m,60m,50m,,,,,
380,Lilium Tower,JVT,2023,"650,000",+32%,Tiger Properties,JVT,Apartments,High-Rise Urban,,,,"1,300","1,500","1,700","1,840",14.5,"1,000",7.0,,25m,20m,20m,15m,,,,,
381,Seslia Tower,JVT,2022,"550,000",+48%,Tiger Properties,JVT,Apartments,High-Rise Urban,,,"1,100","1,300","1,510","1,710","1,870",14.5,"1,000",7.0,,25m,20m,20m,15m,,,,,
382,Cloud Tower,JVT,2022,"500,000",+52%,Tiger Properties,JVT,Apartments,High-Rise Urban,,,"1,050","1,250","1,460","1,670","1,830",14.5,"1,000",7.0,,25m,20m,20m,15m,,,,,
383,Neva Residences,JVC,2023,"600,000",+38%,Tiger Properties,JVC,Apartments,High-Rise Urban,,,,"1,150","1,340","1,530","1,670",14,"1,100",7.5,,25m,25m,20m,15m,,,,,
384,Elbrus Tower,JVT,2023,"700,000",+35%,Tiger Properties,JVT,Apartments,High-Rise Urban,,,,"1,200","1,390","1,580","1,710",14.5,"1,000",7.0,,25m,20m,20m,15m,,,,,
385,Al Tai,Sharjah/Tiger,2024,"800,000",+12%,Tiger Properties,Sharjah,Villas,Gated/Family,,,,,950,"1,050","1,110",2.5,,,,30m,50m,35m,45m,,,,,
386,Faradis,Al Mamzar,2024,"1,200,000",+14%,Tiger Properties,Al Mamzar,Apartments,Waterfront/Urban,,,,,"1,400","1,570","1,680",15,,,,15m,40m,20m,35m,,,,,
387,Samana Barari Views,Barari,2023,"750,000",+32%,Samana,Al Barari,Apartments,Nature/Resort,,,,"1,300","1,510","1,720","1,870",16.5,"1,400",6.5,,20m,25m,20m,25m,,,,,
388,Barari Lagoons,Barari,2024,"850,000",+18%,Samana,Al Barari,Apartments,Nature/Resort,,,,,"1,400","1,610","1,740",16.5,"1,400",6.5,,20m,25m,20m,25m,,,,,
389,Ivy Gardens 1,DLRC,2023,"650,000",+35%,Samana,DLRC,Apartments,Integrated Urban,,,,"1,100","1,300","1,500","1,640",14.08,850,7.5,,20m,25m,20m,25m,,,,,
390,Ivy Gardens 2,DLRC,2024,"700,000",+15%,Samana,DLRC,Apartments,Integrated Urban,,,,,"1,250","1,420","1,520",14.5,850,7.5,,20m,25m,20m,25m,,,,,
391,Ocean Bay,Islands,2024,"1,400,000",+18%,Samana,Dubai Islands,Apartments,Waterfront/Resort,,,,,"1,750","2,020","2,200",18.5,"1,600",6.0,,15m,45m,20m,30m,,,,,
392,California 1,Furjan,2023,"750,000",+30%,Samana,Al Furjan,Apartments,Suburban Urban,,,,"1,250","1,460","1,670","1,810",14.5,"1,000",7.0,,30m,15m,25m,10m,,,,,
393,California 2,Furjan,2024,"800,000",+15%,Samana,Al Furjan,Apartments,Suburban Urban,,,,,"1,300","1,480","1,590",14.5,"1,000",7.0,,30m,15m,25m,10m,,,,,
394,Miami 1,JVT,2022,"1,100,000",+42%,Samana,JVT,Apartments,Urban/Modern,,,"1,400","1,660","1,920","2,180","2,380",15.5,"1,000",7.0,,25m,20m,20m,15m,,,,,
395,Miami 2,JVT,2022,"1,200,000",+38%,Samana,JVT,Apartments,Urban/Modern,,,"1,450","1,700","1,960","2,210","2,400",15.5,"1,000",7.0,,25m,20m,20m,15m,,,,,
396,Miami 3,JVT,2023,"1,250,000",+30%,Samana,JVT,Apartments,Urban/Modern,,,,"1,500","1,740","1,980","2,140",15.5,"1,000",7.0,,25m,20m,20m,15m,,,,,
397,Mykonos,Studio City,2023,"750,000",+35%,Samana,Studio City,Apartments,Theme/Modern,,,,"1,200","1,420","1,640","1,800",14.5,"1,000",7.5,,25m,20m,20m,15m,,,,,
398,Mykonos Signature,Studio City,2023,"850,000",+28%,Samana,Studio City,Apartments,Theme/Modern,,,,"1,250","1,440","1,630","1,760",14.5,"1,000",7.5,,25m,20m,20m,15m,,,,,
399,Santorini,Studio City,2022,"650,000",+45%,Samana,Studio City,Apartments,Theme/Modern,,,"1,100","1,310","1,530","1,750","1,920",14.5,"1,000",7.5,,25m,20m,20m,15m,,,,,
400,Portofino,Production,2023,"700,000",+32%,Samana,Production City,Apartments,Integrated Urban,,,,"1,200","1,390","1,560","1,690",14.5,850,8.0,,30m,20m,25m,15m,,,,,
401,Manhattan,JVC,2023,"750,000",+35%,Samana,JVC,Apartments,Urban/Modern,,,,"1,250","1,460","1,670","1,810",14.36,"1,100",7.5,,25m,25m,20m,15m,,,,,
402,Skyros,Arjan,2023,"650,000",+38%,Samana,Arjan,Apartments,Urban/Modern,,,,"1,150","1,370","1,590","1,730",14,"1,100",7.5,,25m,20m,20m,15m,,,,,
403,Lake Views,Production,2024,"700,000",+15%,Samana,Production City,Apartments,Integrated Urban,,,,,"1,200","1,360","1,460",14.5,850,8.0,,30m,20m,25m,15m,,,,,
404,Samana Ibiza,DLRC,2024,"720,000",+12%,Samana,DLRC,Apartments,Integrated Urban,,,,,"1,250","1,380","1,460",14.5,850,7.5,,20m,25m,20m,25m,,,,,
405,Samana Rome,Meydan,2024,"1,100,000",+14%,Samana,Meydan,Apartments,Urban/Modern,,,,,"1,100,000","1,450","1,520",14.5,"1,400",6.5,,15m,30m,10m,20m,,,,,
406,Samana Avenue,DLRC,2024,"690,000",+15%,Samana,DLRC,Apartments,Integrated Urban,,,,,"690,000","1,280","1,340",14.5,850,7.5,,20m,25m,20m,25m,,,,,
407,Keturah Reserve,Meydan,2022,"10,000,000",+55%,Mag Group,Meydan,Luxury Villas,Wellness/Luxury,,,"2,100","2,610","3,130","3,640","4,020",5.5,"1,400",6.5,,15m,30m,10m,20m,,,,,
408,MAG City,Meydan,2019,"750,000",+90% (Since 2020),Mag Group,Meydan,Mixed,Gated/Urban,950,"1,070","1,310","1,540","1,770","1,980","2,150",15.5,"1,400",6.5,,15m,30m,10m,20m,,,,,
409,MAG Park,Meydan,2022,"8,500,000",+45%,Mag Group,Meydan,Townhouses,Gated/Urban,,,"1,250","1,480","1,710","1,920","2,090",4.5,"1,400",6.5,,15m,30m,10m,20m,,,,,
410,Keturah Resort,Creekside,2022,"21,000,000",+60%,Mag Group,Creekside,Branded Apt,Wellness/Ultra,,,"4,500","5,690","6,840","7,990","8,890",35,,,,15m,35m,10m,25m,,,,,
411,Ritz-Carlton,Creekside,2023,"25,000,000",+42%,Mag Group,Creekside,Mansions,Wellness/Ultra,,,,"5,500","6,520","7,530","8,300",55,,,,15m,35m,10m,25m,,,,,
412,MAG 777,Sports City,2024,"900,000",+15%,Mag Group,Sports City,Apartments,Urban/Modern,,,,,"1,200","1,360","1,460",14.5,900,8.0,,25m,20m,20m,15m,,,,,
413,MAG 330,City of Arabia,2022,"650,000",+42%,Mag Group,City of Arabia,Apartments,Urban/Modern,,,"1,100","1,280","1,470","1,640","1,770",14.5,,,,20m,25m,20m,25m,,,,,
414,MBL Residence,JLT,2017,"1,100,000",+65% (Since 2020),Mag Group,JLT,Apartments,Urban/High-Rise,"1,250","1,370","1,590","1,790","2,000","2,200","2,350",16.5,,,,,,,,,,,,
415,MBL Royal,JLT,2022,"1,400,000",+38%,Mag Group,JLT,Apartments,Urban/High-Rise,,,"1,450","1,690","1,930","2,160","2,340",16.5,,,,,,,,,,,,
416,MBL Signature,JLT,2024,"1,650,000",+15%,Mag Group,JLT,Apartments,Urban/High-Rise,,,,,"1,700","1,910","2,040",16.5,,,,,,,,,,,,
417,MAG 318,Bus Bay,2017,"1,200,000",+55% (Since 2020),Mag Group,Business Bay,Apartments,Urban/High-Rise,"1,350","1,470","1,690","1,900","2,110","2,300","2,450",18.5,,,,15m,35m,5m,20m,,,,,
418,MAG 218,Marina,2005,Community,+35% (Since 2020),Mag Group,Marina,Apartments,High-Rise Urban,"1,150","1,220","1,360","1,490","1,620","1,750","1,850",16.1,"1,900",6.5,,25m,25m,20m,0m,,,,,
419,Mar Casa,Maritime,2023,"1,300,000",+35%,Deyaar,Maritime City,Apartments,Waterfront/Modern,,,,"1,800","2,100","2,410","2,620",19.5,"1,700",6.0,,15m,40m,15m,25m,,,,,
420,Regalia,Bus Bay,2021,"1,100,000",+58%,Deyaar,Business Bay,Apartments,High-Rise Luxury,,,"1,780","2,110","2,440","2,750","3,000",21,,,,15m,35m,5m,20m,,,,,
421,Midtown (Master),IMPZ,2015,Community,+50% (Since 2020),Deyaar,Production City,Apartments,Integrated Urban,850,910,"1,040","1,160","1,290","1,410","1,500",11.5,,,,30m,20m,25m,15m,,,,,
422,Jannat,Midtown,2023,"850,000",+30%,Deyaar,Midtown,Apartments,Integrated Urban,,,,"1,150","1,330","1,500","1,620",12,,,,,,,,,,,,
423,Rosalia Residences,Furjan,2024,"900,000",+18%,Deyaar,Al Furjan,Apartments,Suburban Urban,,,,,"1,300","1,500","1,630",14.5,"1,000",7.0,,30m,15m,25m,10m,,,,,
424,Amalia Residences,Furjan,2022,"850,000",+32%,Deyaar,Al Furjan,Apartments,Suburban Urban,,,"1,150","1,340","1,530","1,710","1,850",14.5,"1,000",7.0,,30m,15m,25m,10m,,,,,
425,Millennium Talia,Furjan,2023,"1,100,000",+25%,Deyaar,Al Furjan,Serviced Apt,Suburban Luxury,,,,"1,350","1,540","1,720","1,850",18.5,"1,000",7.0,,30m,15m,25m,10m,,,,,
426,Town Square,Dubailand,2015,Community,+95% (Since 2020),Nshama,Al Qudra Rd,Mixed,Master Community,750,840,"1,050","1,240","1,440","1,620","1,770",3.5,"1,000",7.0,,25m,25m,25m,25m,,,,,
427,Fia,Town Square,2024,"880,000",+15%,Nshama,Town Square,Apartments,Integrated Urban,,,,,"1,250","1,410","1,510",13.5,950,7.0,,30m,25m,25m,25m,,,,,
428,Elaya,Town Square,2024,"900,000",+14%,Nshama,Town Square,Apartments,Integrated Urban,,,,,"1,280","1,430","1,530",13.5,950,7.0,,30m,25m,25m,25m,,,,,
429,Ayala,Town Square,2023,"850,000",+28%,Nshama,Town Square,Apartments,Integrated Urban,,,,"1,150","1,360","1,560","1,700",13.5,950,7.0,,30m,25m,25m,25m,,,,,
430,Symphony,Town Square,2023,"800,000",+32%,Nshama,Town Square,Apartments,Integrated Urban,,,,"1,200","1,430","1,650","1,810",13.5,950,7.0,,30m,25m,25m,25m,,,,,
431,Aroha,Town Square,2024,"950,000",+12%,Nshama,Town Square,Apartments,Integrated Urban,,,,,"1,350","1,490","1,580",13.5,950,7.0,,30m,25m,25m,25m,,,,,
432,The Hamilton,Town Square,2023,"800,000",+30%,Nshama,Town Square,Apartments,Integrated Urban,,,,"1,150","1,340","1,520","1,650",13.5,950,7.0,,30m,25m,25m,25m,,,,,
433,Holland Gardens,Town Square,2023,"850,000",+25%,Nshama,Town Square,Apartments,Integrated Urban,,,,"1,200","1,380","1,550","1,670",13.5,950,7.0,,30m,25m,25m,25m,,,,,
434,The Diplomat,Town Square,2022,"750,000",+42%,Nshama,Town Square,Apartments,Integrated Urban,,,"1,050","1,240","1,430","1,610","1,760",13.5,950,7.0,,30m,25m,25m,25m,,,,,
435,Liva,Town Square,2022,"550,000",+48%,Nshama,Town Square,Apartments,Integrated Urban,,,"1,100","1,310","1,530","1,740","1,910",13.5,950,7.0,,30m,25m,25m,25m,,,,,
436,Una,Town Square,2018,"500,000",+85% (Since 2020),Nshama,Town Square,Apartments,Integrated Urban,900,"1,010","1,240","1,460","1,680","1,890","2,060",13.5,950,7.0,,30m,25m,25m,25m,,,,,
437,Rawda,Town Square,2016,"650,000",+80% (Since 2020),Zahra,Nshama,Town Square,Apartments,Zahra,850,950,"1,150","1,340","1,530","1,710","1,850",950,7.0,,30m,25m,25m,25m,,,,,
438,Zahra,Town Square,2015,"600,000",+88% (Since 2020),Nshama,Town Square,Apartments,Integrated Urban,880,990,"1,230","1,460","1,700","1,920","2,100",13.5,950,7.0,,30m,25m,25m,25m,,,,,
439,Hayat,Town Square,2015,"1,100,000",+92% (Since 2020),Nshama,Town Square,Townhouses,Integrated Urban,920,"1,040","1,310","1,570","1,840","2,090","2,300",3.5,950,7.0,,30m,25m,25m,25m,,,,,
440,Verdana Phase 1,DIP,2022,"1,200,000",+45%,Reportage,DIP,Townhouses,Integrated Urban,,,"1,150","1,360","1,570","1,770","1,930",3.5,800,7.5,,35m,15m,30m,20m,,,,,
441,Verdana Phase 2,DIP,2022,"1,250,000",+42%,Reportage,DIP,Townhouses,Integrated Urban,,,"1,180","1,380","1,590","1,780","1,930",3.5,800,7.5,,35m,15m,30m,20m,,,,,
442,Verdana Phase 3,DIP,2023,"1,300,000",+35%,Reportage,DIP,Townhouses,Integrated Urban,,,,"1,250","1,460","1,660","1,800",3.5,800,7.5,,35m,15m,30m,20m,,,,,
443,Verdana Phase 4,DIP,2023,"1,400,000",+28%,Reportage,DIP,Townhouses,Integrated Urban,,,,"1,300","1,490","1,660","1,780",3.5,800,7.5,,35m,15m,30m,20m,,,,,
444,Verdana Phase 5,DIP,2024,"1,500,000",+15%,Reportage,DIP,Townhouses,Integrated Urban,,,,,"1,350","1,520","1,620",3.5,800,7.5,,35m,15m,30m,20m,,,,,
445,Rukan Lofts,Dubailand,2018,"800,000",+75% (Since 2020),Reportage,Dubailand,Townhouses,Gated/Family,750,830,990,"1,150","1,310","1,460","1,580",3.2,"1,000",7.0,,25m,25m,25m,25m,,,,,
446,Rukan Tower,Dubailand,2019,"450,000",+85% (Since 2020),Reportage,Dubailand,Apartments,Gated/Family,800,900,"1,100","1,300","1,510","1,710","1,870",12.5,"1,000",7.0,,25m,25m,25m,25m,,,,,
447,Bianchi,Dubailand,2023,"1,600,000",+32%,Reportage,Dubailand,Townhouses,Gated/Family,,,,"1,200","1,390","1,580","1,710",3.5,"1,000",7.0,,25m,25m,25m,25m,,,,,
448,Taormina Village,Dubailand,2024,"1,700,000",+18%,Reportage,Dubailand,Townhouses,Gated/Family,,,,,"1,450","1,670","1,810",3.8,"1,000",7.0,,25m,25m,25m,25m,,,,,
449,Alexis Tower,Jebel Ali,2019,"500,000",+70% (Since 2020),Reportage,Downtown Jebel Ali,Apartments,Urban/Modern,850,940,"1,110","1,270","1,430","1,580","1,700",13.5,900,7.0,,35m,15m,30m,15m,,,,,
450,The Gate,Masdar/City,2020,"600,000",+55%,Reportage,Masdar City,Apartments,Urban/Sustain,800,870,"1,000","1,120","1,250","1,360","1,450",14.5,,,,60m,50m,60m,50m,,,,,
451,LIV LUX,Marina,2022,"2,100,000",+55%,LIV Developers,Marina,Apartments,High-Rise Luxury,,,"2,100","2,610","3,120","3,630","4,000",25,"1,900",6.5,,25m,25m,20m,0m,,,,,
452,LIV Marina,Marina,2022,"1,600,000",+60%,LIV Developers,Marina,Apartments,High-Rise Urban,,,"2,020","2,390","2,770","3,120","3,410",24,"1,900",6.5,,25m,25m,20m,0m,,,,,
453,LIV Residence,Marina,2016,"1,400,000",+75% (Since 2020),LIV Developers,Marina,Apartments,Waterfront/Modern,"1,400","1,560","1,880","2,170","2,480","2,770","3,000",22,"1,900",6.5,,25m,25m,20m,0m,,,,,
454,LIV Waterside,Marina,2023,"2,500,000",+35%,LIV Developers,Marina,Luxury Villas,Waterfront/Luxury,,,,"2,300","2,690","3,070","3,340",25,"1,900",6.5,,25m,25m,20m,0m,,,,,
455,LIV Maritime,Maritime,2024,"1,800,000",+18%,LIV Developers,Maritime City,Apartments,Waterfront/Modern,,,,,"1,850","2,140","2,330",22,"1,700",6.0,,15m,40m,15m,25m,,,,,
456,LIV Oceanside,Maritime,2024,"1,950,000",+15%,LIV Developers,Maritime City,Apartments,Waterfront/Modern,,,,,"1,950","2,210","2,380",22,"1,700",6.0,,15m,40m,15m,25m,,,,,
457,Nordic,Barsha,2024,"1,200,000",+14%,Nordic Homeworx,Al Barsha,Villas,Boutique/Luxury,,,,,"1,600","1,780","1,900",5.5,"1,100",7.0,,20m,25m,15m,10m,,,,,
458,Hollywood,Dubai South,2023,"750,000",+28%,Damac Properties,Dubai South,Mixed,Theme/Integrated,,,,"1,100","1,260","1,410","1,520",14.5,850,7.0,,45m,5m,45m,35m,,,,,
459,New York,Dubai South,2024,"800,000",+15%,Damac Properties,Dubai South,Mixed,Theme/Integrated,,,,,"1,200","1,350","1,450",14.5,850,7.0,,45m,5m,45m,35m,,,,,
460,Luce,Palm,2023,"12,000,000",+40%,Taraf,Palm Jumeirah,Apartments,Island/Luxury,,,,"3,200","3,790","4,370","4,810",32,"2,500",5.5,,25m,35m,20m,10m,,,,,
461,Terra Golf Collection,JGE,2023,"7,200,000",+35%,Taraf,JGE,Villas,Gated/Golf,,,,"1,450","1,690","1,930","2,110",5.5,"1,300",6.5,,30m,20m,25m,20m,,,,,
462,Terrazzo,JVC,2023,"900,000",+32%,Taraf,JVC,Apartments,Urban/Lifestyle,,,,"1,300","1,500","1,700","1,840",14.5,"1,100",7.5,,25m,25m,20m,15m,,,,,
463,Cello,JVC,2024,"850,000",+18%,Taraf,JVC,Apartments,Urban/Lifestyle,,,,,"1,250","1,440","1,560",14.5,"1,100",7.5,,25m,25m,20m,15m,,,,,
464,Karl Lagerfeld,MBR City,2024,"15,000,000",+15%,Taraf,MBR City,Luxury Villas,Ultra-Luxury,,,,,"2,800","3,150","3,390",6.5,"1,600",6.0,,15m,30m,10m,20m,,,,,
465,Muraba Residences,Palm,2014,"5,500,000",+85% (Since 2020),Muraba,Palm Jumeirah,Apartments,Island/Boutique,"1,600","1,800","2,240","2,620","3,000","3,350","3,630",22,"2,500",5.5,,25m,35m,20m,10m,,,,,
466,Muraba Veil,SZR,2024,"18,000,000",+12%,Muraba,SZR,Apartments,Iconic/Urban,,,,,"3,500","3,870","4,100",35,,,,15m,35m,5m,20m,,,,,
467,Muraba Dia,Dubai Canal,2026,"12,000,000",+2%,Muraba,Dubai Canal,Apartments,Waterfront/Luxury,,,,,"12,000,000",,"3,200",32,,,,,,,,,,,,
468,Eywa,Bus Bay,2023,"11,000,000",+35%,R.Evolution,Business Bay,Apartments,Wellness/Ultra,,,,"3,500","4,150","4,790","5,250",38,,,,15m,35m,5m,20m,,,,,
469,Eywa 2,Bus Bay,2026,"14,000,000",+1%,R.Evolution,Business Bay,Apartments,Wellness/Ultra,,,,,"14,000,000",,"4,200",40,,,,15m,35m,5m,20m,,,,,
470,The Fields,MBR City,2016,Community,+70% (Since 2020),G&Co,MBR City,Townhouses,Gated/Family,850,940,"1,110","1,270","1,430","1,580","1,700",3.8,"1,600",6.0,,15m,30m,10m,20m,,,,,
471,Elie Saab TH,MBR City,2022,"3,800,000",+48%,G&Co,MBR City,Townhouses,Branded/Gated,,,"1,450","1,720","1,980","2,220","2,410",4.2,"1,600",6.0,,15m,30m,10m,20m,,,,,
472,Grand Views,Meydan,2014,"4,200,000",+90% (Since 2020),G&Co,Meydan,Villas,Gated/Luxury,"1,000","1,130","1,420","1,690","1,970","2,220","2,430",4.5,"1,400",6.5,,15m,30m,10m,20m,,,,,
473,Millennium Estates,Meydan,2013,"8,500,000",+80% (Since 2020),G&Co,Meydan,Villas,Gated/Luxury,"1,100","1,240","1,520","1,780","2,040","2,280","2,470",4.8,"1,400",6.5,,15m,30m,10m,20m,,,,,
474,ZāZEN One,JVC,2021,"950,000",+65%,ZāZEN Prop.,JVC,Apartments,Urban/Lifestyle,,,"1,160","1,380","1,600","1,800","1,970",13.5,"1,100",7.5,,25m,25m,20m,15m,,,,,
475,ZāZEN Gardens,Furjan,2022,"900,000",+45%,ZāZEN Prop.,Al Furjan,Apartments,Wellness/Suburban,,,"1,100","1,300","1,500","1,690","1,840",14.5,"1,000",7.0,,30m,15m,25m,10m,,,,,
476,ZāZEN Ivy,Furjan,2024,"980,000",+15%,ZāZEN Prop.,Al Furjan,Apartments,Wellness/Suburban,,,,,"1,350","1,520","1,630",14.5,"1,000",7.0,,30m,15m,25m,10m,,,,,
477,XXII Carat,Palm,2015,"42,000,000",+110% (Since 2020),Forum Group,Palm Jumeirah,Luxury Villas,Island/Ultra,"3,000","3,550","4,920","6,020","7,150","8,190","9,050",65,"2,500",5.5,,25m,35m,20m,10m,,,,,
478,FH Residency,JVT,2024,"650,000",+14%,Forum Group,JVT,Apartments,Urban/Modern,,,,,"1,100","1,230","1,300",14.5,"1,000",7.0,,25m,20m,20m,15m,,,,,
479,Beach Walk,Islands,2024,"2,200,000",+18%,Imtiaz,Dubai Islands,Apartments,Waterfront/Urban,,,,,"2,200","2,520","2,780",20,"1,600",6.0,,15m,45m,20m,30m,,,,,
480,Luxor,JVC,2023,"850,000",+30%,Imtiaz,JVC,Apartments,Urban/Modern,,,,"1,250","1,440","1,630","1,760",14.5,"1,100",7.5,,25m,25m,20m,15m,,,,,
481,Pearl House,JVC,2023,"800,000",+35%,Imtiaz,JVC,Apartments,Urban/Modern,,,,"1,300","1,520","1,730","1,880",14.5,"1,100",7.5,,25m,25m,20m,15m,,,,,
482,Cove,Creek Harbour,2017,"1,100,000",+85% (Since 2020),Imtiaz,Dubai Creek,Apartments,Waterfront/Urban,"1,250","1,410","1,720","2,040","2,380","2,680","2,930",18.5,"1,900",6.0,,15m,35m,10m,25m,,,,,
483,Cove Edition 2,Creek Harbour,2024,"1,800,000",+15%,Imtiaz,Dubai Creek,Apartments,Waterfront/Urban,,,,,"1,800","2,020","2,170",19.5,"1,900",6.0,,15m,35m,10m,25m,,,,,
484,Westwood,Furjan,2022,"850,000",+42%,Imtiaz,Al Furjan,Apartments,Suburban Urban,,,"1,150","1,360","1,570","1,770","1,930",14.5,"1,000",7.0,,30m,15m,25m,10m,,,,,
485,Westwood Grande,Furjan,2022,"950,000",+38%,Imtiaz,Al Furjan,Apartments,Suburban Urban,,,"1,200","1,410","1,610","1,810","1,950",14.5,"1,000",7.0,,30m,15m,25m,10m,,,,,
486,Yorkville,JVC,2024,"900,000",+15%,Imtiaz,JVC,Apartments,Urban/Modern,,,,,"1,250","1,440","1,560",14.5,"1,100",7.5,,25m,25m,20m,15m,,,,,
487,Le Blanc,JVC,2024,"1,200,000",+12%,Imtiaz,JVC,Apartments,Urban/Modern,,,,,"1,350","1,500","1,580",14.5,"1,100",7.5,,25m,25m,20m,15m,,,,,
488,Peace Lagoons 1,DLRC,2024,"750,000",+15%,Peace Prop.,Dubailand,Apartments,Resort/Lagoon,,,,,"1,250","1,440","1,550",16.5,850,7.5,,20m,25m,20m,25m,,,,,
489,Peace Lagoons 2,DLRC,2024,"800,000",+12%,Peace Prop.,Dubailand,Apartments,Resort/Lagoon,,,,,"1,300","1,440","1,520",16.5,850,7.5,,20m,25m,20m,25m,,,,,
490,Sky Living,JVC,2024,"900,000",+14%,Peace Prop.,JVC,Apartments,Urban/Modern,,,,,"1,200","1,340","1,430",14.5,"1,100",7.5,,25m,25m,20m,15m,,,,,
491,Sky Suites,JVC,2024,"1,100,000",+12%,Peace Prop.,JVC,Apartments,Urban/Modern,,,,,"1,300","1,430","1,510",14.5,"1,100",7.5,,25m,25m,20m,15m,,,,,
492,Sky Vista,JVC,2024,"1,250,000",+10%,Peace Prop.,JVC,Apartments,Urban/Modern,,,,,"1,250,000","1,350","1,410",14.5,"1,100",7.5,,25m,25m,20m,15m,,,,,
493,Empire Suites,JVC,2023,"950,000",+32%,Empire,JVC,Apartments,Urban/Modern,,,,"1,250","1,450","1,650","1,790",14.5,"1,100",7.5,,25m,25m,20m,15m,,,,,
494,Empire Livings,Science Park,2024,"900,000",+18%,Empire,Science Park,Apartments,Urban/Modern,,,,,"1,350","1,550","1,690",14.5,"1,100",7.5,,25m,25m,20m,15m,,,,,
495,Empire Estates,Arjan,2024,"1,050,000",+12%,Empire,Arjan,Apartments,Urban/Modern,,,,,"1,050,000","1,450","1,520",14.5,"1,100",7.5,,25m,20m,20m,15m,,,,,
496,RA1N,JVC,2023,"950,000",+30%,Object 1,JVC,Apartments,Urban/Modern,,,,"1,250","1,440","1,630","1,760",14.5,"1,100",7.5,,25m,25m,20m,15m,,,,,
497,F1FTY ONE,Bus Bay,2023,"1,400,000",+32%,Object 1,Business Bay,Apartments,Urban/Modern,,,,"1,800","2,100","2,410","2,620",20,,,,15m,35m,5m,20m,,,,,
498,W1NNER,JVT,2024,"800,000",+18%,Object 1,JVT,Apartments,Urban/Modern,,,,,"1,500","1,720","1,870",14.5,"1,000",7.0,,25m,20m,20m,15m,,,,,
499,LUM1NAR1,JVT,2024,"850,000",+15%,Object 1,JVT,Apartments,Urban/Modern,,,,,"1,550","1,750","1,870",14.5,"1,000",7.0,,25m,20m,20m,15m,,,,,
500,WOODV1TE,JVC,2024,"900,000",+14%,Object 1,JVC,Apartments,Urban/Modern,,,,,"1,450","1,620","1,720",14.5,"1,100",7.5,,25m,25m,20m,15m,,,,,
501,RTETR1S,JVC,2024,"880,000",+12%,Object 1,JVC,Apartments,Urban/Modern,,,,,"1,400","1,570","1,660",14.5,"1,660",14.5,+12%,8m,20m,25m,25m,,,,,
502,VERDAN1A,JVC,2024,"920,000",+10%,Object 1,JVC,Apartments,Urban/Modern,,,,,"920,000","1,550","1,620",14.5,"1,620",14.5,+10%,8m,20m,25m,25m,,,,,
503,Torino,Arjan,2022,"550,000",+55%,ORO24,Arjan,Apartments,Urban/Modern,,,"1,000","1,250","1,500","1,740","1,920",14,"1,920",14.0,+10.5%,8m,5m,25m,25m,,,,,
504,Levanto,JVC,2022,"600,000",+48%,ORO24,JVC,Apartments,Urban/Modern,,,"1,100","1,340","1,590","1,830","2,010",14.5,"2,010",14.5,+9.8%,8m,8m,25m,25m,,,,,
505,Elano,Arjan,2023,"650,000",+35%,ORO24,Arjan,Apartments,Urban/Modern,,,,"1,200","1,420","1,640","1,790",14,"1,790",14.0,+9.5%,8m,5m,25m,25m,,,,,
506,Kyoto,Arjan,2023,"750,000",+30%,ORO24,Arjan,Apartments,Urban/Modern,,,,"1,250","1,460","1,650","1,790",14,"1,790",14.0,+8.8%,8m,5m,25m,25m,,,,,
507,Albert,Dubailand,2024,"1,100,000",+15%,ORO24,Dubailand,Townhouses,Gated/Family,,,,,"1,150","1,320","1,430",3.5,"1,430",3.5,+7%,15m,15m,30m,25m,,,,,
508,Wadi,Dubailand,2024,"1,200,000",+14%,ORO24,Dubailand,Townhouses,Gated/Family,,,,,"1,200","1,340","1,430",3.5,"1,430",3.5,+6.8%,15m,15m,30m,25m,,,,,
509,Mimeo,Dubailand,2024,"1,150,000",+12%,ORO24,Dubailand,Townhouses,Gated/Family,,,,,"1,250","1,380","1,460",3.5,"1,460",3.5,+6%,15m,15m,30m,25m,,,,,
510,Nagoya,Dubailand,2024,"1,300,000",+10%,ORO24,Dubailand,Townhouses,Gated/Family,,,,,"1,300,000","1,300","1,360",3.5,"1,360",3.5,+4.8%,15m,15m,30m,25m,,,,,
511,Fortunato,JVC,2008,Community,+40% (Since 2020),Various,JVC,Mixed,Community,750,800,890,980,"1,060","1,150","1,210",14.36,"1,210",14.36,+5.2%,8m,8m,25m,25m,,,,,
512,Franck Muller Aet.,Marina,2024,"2,400,000",+20%,London Gate,Dubai Marina,Apartments,High-Rise Luxury,,,,,"2,500","2,910","3,190",30,"3,190",30.0,+9.5%,8m,5m,30m,35m,,,,,
513,Franck Muller Van.,Marina,2024,"2,100,000",+18%,London Gate,Dubai Marina,Apartments,High-Rise Luxury,,,,,"2,400","2,760","3,010",30,"3,010",30.0,+8.8%,8m,5m,30m,35m,,,,,
514,Maya V,JVT,2023,"650,000",+32%,London Gate,JVT,Apartments,Urban/Modern,,,,"1,250","1,460","1,660","1,810",14.5,"1,810",14.5,+8.5%,8m,8m,25m,25m,,,,,
515,Nadine 1,Furjan,2023,"850,000",+28%,London Gate,Al Furjan,Apartments,Suburban Urban,,,,"1,300","1,490","1,670","1,800",14.5,"1,800",14.5,+7.8%,8m,8m,35m,15m,,,,,
516,Nadine 2,Furjan,2024,"900,000",+15%,London Gate,Al Furjan,Apartments,Suburban Urban,,,,,"1,350","1,520","1,630",14.5,"1,630",14.5,+7%,8m,8m,35m,15m,,,,,
517,Lilian,JVC,2024,"880,000",+12%,London Gate,JVC,Apartments,Urban/Modern,,,,,"1,400","1,550","1,640",14.5,"1,640",14.5,+6%,8m,8m,25m,25m,,,,,
518,The Muse,JVC,2023,"750,000",+30%,London Gate,JVC,Apartments,Urban/Modern,,,,"1,200","1,390","1,570","1,700",14.5,"1,700",14.5,+8%,8m,8m,25m,25m,,,,,
519,One Sankari,Bus Bay,2024,"35,000,000",+15%,Sankari,Business Bay,Penthouses,Ultra-Luxury,,,,,"4,500","5,060","5,440",45,"5,440",45.0,+7.5%,8m,5m,15m,40m,,,,,
520,Regent Residences,Bus Bay,2024,"3,500,000",+18%,Sankari,Business Bay,Apartments,Waterfront/Luxury,,,,,"2,200","2,530","2,750",22,"2,750",22.0,+8.8%,8m,5m,15m,40m,,,,,
521,Palm Signature,Palm,2023,"45,000,000",+40%,Various,Palm Jumeirah,Luxury Villas,Ultra-Luxury,,,,"3,500","4,500","5,510","6,290",7.5,"6,290",7.5,+14.2%,10m,10m,30m,40m,,,,,
522,Seven Palm,Palm,2017,"1,100,000",+85% (Since 2020),Seven Tides,Palm Jumeirah,Apartments,Waterfront/Resort,"1,500","1,690","2,070","2,460","2,860","3,220","3,510",22,"3,510",22.0,+9.2%,10m,10m,30m,40m,,,,,
523,Anantara Palm Res,Palm,2010,Community,+110% (Since 2020),Seven Tides,Palm Jumeirah,Serviced Apt,Resort/Luxury,"2,200","2,560","3,390","4,150","4,930","5,640","6,230",32,"6,230",32.0,+10.5%,10m,10m,30m,40m,,,,,
524,Dukes The Palm,Palm,2013,Community,+75% (Since 2020),Seven Tides,Palm Jumeirah,Serviced Apt,Resort/Luxury,"1,800","2,010","2,380","2,720","3,090","3,420","3,690",30,"3,690",30.0,+7.8%,10m,10m,30m,40m,,,,,
525,Oceana,Palm,2005,Community,+95% (Since 2020),Seven Tides,Palm Jumeirah,Apartments,Waterfront/Family,"1,700","1,950","2,500","2,990","3,500","3,970","4,380",24,"4,380",24.0,+10.2%,10m,10m,30m,40m,,,,,
526,Seven City,JLT,2020,"500,000",+85%,Seven Tides,JLT,Apartments,Urban/Golf,900,"1,040","1,270","1,510","1,750","1,970","2,150",16,"2,150",16.0,+9.2%,10m,8m,30m,25m,,,,,
527,Banyan Tree Res,JLT,2016,"2,100,000",+65% (Since 2020),SWEID & SWEID,JLT,Apartments,Urban/Resort,"1,600","1,760","2,090","2,390","2,710","3,000","3,240",20,"3,240",20.0,+7.8%,10m,8m,30m,25m,,,,,
528,The Edge,Bus Bay,2023,"1,200,000",+35%,Select Group,Business Bay,Apartments,Urban/Modern,,,,"1,600","1,900","2,190","2,400",19.5,"2,400",19.5,+9.5%,8m,5m,15m,40m,,,,,
529,The 47th,Jaddaf,2024,"1,300,000",+15%,Various,Al Jaddaf,Apartments,Urban/Modern,,,,,"1,500","1,690","1,810",16.5,"1,810",16.5,+7%,10m,5m,12m,45m,,,,,
530,6 Falak,Knowledge V.,2024,"2,500,000",+12%,Various,Knowledge Village,Mixed,Business/Urban,,,,,"2,000","2,200","2,330",20,"2,330",20.0,+5.8%,5m,5m,25m,30m,,,,,
531,Ritz-Carlton Res,Bus Bay,2024,"6,500,000",+14%,Khamas Group,Business Bay,Branded Apt,Waterfront/Ultra,,,,,"4,500","5,020","5,360",45,"5,360",45.0,+6.8%,8m,5m,15m,40m,,,,,
532,Mama Residences,Bus Bay,2022,"1,400,000",+42%,Khamas Group,Business Bay,Branded Apt,Lifestyle Urban,,,"2,200","2,610","3,030","3,440","3,760",28,"3,760",28.0,+9.2%,8m,5m,15m,40m,,,,,
533,Marriott Res JVC,JVC,2023,"950,000",+35%,Various,JVC,Branded Apt,Urban/Family,,,,"1,350","1,580","1,810","1,970",18,"1,970",18.0,+9%,8m,8m,25m,25m,,,,,
534,Autograph S,JVC,2024,"1,100,000",+18%,Various,JVC,Apartments,Urban/Modern,,,,,"1,500","1,780","1,940",15.5,"1,100",7.5,,25m,25m,20m,15m,,,,,
535,Autograph X,JVC,2024,"1,250,000",+15%,Various,JVC,Apartments,Urban/Modern,,,,,"1,550","1,750","1,880",15.5,"1,100",7.5,,25m,25m,20m,15m,,,,,
536,Autograph I,JVC,2024,"1,400,000",+12%,Various,JVC,Apartments,Urban/Modern,,,,,"1,400,000","1,600","1,680",15.5,"1,100",7.5,,25m,25m,20m,15m,,,,,
537,Paradise Lakes,Emirates City,2008,Community,+25% (Since 2020),Various,Emirates City,Apartments,Economy/Suburban,350,360,390,420,450,470,490,8.5,490,8.5,+3.8%,40m,50m,45m,55m,,,,,
538,Helvetia Res,JVC,2024,"850,000",+15%,Various,JVC,Apartments,Urban/Modern,,,,,"1,350","1,520","1,630",14.5,"1,100",7.5,,25m,25m,20m,15m,,,,,
539,Helvetia Marine,Maritime,2024,"1,750,000",+18%,Various,Maritime City,Apartments,Waterfront/Modern,,,,,"1,800","2,060","2,240",18.5,"2,240",18.5,+8.5%,10m,8m,15m,50m,,,,,
540,Helvetia Verde,JVC,2024,"920,000",+12%,Various,JVC,Apartments,Urban/Modern,,,,,"920,000","1,450","1,520",14.5,"1,520",14.5,+5.2%,8m,8m,25m,25m,,,,,
541,City Walk (1-20),City Walk,2014,Community,+80% (Since 2020),Meraas,City Walk,Apartments,Urban/Lifestyle,"1,700","1,900","2,290","2,650","3,030","3,380","3,660",21,"3,660",21.0,+8.5%,8m,5m,15m,40m,,,,,
542,Verve City Walk,City Walk,2024,"2,200,000",+15%,Meraas,City Walk,Apartments,Urban/Lifestyle,,,,,"2,100","2,360","2,530",22,"2,530",22.0,+7.2%,8m,5m,15m,40m,,,,,
543,Northline 1,City Walk,2024,"1,900,000",+18%,Meraas,City Walk,Apartments,Urban/Lifestyle,,,,,"1,950","2,250","2,440",20,"2,000",6.0,,15m,35m,5m,20m,,,,,
544,Northline 2,City Walk,2024,"2,100,000",+15%,Meraas,City Walk,Apartments,Urban/Lifestyle,,,,,"2,050","2,340","2,530",20,"2,000",6.0,,15m,35m,5m,20m,,,,,
545,Crestlane (1-5),City Walk,2024,"2,050,000",+14%,Meraas,City Walk,Apartments,Urban/Lifestyle,,,,"2,400","2,840","3,270","3,580",22,"2,000",6.0,,15m,35m,5m,20m,,,,,
546,Central Park Plaza,City Walk,2023,"2,500,000",+25%,Meraas,City Walk,Apartments,Urban/Lifestyle,,,"2,180","2,520","2,850","3,160","3,400",20,"3,580",22.0,+9.5%,8m,5m,15m,40m,,,,,
547,MJL Nourelle,MJL,2022,"1,800,000",+45%,Meraas,MJL,Apartments,Pedestrian/Resort,,,"1,800","2,170","2,530","2,890","3,170",18,"3,170",18.0,+9.8%,5m,5m,25m,35m,,,,,
548,MJL Riwa (1-3),MJL,2024,"2,300,000",+15%,Meraas,MJL,Apartments,Pedestrian/Resort,,,,,"2,200","2,470","2,650",19,"2,650",19.0,+7.2%,5m,5m,25m,35m,,,,,
549,MJL Elara (A-C),MJL,2023,"2,100,000",+28%,Meraas,MJL,Apartments,Pedestrian/Resort,,,,"2,000","2,450","2,900","3,240",19,"3,240",19.0,+11.8%,5m,5m,25m,35m,,,,,
550,MJL Jomana (1-8),MJL,2023,"1,900,000",+35%,Meraas,MJL,Apartments,Pedestrian/Resort,,,,"2,100","2,610","3,140","3,530",19,"3,530",19.0,+12.5%,5m,5m,25m,35m,,,,,
551,MJL Jadeel (1-2),MJL,2022,"1,600,000",+55%,Meraas,MJL,Apartments,Pedestrian/Resort,,,"1,750","2,190","2,650","3,130","3,490",18,"3,490",18.0,+11.5%,5m,5m,25m,35m,,,,,
552,MJL Asayel (1-3),MJL,2019,"1,400,000",+105% (Since 2020),Meraas,MJL,Apartments,Pedestrian/Resort,"1,500","1,740","2,300","2,790","3,300","3,780","4,160",17.5,"4,160",17.5,+10.2%,5m,5m,25m,35m,,,,,
553,MJL Rahal (1-2),MJL,2018,"1,300,000",+115% (Since 2020),Meraas,MJL,Apartments,Pedestrian/Resort,"1,450","1,690","2,260","2,780","3,320","3,830","4,260",17.5,"4,260",17.5,+11.2%,5m,5m,25m,35m,,,,,
554,MJL Lamtara (1-3),MJL,2019,"1,450,000",+110% (Since 2020),Meraas,MJL,Apartments,Pedestrian/Resort,"1,480","1,720","2,290","2,790","3,310","3,810","4,220",17.5,"4,220",17.5,+10.8%,5m,5m,25m,35m,,,,,
555,Jumeirah Asora Bay,La Mer,2025,"4,500,000",+12%,Meraas,Jumeirah,Apartments,Waterfront/Boutique,,,,,"4,500,000","4,500","4,750",25,"4,750",25.0,+5.5%,10m,10m,15m,50m,,,,,
556,Solaya,Dubailand,2024,"7,500,000",+15%,Meraas,Dubailand,Villas,Nature/Gated,,,,,"1,600","1,800","1,930",3.5,"1,930",3.5,+7.2%,15m,15m,30m,25m,,,,,
557,Bulgari Ocean,Jumeirah Bay,2021,"45,000,000",+95%,Meraas,Port de La Mer,Apartments,Waterfront/Resort,,,"5,500","7,450","9,600","11,760","13,580",60,"13,580",60.0,+15.5%,10m,10m,18m,45m,,,,,
558,Bluewaters (1-10),Bluewaters,2015,Community,+125% (Since 2020),Meraas,Port de La Mer,Townhouses,Waterfront/Luxury,"2,400","2,840","3,940","4,890","5,910","6,850","7,620",28,"7,620",28.0,+11.2%,10m,5m,30m,40m,,,,,
559,The Edit at d3,d3,2024,"2,000,000",+15%,Meraas,Jumeirah Bay,Apartments,Ultra-Luxury,,,,,"1,900","2,140","2,290",20,"2,290",20.0,+7.2%,10m,10m,15m,45m,,,,,
560,Atélis at d3,d3,2025,"2,200,000",+8%,Meraas,Jumeirah Bay,Mansions,Ultra-Luxury,,,,,"2,200,000","2,100","2,180",20,"2,180",20.0,+4%,10m,10m,15m,45m,,,,,
561,NAS Gardens (1-11),Nad Al Sheba,2022,Community,+55%,Meraas,Jumeirah Bay,Luxury Villas,Ultra-Luxury,,,"1,250","1,480","1,710","1,940","2,110",4.5,"2,110",4.5,+9%,10m,10m,15m,40m,,,,,
562,The Acres (1-3),Dubailand,2023,Community,+35%,Meraas,Bluewaters,Apartments,Island/Luxury,,,,"1,250","1,470","1,700","1,870",4.2,"1,870",4.2,+10%,15m,12m,28m,28m,,,,,
563,Shoreline (1-20),Palm,2003,Community,+115% (Since 2020),Meraas,Bluewaters,Apartments,Island/Luxury,"1,200","1,400","1,900","2,320","2,770","3,200","3,550",17.5,"3,550",17.5,+10.8%,10m,10m,30m,40m,,,,,
564,Golden Mile (1-10),Palm,2004,Community,+85% (Since 2020),Meraas,d3,Apartments,Urban/Creative,"1,100","1,240","1,550","1,810","2,080","2,330","2,520",18,"2,520",18.0,+8.2%,10m,10m,30m,40m,,,,,
565,Marina Res (1-6),Palm,2006,Community,+95% (Since 2020),Meraas,d3,Apartments,Urban/Creative,"1,250","1,430","1,840","2,180","2,530","2,870","3,140",18.5,"3,140",18.5,+9.5%,10m,10m,30m,40m,,,,,
566,The Palm Crown,Palm,2024,"25,000,000",+15%,Meraas,d3,Apartments,Urban/Creative,,,,,"3,500","3,940","4,240",6.5,"4,240",6.5,+7.5%,10m,10m,30m,40m,,,,,
567,Palm Jebel Ali Fronds,Palm Jebel Ali,2023,Community,+65%,Nakheel,Jebel Ali,Villas,Island/Luxury,,,,"2,800","3,600","4,410","5,050",6,"1,500",5.5,,45m,20m,,,,,,,
568,Palm Central Res,Palm Jebel Ali,2025,"2,500,000",+12%,Nakheel,Jebel Ali,Villas,Island/Luxury,,,,,"2,500,000","2,500","2,650",22,"2,650",22.0,+6.2%,45m,20m,45m,15m,,,,,
569,Bay Grove (1-15),Dubai Islands,2024,Community,+18%,Nakheel,Dubai Islands,Apartments,Waterfront/Resort,,,,,"2,000","2,310","2,520",20,"2,520",20.0,+9%,15m,50m,15m,50m,,,,,
570,District One West,MBR City,2023,"7,500,000",+45%,Nakheel,MBR City,Apartments,Gated/Lagoon,,,,"1,800","2,200","2,610","2,920",5.5,"2,920",5.5,+11.8%,18m,40m,20m,35m,,,,,
571,Lagoon Views,MBR City,2024,"1,700,000",+18%,Nakheel,MBR City,Townhouses,Gated/Lagoon,,,,,"1,900","2,190","2,390",20,"2,390",20.0,+9%,18m,40m,20m,35m,,,,,
572,District 11 Opal,MBR City,2022,"4,200,000",+42%,Nakheel,MBR City,Apartments,Gated/Family,,,"1,300","1,540","1,790","2,030","2,220",4.2,"1,600",6.0,,20m,45m,,,,,,,
573,Masakin Al Furjan,Al Furjan,2007,Community,+60% (Since 2020),Nakheel,Al Furjan,Apartments,Suburban Urban,950,"1,030","1,190","1,340","1,500","1,640","1,750",11.5,"1,750",11.5,+6.5%,35m,15m,35m,15m,,,,,
574,Int. City Precincts,International City,2002,Community,+35% (Since 2020),Nakheel,Int. City,Apartments,Economy/Urban,450,470,510,550,590,620,650,7,650,7.0,+4.2%,12m,40m,15m,50m,,,,,
575,Discovery Gdns (6),Discovery Gdns,2004,Community,+45% (Since 2020),Nakheel,Discovery Gdns,High-End Apt,Low-Rise Family,650,680,750,820,880,950,990,12.5,990,12.5,+5.2%,35m,20m,35m,20m,,,,,
576,Jebel Ali Village,Jebel Ali Village,2021,"4,200,000",+65%,Nakheel,Jebel Ali,Apartments,Gated/Family,,,"1,100","1,300","1,520","1,730","1,900",3.5,"1,900",3.5,+9.8%,40m,15m,35m,10m,,,,,
577,Badrah,Waterfront,2008,Community,+30% (Since 2020),Nakheel,Waterfront,Mixed,Economy/Urban,450,460,490,520,550,570,590,6.5,590,6.5,+3.2%,45m,15m,40m,10m,,,,,
578,Veneto,Waterfront,2008,Community,+40% (Since 2020),Nakheel,Waterfront,Luxury Villas,Luxury Villas,900,940,"1,040","1,130","1,220","1,310","1,380",6.5,"1,380",6.5,+5.5%,45m,15m,40m,10m,,,,,
579,Vincitore Aqua Flora,Science Park,2024,"750,000",+22%,Vincitore,Science Park,Luxury Villas,Resort/Urban,,,,,"1,400","1,660","1,830",14.5,"1,100",7.5,,25m,30m,,,,,,,
580,Hartland II Ph 3,Hartland II,2024,"1,600,000",+15%,Sobha Realty,Hartland II,Apartments,Waterfront/Urban,,,,,"1,900","2,140","2,300",16.5,"2,300",16.5,+7.5%,12m,40m,12m,45m,,,,,
581,Emaar South Ph 4,Emaar South,2024,"1,250,000",+12%,Emaar Properties,Emaar South,Apartments,Gated/Golf,,,,,"1,100","1,220","1,290",3.2,"1,290",3.2,+6.2%,45m,8m,45m,8m,,,,,
582,Samana Skyros 2,Arjan,2024,"680,000",+15%,Samana,Arjan,Villas,Urban/Modern,,,,,"1,250","1,410","1,520",14,"1,520",14.0,+7.5%,25m,30m,25m,25m,,,,,
583,Azizi Venice Res 1,Dubai South,2023,"600,000",+35%,Azizi Developments,Dubai South,Branded Apt,Waterfront/Urban,,,,"1,350","1,600","1,850","2,030",14,"2,030",14.0,+9.5%,45m,7m,45m,10m,,,,,
584,Azizi Venice Res 2,Dubai South,2024,"620,000",+18%,Azizi Developments,Dubai South,Apartments,Waterfront/Urban,,,,,"1,450","1,670","1,810",14,"1,810",14.0,+8.8%,45m,7m,45m,10m,,,,,
585,Azizi Venice Res 3,Dubai South,2024,"650,000",+15%,Azizi Developments,Dubai South,Luxury Villas,Waterfront/Urban,,,,,"1,500","1,690","1,820",14,"1,820",14.0,+7.5%,45m,7m,45m,10m,,,,,
586,Azizi Venice Res 4,Dubai South,2024,"680,000",+12%,Azizi Developments,Dubai South,Apartments,Waterfront/Urban,,,,,"1,550","1,710","1,820",14,"1,820",14.0,+6.2%,45m,7m,45m,10m,,,,,
587,Azizi Venice Res 5,Dubai South,2024,"710,000",+10%,Azizi Developments,Dubai South,Villas,Waterfront/Urban,,,,,"1,600","1,730","1,820",14,"1,820",14.0,+5%,45m,7m,45m,10m,,,,,
588,Damac Islands Ph 1,Damac Islands,2024,"2,200,000",+18%,Damac Properties,Dubailand,Villas,Gated/Water,,,,,"1,300","1,500","1,640",4.2,"1,640",4.2,+9%,35m,20m,35m,25m,,,,,
589,Damac Islands Ph 2,Damac Islands,2025,"2,350,000",+12%,Damac Properties,Dubailand,Townhouses,Gated/Water,,,,,"2,350,000","1,400","1,490",4.2,"1,490",4.2,+6.2%,35m,20m,35m,25m,,,,,
590,Damac Islands Ph 3,Damac Islands,2025,"2,500,000",+8%,Damac Properties,Dubailand,Apartments,Gated/Water,,,,,"2,500,000","1,450","1,510",4.2,"1,510",4.2,+4%,35m,20m,35m,25m,,,,,
591,Shoba Elwood Ph 2,Shoba Elwood,2025,"8,200,000",+10%,Sobha Realty,Dubailand,Apartments,Nature/Gated,,,,,"8,200,000","1,550","1,630",3.8,"1,630",3.8,+5%,30m,30m,30m,30m,,,,,
592,Binghatti Hills Ph 3,Science Park,2025,"920,000",+12%,Binghatti,Science Park,Apartments,High-Rise Urban,,,,,"920,000","1,250","1,330",14,"1,100",7.5,,25m,30m,,,,,,,
593,Beachfront Ph 5,Emaar Beachfront,2025,"3,500,000",+15%,Emaar Properties,Harbour,Villas,Island/Luxury,,,,,"3,500,000","3,100","3,330",21,"3,330",21.0,+7.5%,30m,40m,20m,45m,,,,,
594,The Valley Ph 3,The Valley,2026,"3,200,000",+2%,Emaar Properties,The Valley,Villas,Gated/Family,,,,,"3,200,000",,"1,500",3,"1,500",3.0,Launch,25m,45m,30m,30m,,,,,
595,Grand Polo Selvara 5,Grand Polo Club,2026,"6,800,000",+1%,Emaar Properties,Emaar South,Villas,Gated/Golf,,,,,"6,800,000",,"1,700",4.8,,,,45m,8m,,,,,,,
596,Rashid Yachts Ph 8,Rashid Yachts,2026,"2,800,000",+2%,Emaar Properties,Port Rashid,Mixed,Waterfront/Urban,,,,,"2,800,000",,"2,500",18.5,"2,500",18.5,Launch,15m,50m,15m,50m,,,,,
