prefix_len,prefix,count,sample_normalized
3,971,1771172,971501055655
3,201,526111,201610
3,966,186890,966544290290
3,202,162375,2029179812
3,861,147031,8613022263377
3,050,110966,0504620050
3,923,93384,923219498286
3,862,93017,862586611494
3,865,80367,865921666922
3,447,78074,447876433464
3,234,77532,2348037155010
3,919,61111,919119112112
3,867,53637,867712809925
3,965,44501,96566073106
3,506,38297,506253107
3,055,34915,0556836682
3,100,31263,1006072680
3,043,31000,043410517
3,974,28795,97433120089
3,504,20997,504458698
3,200,19833,20022003
3,962,19133,962798206206
3,505,18807,505919683
3,968,17781,96891405750
3,863,17462,8637051
3,056,16628,0561631431
3,852,15970,85263043279
3,042,15625,042820007
3,440,14417,4407798690454
3,191,13352,19192558279
3,507,12655,507141650
3,508,11941,508849550
3,886,11798,886953186836
3,864,11636,8641916482389
3,336,11425,33621895134
3,918,11153,9185405754
3,868,10889,868382274206
3,973,10871,9732181263
3,989,10728,989121725137
3,503,10690,50344499
3,441,10675,441274732675
3,502,10250,502788129
3,442,10246,442087494433
3,518,9943,5184371
3,555,9570,55578053
3,052,9535,0526096888
3,491,9131,491726235076
3,501,8906,501953514
3,659,8833,6598459159
3,676,8566,6763897
3,439,8445,43911111
3,509,7887,509450973
3,964,7884,9647504450243
3,044,7858,044251111
3,917,7668,917399700027
3,510,7589,5109968432
3,961,7374,9613231190
3,922,7327,922000771
3,164,7317,16478898440
3,619,7075,6199001
3,551,6995,5513991230710
3,300,6712,30061990
3,030,6602,03000281373
3,559,6369,5595991177030
3,436,6346,43682737
3,556,6310,556453178
3,393,5981,393336652491
3,770,5909,770544368
3,558,5745,55800037
3,213,5653,213790274297
3,552,5616,55205214
3,905,5567,905308346059
3,310,5543,310306
3,791,5327,79174343524
3,139,5208,1393902
3,141,5123,14168271966
3,920,5113,9203444444381
3,972,5102,97263743
3,528,5033,528004270
3,380,5004,380674832163
3,529,4946,529039708
3,566,4834,566959099
3,554,4713,55476813
3,316,4665,3168677177
3,982,4638,98218433
3,212,4594,212604818754
3,278,4588,27844425363
3,553,4585,55388171
3,244,4578,244923610936
3,866,4528,866105931221
3,417,4515,41795772495
3,210,4502,2101005
3,557,4477,55703147
3,561,4464,5619882050
3,249,4454,249118224666
3,656,4372,6569870197
3,254,4315,254720675575
3,135,4275,13513138
3,117,4219,11739455
3,792,4162,79218698009
3,151,4154,1510218
3,467,4114,46702674958
3,614,4102,61423276668
3,048,4090,048873890
3,221,4053,2212111
3,924,4043,92425752522
3,179,4029,1797231
3,186,3995,18608171574
3,361,3957,361977604
3,169,3938,16903998
3,225,3909,22507936061
3,880,3895,8801771727871
3,790,3853,79029902875
3,333,3838,33383581
3,120,3814,120312
3,353,3722,353504
3,315,3702,315010
3,266,3680,26667281
3,628,3571,6285334653493
3,610,3488,610455044144
3,869,3464,869414
3,097,3455,0971506413546
3,564,3445,564126010
3,110,3371,110400
3,222,3333,2222209
3,137,3322,13705782
3,138,3284,13802785171
3,777,3280,77777170
3,178,3275,17855149
3,344,3271,344224104
3,321,3234,321785504
3,324,3233,32465437741
3,658,3192,6584585629
3,330,3158,3300100
3,251,3150,251911217388
3,130,3125,1308888
3,123,3117,123456789
3,337,3099,33761051555
3,567,3067,567287801
3,103,3055,103304687
3,422,3015,42261000
3,299,2949,299555504
3,121,2889,12158505280
3,131,2877,13124988888
3,430,2870,43043100
3,255,2829,25588519
3,998,2793,99879702
3,140,2776,14082638455
3,445,2754,44509134
3,526,2750,526914666
3,150,2707,15010311116
3,136,2684,1363602
3,562,2680,562972935
3,065,2671,065681896
3,111,2612,11151115
3,233,2596,233209592257
3,350,2591,350888000
3,122,2568,1227250
3,260,2554,260894
3,650,2532,65099998
3,264,2507,2644478895
3,215,2504,2151507
3,277,2502,27729850462
3,910,2456,910909
3,312,2456,312020
3,112,2452,112220
3,563,2428,563611622
3,967,2423,96759205
3,444,2419,44493021
3,101,2374,101291
3,262,2347,262000
3,190,2347,19053304788
3,362,2345,36203112328
3,161,2342,161985
3,527,2340,527811888
3,796,2320,79629546561
3,433,2316,43359584
3,133,2310,13345572502
3,102,2296,102019
3,346,2293,34690305849
3,250,2288,250788501043
3,242,2285,242722786500
3,181,2267,18134743193
3,033,2265,03332510667
3,331,2263,33170011
3,798,2229,79857624292
3,398,2209,398735277
3,443,2202,443911774
3,569,2187,569844874
3,185,2161,18516180084
3,400,2154,400007
3,256,2154,256772581025
3,860,2153,8605768030099
3,500,2148,500022030
3,394,2145,39466499
3,325,2140,32566634243
3,450,2102,4509290
3,311,2093,31140522
3,994,2080,994558950520
3,348,2079,34858425
3,230,2052,23000000000
3,134,2049,13472729520
3,287,2044,28780676
3,272,2041,27218555258
3,226,2027,226129
3,565,2026,565573541
3,488,2017,48821848
3,925,2015,92554016351
3,937,2014,93700805019
3,032,2007,03229211234
3,116,2005,1161605
3,977,1983,9779818067421
3,523,1966,523275210
3,322,1953,3226770956
3,947,1953,94772200486
3,160,1928,16048768769
3,232,1907,232305
3,285,1889,285222204
3,128,1884,12899800149
3,749,1879,74959358200
3,026,1853,026437979
3,214,1826,214100
3,171,1800,17143004780
3,601,1795,601112820922
3,114,1791,1141574648
3,132,1788,13263181668
3,343,1764,343474704
3,332,1756,332211
3,525,1744,525567069894
3,107,1741,1079809949
3,177,1740,17778355
3,170,1712,170455
3,152,1696,152020
3,519,1692,5191904
3,349,1657,349949274
3,410,1648,410786534061
3,407,1646,4077866
3,334,1618,334587804
3,252,1615,252633504522
3,338,1603,33826754
3,589,1602,589505102
3,054,1601,0544740868
3,189,1585,18901388820
3,434,1578,43446903
3,040,1566,0404440
3,211,1519,2115018
3,158,1516,15862879923
3,521,1515,52125729
3,710,1515,710611474
3,448,1491,44816574
3,291,1487,29177794
3,183,1480,18328933330
3,216,1477,2164281100
3,416,1477,41617950
3,352,1462,352691341431
3,306,1458,306941537004
3,345,1446,3452666
3,276,1441,276597
3,243,1432,243817518798
3,373,1428,37369296454
3,363,1417,363610
3,668,1404,66866242145
3,288,1403,2880156115
3,911,1396,91166870
3,435,1394,43592892
3,224,1394,224743
3,634,1392,6343140
3,313,1366,313026581
3,197,1346,19726853461
3,390,1330,390500904
3,045,1326,045499410552398
3,047,1322,047031111
3,223,1314,2233445
3,020,1314,0201111492932
3,821,1305,821095551678
3,172,1299,17272408789
3,263,1286,263774935195
3,124,1282,1242401
3,351,1281,3519205551
3,515,1279,515500
3,292,1274,292906
3,639,1271,639213156901
3,282,1268,282804
3,237,1267,2370708
3,644,1258,64492204
3,241,1258,24150000
3,915,1254,91509867621
3,156,1252,15643820
3,319,1238,3191905
3,175,1231,175369131
3,996,1230,996596695021
3,368,1214,368269904
3,261,1212,261320720840
3,289,1211,2899319
3,452,1206,452783095
3,010,1191,01001719102
3,142,1189,142019
3,265,1181,26547615
3,421,1163,42146052
3,360,1158,360733004
3,795,1156,7956842387
3,750,1150,7504959358
3,198,1144,198474
3,271,1143,2713585
3,279,1143,279199380
3,318,1138,318833304
3,420,1135,42011111
3,153,1129,15330258385
3,970,1122,970599310552
3,522,1121,5220713595
3,235,1120,2350000000000
3,371,1120,37125944534
3,115,1109,115146606167
3,454,1108,454553277737
3,340,1099,340029304
3,314,1096,314000
3,113,1076,113648952
3,916,1065,916205161388
3,302,1065,302109490279
3,374,1062,374652704
3,347,1062,347368804
3,192,1056,19206602423
3,335,1054,33510728
3,058,1048,0586487318
3,568,1023,568420124
3,125,1019,12518953498
3,323,1013,3232477223317
3,912,1004,912266661166
3,188,1001,18896392
3,317,993,3171705
3,530,993,5305240
3,383,992,383952
3,218,990,218923812763
3,358,987,35808124749431
3,537,982,53715016
3,381,981,381641078185
3,162,979,16268610264
3,126,975,126480534
3,071,973,071985
3,227,971,22796077171
3,963,968,963958208677
3,163,957,16308541936
3,359,952,359689793
3,301,950,3014843874
3,524,950,524832373
3,642,948,642292109
3,810,944,8100000000
3,423,941,42349243
3,165,933,16586143
3,220,930,220926
3,203,924,2032416
3,269,918,269157504
3,391,916,3911111
3,034,911,03420993336
3,432,907,43246383
3,881,901,8814930
3,229,885,2294105706
3,182,882,18211011750
3,438,881,43801180
3,474,879,4740056264
3,544,878,544044623
3,616,878,6163451
3,303,877,30333476
3,159,872,15910977787
3,426,864,42653040
3,992,853,992374326
3,987,850,98799511
3,217,847,21779347
3,451,846,451202
3,666,843,66615404
3,145,843,1455738860
3,662,838,6621880
3,382,837,3828765759
3,021,837,02134986504
3,195,831,195203
3,072,828,072686
3,429,824,4293448
3,511,823,511700
3,180,814,18038334533
3,240,812,24012801
3,127,811,1272000
3,367,809,367466104
3,819,805,8190000000
3,975,804,97555814415
3,119,801,1191901
3,375,799,375333503723
3,268,795,26815800
3,651,792,6512262050
3,490,791,4901712860388
3,228,786,228224270
3,645,785,6450190
3,414,784,414103
3,786,782,78632459690
3,320,780,320477599525
3,494,775,494371896088
3,355,775,3552413
3,455,758,455487
3,655,753,65569983
3,550,751,55060026
3,025,751,0254700024755
3,453,749,4531259598
3,541,748,541132931
3,981,748,9810097506
3,772,746,7722295
3,789,742,7899045212
3,342,740,342105404
3,280,738,280565285
3,236,731,2366481873
3,090,731,0900200902
3,024,728,02433818845790
3,174,722,17460002
3,146,716,1466911363
3,627,714,6272020
3,258,711,258820208291
3,983,708,98323255
3,257,704,25776100010
3,357,702,35799808862
3,456,701,4560153443
3,545,699,5454545
3,079,698,07970473514
3,779,698,7798186956
3,184,698,18401562111
3,427,697,42737511
3,270,697,270827416870
3,341,693,34161872
3,988,686,988871017
3,479,685,4791709254
3,157,680,157335
3,143,678,14379918538
3,267,676,26775259099
3,611,675,611343
3,231,674,231770492194
3,624,674,62408818
3,929,673,929544366
3,460,672,460701
3,173,672,1733457966
3,395,671,3956566
3,295,668,2950664538
3,196,666,196619714
3,296,665,2967519411
3,428,664,42833139
3,118,662,1181801
3,167,661,16714821071
3,067,660,0672763
3,625,659,62500641
3,888,658,888827
3,144,658,1444401
3,900,657,9005339382787
3,219,657,2191902
3,543,652,543019696
3,797,650,797771750
3,470,649,47081561
3,457,649,4578178
3,449,642,449999994
3,653,633,65309588
3,129,633,1292684415
3,193,630,1931773324
3,208,630,2086808800
3,356,627,35699987279
3,654,626,65432538
3,080,625,08096493021
3,372,623,37256812252
3,046,616,046014421
3,206,616,2068666
3,673,607,6738749991
3,585,607,5850345
3,060,605,0606530623
3,660,602,66000950
3,386,602,3868810385
3,155,599,1552779342
3,253,593,2538076
3,187,588,18780400302
3,626,587,6262371
3,669,587,66947804
3,588,586,588898957
3,370,582,370719
3,913,581,91339359
3,641,579,641010101010
3,412,576,41245441
3,573,572,5735709
3,793,572,7936191930
3,955,568,95568093
3,246,568,24615702
3,799,560,799104555
3,176,559,17607107066
3,446,559,446612579776
3,647,555,6478216444
3,415,555,4150000
3,070,554,070977
3,154,553,154681147
3,194,552,1946039288
3,516,543,516023
3,437,541,43757522
3,853,538,85362835115
3,581,538,581980144
3,092,534,092475
3,600,533,600700
3,960,533,9609675276
3,803,530,8039668405
3,995,529,995599954315
3,273,529,273401
3,205,528,2055402722
3,887,525,8871234
3,339,524,33933462
3,883,523,88339970
3,397,523,3972003
3,037,521,0375016
3,148,521,14802090827
3,716,521,71609810
3,365,520,365280704
3,631,518,631123
3,818,517,8189499999
3,481,517,48141111
3,771,515,7711085660
3,781,514,781980
3,109,513,1090256929
3,425,512,42594415
3,832,510,8324886057
3,985,507,9850000000
3,612,504,6128407
3,366,503,3663593
3,286,498,2861287751
3,404,497,404864868
3,104,496,1042321552
3,909,494,9095271044
3,532,488,5326341938
3,879,487,87984270
3,892,478,8929028007
3,077,474,0771063286
3,980,473,9809121228522
3,778,468,7780007
3,570,467,570000
3,464,465,46442633
3,248,464,248622163
3,652,461,65263000
3,535,461,535005026
3,914,457,91469609
3,354,457,354452868
3,560,454,560560500
3,802,453,8029504061
3,734,452,73472734372
3,986,450,98698539
3,053,450,0536391629
3,661,450,66112313
3,512,450,51269221
3,238,449,2389684
3,657,448,65770441
3,741,447,741109
3,700,446,700900
3,663,439,66339167
3,533,437,533634553
3,308,436,308322
3,984,435,9846617
3,247,434,2477121
3,492,430,49237836
3,851,429,8519870742
3,664,429,6643905585
3,776,425,7760225624
3,480,424,48094000
3,621,421,6212122
3,096,419,096696163
3,667,417,6674710
3,630,416,6309266813438
3,884,416,8844775566
3,245,416,245554561265
3,108,414,1082024
3,329,414,3298343
3,487,411,48706150
3,714,411,714183050
3,787,408,7879650515
3,297,403,297079304
3,582,400,582244692
3,695,400,6954822
3,903,399,9030000000
3,857,399,8573237
3,147,399,147178162
3,784,398,7847470847
3,646,398,64695035
3,999,396,9999999
3,495,395,495962
3,105,394,10501800775
3,665,392,6652323
3,031,391,031790
3,424,391,42496300
3,939,385,939300005
3,858,384,85867447517
3,547,384,547596134
3,304,379,3042308
3,385,375,38566033
3,326,372,32665322236
3,166,370,1661000
3,387,370,38765578108
3,926,367,926479968442
3,921,366,92135360214
3,022,366,0225533
3,274,366,2746608
3,990,366,990945
3,431,360,43197799
3,622,359,6222228
3,993,358,99365703010
3,471,358,471516500
3,830,357,830001
3,411,356,41166220
3,281,356,2817777065
3,730,356,730615655
3,902,355,90222289
3,834,353,83433479
3,327,353,3272707
3,620,352,62082146089023
3,859,351,8596270
3,485,350,48516968
3,204,349,2046688
3,732,347,73272642877
3,536,344,5364858391
3,944,343,944266113
3,882,342,8824268
3,486,342,48602317594
3,459,342,4598453
3,870,341,870525
3,093,338,093635117
3,674,337,67443374
3,209,335,209912212402
3,307,333,30704977
3,199,331,199970
3,389,329,3892424
3,496,329,496975912078
3,377,327,377910
3,546,326,546646629
3,284,325,284721
3,889,323,8899016
3,538,320,5389080
3,679,319,6799907361
3,078,317,07884229
3,520,317,520668
3,931,316,931300586
3,613,311,6139888
3,928,307,92808088
3,633,307,633360319
3,856,304,8565445
3,063,304,063236
3,066,303,066086830
3,788,302,788185289
3,290,300,29061985
3,396,300,3969933
3,379,300,3798139
3,742,298,74226161
3,698,296,698745526
3,632,296,63253615
3,927,296,927975727
3,392,295,39287067051
3,735,294,735531124
3,603,293,60378779911
3,239,291,2393905
3,493,291,493423453
3,012,290,012345
3,168,287,1681976555
3,806,286,8060000000
3,057,286,0572727659
3,694,285,6946295
3,703,284,70397268
3,942,282,9425085454
3,800,280,8002511
3,458,278,458732
3,405,278,405214500
3,959,277,9592010814
3,402,277,402825304
3,721,276,72182601111
3,149,275,149405
3,709,274,7090000000
3,850,274,85006968
3,106,272,106047718781
3,643,269,6435188
3,766,268,766667
3,583,268,583299266
3,061,268,061000
3,935,267,9353289263
3,617,265,6175941032
3,572,263,572002
3,571,263,571010101010
3,549,261,549113096480
3,598,258,598990049
3,808,257,8080000000
3,855,257,855975550937
3,936,254,936646552
3,403,252,403677425
3,890,252,8903888
3,807,251,8078011918
3,294,251,294827304
3,954,249,954019149
3,587,249,5877843867
3,401,248,401719367
3,074,246,07462290991
3,283,244,2833279
3,690,243,690557302
3,743,243,743724736
3,531,243,531488888
3,514,242,5143585888
3,618,242,6188788
3,369,241,369545304
3,384,241,3842334
3,399,240,3991113
3,075,238,07551001
3,408,237,4083821568
3,699,235,6996594460233
3,979,234,97954440
3,930,234,93008432929
3,629,234,62902306
3,041,231,0414611508
3,701,230,7014633054
3,794,228,7949165575
3,328,227,3288931
3,635,227,63523100
3,207,227,2072243
3,715,226,71504946968
3,595,226,5957808
3,591,225,591348520502245
3,707,224,7072028
3,932,224,93211471
3,482,224,48236304
3,623,224,623817828
3,542,223,542680913
3,475,223,4754961
3,940,221,940773930670
3,098,221,09873335399
3,773,221,7736059
3,805,220,8053801
3,751,219,7517106
3,774,218,77487538
3,677,218,677822102
3,747,217,7472794
3,418,217,418606
3,364,216,3646403
3,712,216,7128887
3,497,215,497794756635
3,722,215,722004
3,941,213,94112360608
3,413,213,4131301
3,376,210,3766849999
3,011,208,011975
3,275,208,27506556166
3,871,206,8718489
3,906,205,9060000000
3,540,203,540649363
3,723,203,7235144
3,473,202,4738386
3,305,201,3054611346
3,461,201,46126797281
3,891,201,8913905810763
3,035,199,0358912028100
3,815,198,8150000000
3,933,198,93396854
3,817,196,8170000000
3,785,196,7852970010
3,615,196,6157511
3,498,196,498516739
3,953,196,95333387
3,017,195,01752270026
3,599,195,599323434
3,757,195,757575
3,548,194,548713947
3,811,193,8110000000
3,969,193,96930120
3,577,193,57754221
3,801,192,8011981108
3,950,192,95003199
3,729,191,7291509
3,602,191,602620711
3,499,190,4992797
3,062,188,062052806095
3,609,188,609370593
3,697,188,697989
3,728,188,728613
3,576,187,576878
3,733,187,7338553367
3,604,185,6045626291
3,606,184,606034
3,517,184,5178039528
3,843,179,8438347662
3,748,179,7485538
3,469,179,4694839
3,739,179,739491790
3,014,179,014016774
3,820,178,82009102
3,727,178,727773093
3,298,178,2983601
3,670,177,67011555
3,681,176,6816945
3,744,176,7448347382
3,876,175,876698
3,783,175,7831357408
3,765,175,7655328997
3,692,175,692262670514
3,958,174,958216600
3,419,173,41916482389
3,873,172,8734691
3,675,171,67508716
3,513,171,513342656
3,702,170,7020000000
3,091,170,091268541
3,760,170,760999103
3,706,169,7065949183
3,949,169,9492774976
3,978,166,97892637
3,594,166,594644757
3,745,165,7454278387
3,696,164,696751428
3,809,163,8099449654
3,682,163,6822704
3,693,163,6936656132
3,593,162,593995130384
3,484,161,4844184
3,309,160,3099650220
3,854,158,85418439
3,466,157,46652323
3,259,157,2598763
3,584,157,58408799
3,720,156,72068666
3,575,156,5757302
3,813,154,81355375883
3,704,152,7040000000
3,378,152,378971559339660
3,754,151,7545338062
3,293,151,293560
3,822,148,82260620
3,685,148,685128
3,829,147,82996960
3,885,147,8857676
3,826,146,82614377657
3,534,146,534566222
3,596,146,596596356455
3,849,146,84959203736
3,059,144,0595452967
3,028,143,028835053
3,738,143,7386703690
3,592,142,5921364258
3,767,141,767533672
3,780,140,7805662293
3,649,139,6497790
3,015,139,015146498224
3,901,138,901219
3,759,137,7595512460
3,736,137,736101331
3,691,136,6913333
3,051,136,05111998
3,814,135,8141942818
3,761,135,7614664
3,896,133,896008
3,472,133,4722101
3,848,132,848000
3,462,131,4626911
3,823,129,823722491
3,465,129,465678396
3,844,129,8446222250
3,724,128,72433128
3,908,127,9088635608
3,845,127,8451837
3,991,126,9912451201
3,956,126,9565789
3,878,125,878787
3,782,125,7820777
3,388,123,388691
3,737,123,7379289
3,746,122,7469972262
3,945,121,94598480
3,769,121,769162
3,409,121,409677771
3,816,120,8166327916
3,٠٥٠,120,٠٥٠٦٨٦٠٩٩٠
3,731,120,731555777
3,406,120,406060767
3,597,117,597640036
3,686,117,68614400
3,755,113,75538790
3,463,113,4630000000
3,678,112,6786547
3,586,111,58689286
3,539,111,5391868
3,775,109,77514345
3,763,108,7636483
3,705,108,7054045
3,099,108,099999
3,874,107,87428940
3,708,107,708012
3,951,105,951401064
3,897,104,8978403944
3,804,102,8040000000
3,489,102,48994837
3,952,101,952658984
3,752,100,7526372526
3,836,99,83661547
3,672,97,67205888
3,824,97,8248541398
3,640,97,6403941
3,477,96,47704568930
3,893,95,8930497520
3,483,94,4837717
3,831,94,83114818
3,997,94,99752609
3,957,93,9578128
3,812,93,8121077778
3,468,93,4687737
3,904,92,90478379
3,719,92,71919810529775
3,948,92,9483600
3,753,92,753353303
3,574,92,57408390
3,680,92,68031703
3,683,90,683605613
3,847,89,8475053275
3,023,89,0239440
3,846,88,84655445787888
3,898,88,8988411
3,095,88,0958711882
3,590,88,5902329
3,688,87,688337369
3,476,86,4764632
3,637,86,6373088
3,764,85,7648344
3,671,85,6715903
3,049,85,0491725205656
3,073,84,073000
3,478,83,4781462
3,717,83,717654747
3,684,83,6844245
3,835,81,8351888
3,036,81,03644037391
3,016,81,016306150623
3,740,81,7401230031
3,938,80,93802206
3,872,80,87242990
3,٠١٢,80,٠١٢٧٧٧١٧٥٨
3,027,80,02762317336
3,934,78,9341277
3,841,77,84171751992
3,083,77,0837458693
3,877,76,87754982289
3,711,76,7111989
3,875,76,8759680
3,648,76,648564932
3,064,75,0641879376
3,636,74,63608862
3,038,74,0380503284923
3,758,73,7587227
3,580,72,5800569678
3,607,71,607608
3,827,70,82782000
3,608,68,6087777
3,976,67,97619122
3,٠٧٩,66,٠٧٩٩٤٣٩٠٨٨
3,٠٠٩,64,٠٠٩٦٦٥٠٥٦٣٢٢٢٨
3,842,63,8420196887
3,689,62,6891436
3,894,61,8946173999
3,076,61,0767533672
3,039,59,03957674
3,838,59,8383983
3,762,58,762120623
3,٠١٠,58,٠١٠٠١٦٢٤٦٤٨
3,638,58,6387882
3,726,56,72613370
3,718,56,718500
3,943,54,9431466544
3,013,53,0133477066
3,825,53,8252320
3,579,52,5798844
3,756,51,7569756
3,768,51,7687466
3,828,50,82880806
3,833,50,8338234
3,086,48,086000000
3,725,47,7250415
3,907,44,9076323100
3,068,44,0686159
3,713,44,713100
3,081,42,08122647080
3,082,42,0820573826
3,687,41,6870034
3,605,38,6053100
3,018,38,01804179
3,840,34,8409358
3,087,32,08716977004478
3,837,32,837458693
3,899,31,8991111
3,029,31,029718
3,085,30,0857215581
3,578,30,578306071
3,094,30,094456
3,946,28,9460601
3,٠٥٥,28,٠٥٥٦٤٧١٩٣٧
3,839,27,8393302
3,٠٠٢,20,٠٠٢٠١١٥٧٩٤٢٦٧١
3,895,20,8956166626
3,019,20,01952630086
3,089,19,089560
3,٠٧٨,16,٠٧٨٦٤١٨٢٢٨
3,٠٦٩,15,٠٦٩٥٧٩٠٨٨٨
3,084,12,08421000
3,٦٦٠,8,٦٦٠٠٠٧٨١
3,069,8,0696751428
3,٩٦٦,8,٩٦٦٥٥٥٠٢٩٣٠٧
3,٩٩٨,6,٩٩٨٨٩٨٨٦
3,١00,6,١00966505458184
3,088,4,088000
4,9715,1440978,971501055655
4,9710,219320,97105528005403
4,2019,186078,2019010200
4,9665,164063,966544290290
4,2018,161185,2018111700
4,2020,150241,2020010800
4,2017,116948,20170410
4,8610,70476,8610123456780
4,9714,64547,97144216999
4,8613,63908,8613022263377
4,2348,55909,2348037155010
4,8621,40647,862165075552
4,9230,40245,923008241747
4,0506,32935,0506558704
4,8675,32498,8675527436916
4,8657,30373,8657100000000
4,2016,29129,201610
4,1000,26698,1000000000
4,4479,26224,447961696999
4,9659,22668,96599860322
4,9198,22525,919820632220
4,9233,20035,923332132425
4,9232,19972,923219498286
4,0504,18267,0504620050
4,4477,17824,447749288999
4,8620,17071,862087377907
4,9627,16971,962798206206
4,4478,16920,447876433464
4,9745,16845,97450917578
4,9660,16041,9660551948459
4,9689,15857,96891405750
4,8651,15681,8651265550488
4,0505,14747,0505010459
4,8659,13600,865921666922
4,2015,13310,2015070116
4,9656,12566,96566073106
4,8653,12563,865388688917
4,5065,12044,506525844
4,2347,11700,2347036499851
4,9199,11528,919981399047
4,2025,11129,2025458
4,9716,11033,9716451086
4,1912,10252,19122018
4,2000,10031,200000
4,9891,9643,989121725137
4,8869,9620,886953186836
4,0507,9376,0507952482
4,9733,9266,97337778969
4,4407,8670,4407798690454
4,4474,8383,447463647867
4,0508,8376,0508102276
4,5045,8375,504536789
4,5180,8284,518030
4,6763,8264,6763897
4,0439,8230,043972444
4,2012,8129,201270255546
4,9234,7965,923461607137
4,4420,7784,442087494433
4,0503,7586,050333222
4,2010,7196,201091950280
4,0502,7136,0502954375
4,8628,7122,862885565681
4,9719,7102,97195957951
4,9647,7100,9647504450243
4,8631,7093,8631187205370
4,5055,7016,505585702
4,6192,6970,619202200
4,9712,6916,97125910107
4,5064,6914,506448097
4,9221,6776,92215845578
4,1647,6555,16478898440
4,9711,6550,9711003874
4,9655,6538,965538
4,4475,6408,447595174928
4,8625,6294,862586611494
4,8676,6253,867692967646
4,0555,6239,0555585190
4,8615,6191,8615058677388
4,0436,6175,043685555
4,9717,6104,9717037837
4,8529,6103,85290158802
4,0501,6092,0501328392
4,4917,6012,491726235076
4,8627,5716,862787588000
4,8637,5706,8637051
4,5062,5649,506253107
4,9713,5597,9713152758
4,0509,5501,0509076134
4,8622,5456,862224011250
4,9194,5276,919414495775
4,8673,5252,867313651586
4,8522,5217,85228844
4,8618,5162,8618664775453
4,9197,5042,919739566577
4,2340,4858,23408025056152
4,3100,4818,310012
4,9743,4786,97433120089
4,9231,4770,923124336173
4,8641,4721,8641916482389
4,0300,4710,03000281373
4,0556,4673,0556836682
4,0422,4613,042233411
4,8655,4586,8655456810810
4,0433,4565,043381779
4,9203,4351,9203444444381
4,2001,4246,2001128904653
4,9196,4202,919646691971
4,9661,4170,966112791995
4,0566,4066,0566562294
4,8623,4015,8623562356000
4,0434,3960,043410517
4,1416,3923,14168271966
4,9821,3892,98218433
4,2449,3886,244923610936
4,0559,3846,0559232465
4,1797,3827,1797231
4,9195,3736,919544024091
4,0551,3620,055152725
4,9613,3618,9613231190
4,1173,3618,11739455
4,4390,3610,43903333
4,8677,3596,867712809925
4,9746,3573,97466670881
4,9242,3570,92425752522
4,0552,3570,0552986262
4,8629,3556,862982091021
4,7701,3502,77017777210
4,0558,3454,0558807956
4,1690,3451,16903998
4,0435,3443,043593591
4,5044,3369,504458698
4,9053,3346,905308346059
4,2011,3335,201173
4,2499,3335,249908377787
4,2547,3328,254720675575
4,0554,3287,0554544126
4,0557,3274,0557777281
4,5555,3260,555505349
4,2100,3245,210008
4,2349,3211,2349098927605
4,0488,3135,048873890
4,0561,3094,0561631431
4,0971,3056,0971506413546
4,9718,3025,971866799525
4,8624,2964,862425692034
4,9720,2952,97200000000
4,8801,2895,8801771727871
4,0562,2878,0562265781
4,9190,2862,919096713067
4,0553,2852,0553864056
4,8679,2821,867940033
4,1391,2800,13911058576
4,0529,2798,0529954588
4,3610,2782,361006
4,9188,2774,918800257540
4,5063,2753,506343577
4,6100,2749,610064
4,5061,2744,506198889
4,5100,2712,510000
4,8685,2685,868515521107
4,5088,2664,508849550
4,0426,2653,042629700
4,9193,2630,919340626
4,8645,2619,864555622118
4,5050,2562,505037527
4,5066,2558,506670371
4,9617,2539,96170940048
4,0428,2500,042820007
4,2995,2485,299555504
4,4391,2463,43911111
4,4179,2434,41795772495
4,3933,2419,393336652491
4,4300,2410,430022
4,9191,2374,919119112112
4,5511,2330,551110404
4,8526,2298,85263043279
4,5106,2296,510620
4,4401,2284,4401214491856
4,0442,2268,044251111
4,9989,2248,998901876207
4,4367,2243,43673120
4,8643,2196,8643184658053
4,2782,2194,27822255625
4,0528,2191,0528002244
4,8635,2190,863596373456
4,5046,2176,504694155
4,2519,2153,251911217388
4,4915,2151,491523724081
4,4670,2131,46702674958
4,8687,2131,868718322556
4,4412,2098,441274732675
4,0567,2078,0567754626
4,1370,2055,13705782
4,3500,1988,350007
4,0432,1974,043265168
4,3361,1960,33618005531
4,3538,1953,353894126
4,5588,1924,55881593
4,6281,1914,6281314415468
4,5087,1913,508707967
4,0445,1909,044548792
4,9725,1909,972505711199
4,1111,1905,1111111111
4,1001,1896,10018478679
4,5510,1885,551085691
4,5042,1885,504206661
4,8663,1882,866332636666
4,1030,1869,1030118
4,2002,1864,20022003
4,5560,1852,556036745
4,8671,1852,8671612345678
4,0429,1850,042944478
4,2135,1850,213556423742
4,2126,1843,212604818754
4,4402,1814,4402089897309
4,5077,1809,507710661
4,5067,1808,506772539
4,9779,1800,9779818067421
4,5054,1795,505414611
4,5035,1782,503509723
4,5085,1766,508519750
4,6596,1721,6596867527
4,9652,1719,96522574824
4,4473,1716,4473995397150
4,5034,1708,50344499
4,9181,1689,918106388910
4,2567,1683,256772581025
4,5015,1682,501591521
4,5070,1682,507070056
4,3806,1676,380674832163
4,9747,1674,97477897750
4,1785,1660,17855149
4,5069,1634,506944673
4,3362,1599,33621895134
4,3934,1596,393485522364
4,1861,1593,18610164764
4,3002,1580,300222
4,7903,1569,79039479332
4,2557,1564,255784786309
4,4000,1562,400007
4,0527,1544,0527428645
4,9744,1542,97444996538
4,5190,1524,519000
4,2660,1524,266000
4,9177,1518,917738660080
4,5181,1518,518101
4,1514,1515,15146598789
4,3008,1514,3008280486
4,8600,1510,8600754919
4,0444,1504,044403126
4,3366,1503,33668752427
4,1381,1498,13810479705
4,2332,1496,233209592257
4,4500,1495,450001
4,6597,1494,6597274941
4,5071,1487,507141650
4,5025,1487,502554903
4,7777,1482,77777170
4,3365,1477,3365625
4,8683,1464,868382274206
4,7495,1452,74959358200
4,8860,1448,8860916380623
4,4417,1447,4417525
4,9180,1438,918013332218
4,3150,1437,315010
4,5084,1436,508464400
4,6598,1433,6598459159
4,5668,1432,566861480
4,1101,1426,1101003
4,8689,1420,8689866668989
4,2136,1404,213661939939
4,2121,1403,212102
4,5092,1396,509215570
4,3333,1386,3333158726
4,1390,1371,13901114491
4,5895,1366,589505102
4,1220,1364,122020
4,1236,1362,12369294
4,5010,1361,501004967
4,8652,1357,8652203700
4,0321,1352,03218527771
4,3120,1347,312020
4,5075,1342,507564785
4,9109,1341,910909
4,5048,1341,50487874525
4,9945,1338,994558950520
4,2609,1336,260900
4,0526,1333,0526096888
4,9170,1332,917033367828
4,0443,1331,044326276
4,2003,1328,200341
4,5056,1324,505612806
4,1403,1323,14036905210
4,0563,1319,0563700205
4,4881,1315,48812222
4,1079,1304,1079809949
4,5029,1298,502926262
4,2783,1297,27837789364
4,1351,1294,13513138
4,9620,1290,9620799219426
4,5058,1290,505842480
4,5078,1282,507858418
4,5290,1281,529039708
4,8639,1281,863911826577
4,5641,1267,564126010
4,5024,1267,502470444
4,1008,1261,100873
4,5068,1252,506824693
4,5590,1251,559003210
4,3805,1247,380503129554
4,7916,1245,79166722070
4,1100,1235,1100000
4,5027,1233,502788129
4,4411,1232,441162710047
4,8647,1232,8647222819
4,7985,1226,79857624292
4,3360,1224,33603811132
4,5617,1223,561757566
4,6562,1221,6562533288
4,6591,1220,6591799832
4,3247,1219,32473288428
4,6341,1209,6341433
4,5053,1207,505399908
4,1209,1202,12099783
4,2500,1201,250033
4,4414,1194,441442398008
4,2420,1187,242066501094
4,0470,1186,047031111
4,4100,1177,410041789300032
4,1604,1176,16048768769
4,3809,1174,380951848088
4,0333,1171,03332510667
4,4419,1169,441942745219
4,5049,1169,504966316
4,2220,1165,222020
4,9054,1156,905447634029
4,1212,1155,121210
4,1160,1150,116011
4,2217,1147,221773164112
4,5280,1146,528004270
4,5552,1137,55528527
4,9677,1137,967733216396
4,2004,1132,200415
4,2250,1124,22507936061
4,6590,1121,6590078811
4,5030,1119,503040695
4,5072,1118,50722098
4,2300,1117,23000000000
4,7100,1117,710061
4,5091,1114,509126362
4,5028,1112,502836692
4,1121,1111,11216662222
4,8525,1104,85254230123
4,6581,1102,6581811077
4,5080,1100,508022022
4,8681,1098,8681206048
4,1860,1095,18608171574
4,5039,1085,503958850
4,8210,1085,821095551678
4,1905,1078,19053304788
4,5022,1075,502230367
4,3165,1075,31653181129
4,3069,1074,306941537004
4,3376,1073,33761051555
4,2222,1070,2222209
4,1780,1066,17803991190
4,6509,1061,65099998
4,5079,1061,507944640
4,0564,1052,0564265015
4,2210,1052,221070
4,5047,1042,504781595
4,2150,1040,215000
4,1917,1039,19179162527
4,3363,1038,3363655195
4,4415,1035,441586250007
4,5554,1032,555493118
4,3162,1031,31621842742
4,5037,1030,5037797731
4,3306,1027,330607838909
4,5073,1026,507327787
4,5544,1025,554400193
4,3212,1020,3212195004
4,9178,1017,917899933173
4,4332,1015,43321118
4,9477,1014,94772200486
4,5095,1011,509550855
4,5595,1010,5595991177030
4,5051,1009,505103150
4,5522,1008,552295533
4,3161,1006,31618998653
4,9184,1005,918492032536
4,8666,1004,86666668
4,5599,1003,559993989
4,0423,1002,042397755
4,4416,999,441691661126
4,3332,993,3332777797
4,5090,988,509088842
4,3000,987,300000
4,1202,985,12022560363
4,6142,982,61423276668
4,3250,982,325061792
4,5059,975,505919683
4,5577,975,557777314
4,5564,972,556453178
4,5052,970,505248804
4,1818,969,181803
4,0569,961,0569794774
4,3300,960,3300100
4,5074,951,507460351
4,5036,951,503673430
4,9670,951,967000000000
4,0500,950,050000
4,5014,945,501440145
4,2720,943,2720658
4,5060,941,506006533
4,0420,941,042099787
4,5005,938,500503116008
4,9192,936,919220942934
4,2341,929,23412669970
4,1500,919,1500484007
4,1234,913,123456789
4,2323,911,232305
4,4673,908,46736990800
4,1313,907,131303
4,1919,906,19192558279
4,5011,904,501151118
4,5031,902,503169669
4,8699,900,869912870394
4,5076,897,50767972137
4,9251,895,92512652525
4,9662,885,96622566183
4,9705,872,970599310552
4,6140,871,61401725749
4,1515,870,151501
4,4176,867,41764501750
4,1520,855,152020
4,7707,854,77073233300
4,9175,853,917516305326
4,2211,853,221121
4,5520,849,55205214
4,1360,846,13605054189
4,1380,841,13802785171
4,2130,838,2130662721392
4,1141,836,1141574648
4,1851,836,18516180084
4,8656,836,865662023150
4,5566,834,556650570
4,9189,830,918909402744
4,5021,822,502186009
4,5018,820,501807730
4,9379,819,93799336645
4,4444,814,44444444
4,1020,813,102019
4,3364,813,33648306730
4,9682,812,96824499520
4,3434,812,343474704
4,5521,812,552111675
4,7926,810,79265850345
4,1210,805,12100020
4,2120,802,212020
4,1753,800,175369131
4,5081,799,508133067
4,6567,795,65671953
4,8693,795,86932314542
4,6141,793,614106058
4,9179,789,91799832
4,4178,788,41786534061
4,5020,788,502066847
4,3939,786,393902
4,5551,782,555133354
4,1300,781,13001977088
4,5016,779,501616143
4,4368,769,43682737
4,9187,769,9187778452529
4,7921,768,79218698009
4,5550,767,55503525
4,4362,767,43622292
4,9173,764,917399700027
4,4363,764,43630700
4,0425,762,042525787
4,5043,758,5043214442
4,1420,756,142019
4,1352,756,13522134138
4,0437,754,043747237
4,8190,752,8190000000
4,1832,752,18328933330
4,5082,751,508207366
4,5094,750,509450973
4,3367,750,33679678373
4,5023,748,502356765
4,2438,748,243817518798
4,0400,746,0400402388
4,1613,741,16138522618
4,2140,740,214067878
4,6563,738,6563314222
4,5284,736,528479670
4,5038,736,503876470
4,8691,734,86917521875
4,3584,733,358458084880
4,1717,732,171708
4,4413,730,441372724085
4,5012,730,501244848
4,7912,730,79122421552
4,1011,729,101101
4,7918,728,79186578679
4,5300,728,530000000
4,5610,717,561060874
4,1620,713,162019
4,5017,710,501770494
4,3620,709,36203112328
4,1151,709,115146606167
4,9185,708,9185405754
4,5371,708,53715016
4,2608,708,260894
4,2320,704,232020
4,1320,703,132020
4,4395,702,43951119
4,5032,698,503207972
4,1131,697,1131312
4,5611,696,561135977
4,2257,694,225763
4,9110,692,911010101010
4,8633,691,863357920599
4,5556,690,55569944
4,2920,690,292020
4,1720,687,17204092934
4,7905,687,79053366700
4,2111,686,2111103
4,5665,683,566557499
4,8102,682,8102018
4,5086,681,508699776
4,5033,679,5033114874
4,8800,675,88001844460360
4,3519,674,3519205551
4,0438,673,043862346
4,3131,673,313106
4,5099,672,509932932
4,6500,672,6500000
4,0427,672,042717172
4,2424,671,242403
4,8612,671,8612345678
4,9183,670,918374215172
4,1891,670,18910528833
4,5230,669,523000
4,1310,666,131052
4,9182,665,91829094
4,0430,664,043043622
4,5057,659,505751838
4,5545,659,554516768
4,3249,659,32497737735
4,9639,657,963958208677
4,5000,657,500022030
4,3003,656,3003341440
4,3001,654,300160
4,8654,649,865468391865
4,8688,648,8688196493
4,3737,644,37379993337
4,2101,643,2101005
4,5291,639,529119320
4,0450,638,045082234
4,3535,635,353504
4,5547,635,55476813
4,4916,635,491697
4,1289,633,12899800149
4,3932,633,393276959472
4,0213,632,02134986504
4,0565,630,0565960003
4,4450,629,44509134
4,5533,629,553370009
4,1010,629,101019
4,4226,628,42261000
4,5660,627,566030321
4,4403,627,44037777
4,7702,627,77024431343
4,2874,627,287464504
4,0719,625,071985
4,3749,625,37494990991
4,1281,623,12818259174
4,1350,622,13501088828
4,2626,620,262692602062
4,3736,620,37369296454
4,5252,618,525293387
4,4219,618,421917578785
4,8674,618,867457310848
4,5699,616,569901199
4,5292,615,529286688
4,3712,614,37125944534
4,2131,613,2131305
4,0655,611,065545482
4,7705,609,770544368
4,1144,609,11440061
4,1039,608,103921418
4,1022,608,102208
4,4366,607,436602126655
4,9471,607,94715199076
4,3343,607,3343939
4,9186,605,918698784121
4,3164,604,31642436734
4,3020,604,302020
4,3526,603,352691341431
4,8523,603,85236978311
4,3222,602,3222204
4,3368,599,33685354145
4,8672,599,8672759925
4,6592,598,6592216808
4,1120,597,112020
4,1161,595,1161605
4,5585,594,558550200
4,6272,594,6272020
4,7910,594,79109719509
4,2520,594,252019
4,0653,593,065391133
4,5565,587,556531356
4,9965,581,996596695021
4,5530,580,553083947
4,5575,579,557527810
4,6145,579,61450643584
4,9172,577,917276116895
4,6143,577,61437289979
4,3191,575,3191905
4,2798,575,27985501
4,5523,574,552304905
4,5098,574,509853138
4,6285,573,6285334653493
4,6594,571,6594200717
4,6738,569,6738749991
4,9650,568,96504754264
4,3232,566,3232477223317
4,2772,565,27729850462
4,5582,565,558230950
4,5591,564,559183853
4,5571,563,557140801
4,3598,563,359897000000
4,6568,563,6568187008
4,2912,562,29122502
4,0431,562,043142396
4,2189,561,218923812763
4,9663,561,96638571200
4,5097,558,509725917
4,4480,558,448000000000
4,5559,557,555927758
4,2376,557,237691757645
4,3220,556,322000
4,1920,556,19206602423
4,0440,555,044087000
4,9105,553,9105656
4,5593,552,559371000
4,2491,550,249118224666
4,2727,549,272701
4,1778,548,17789283682
4,6564,548,65641330
4,2137,547,213790274297
4,5529,546,552915718
4,4394,546,43944678
4,4399,546,43991113
4,1347,544,13472729520
4,5539,543,553991139
4,2255,542,225538
4,0544,538,0544740868
4,5500,538,550019498877381
4,1306,537,13067167111
4,5282,537,528294168
4,5524,535,552445443
4,0522,534,0522688176
4,9370,531,93700805019
4,5580,530,55800037
4,7920,529,79202126533
4,4672,528,46729094191
4,5298,528,529897752
4,6593,526,6593389319
4,9929,526,992939242414
4,1646,524,16464791111
4,5622,522,562210959
4,2620,521,262000
4,5019,521,501953514
4,8658,520,865811449
4,7928,518,79289539494
4,1191,517,1191901
4,3168,516,3168677177
4,3213,515,3213742482
4,1631,514,16314887804
4,1703,513,17039536363
4,3307,512,330788370
4,8686,512,86861357158
4,3248,510,32484086542
4,5283,510,528374801
4,5150,510,515098246
4,2009,507,200959
4,6012,507,60122266561
4,3444,507,3444470621
4,8682,506,8682291
4,5636,505,563611622
4,4072,505,40723220024
4,2260,504,226034304
4,6166,504,616667025
4,4369,501,4369911166663
4,4225,501,42252909
4,1404,501,14044838618
4,7962,497,79629546561
4,9893,494,989347695984
4,2550,494,25501200
4,5562,494,556299591
4,9610,492,96103618630
4,4162,492,41623668
4,5288,491,528854549
4,5210,491,521010415
4,5102,490,5102030
4,1650,489,16507418493
4,3630,488,36302281965
4,3579,486,35799808862
4,3218,486,3218246769
4,2588,485,258820208291
4,3911,484,3911111
4,3004,484,300400
4,4383,484,43830082
4,2525,483,252508
4,7727,481,77272569728
4,3378,479,33787550628
4,4343,479,43436619
4,3800,478,3800675555551
4,5536,478,553663753
4,5101,478,5101002
4,5041,477,504127427
4,2350,476,2350000000000
4,5535,475,553558747
4,3030,475,3030380
4,8695,474,869515043313
4,6104,473,610455044144
4,5598,472,559855260
4,9731,471,97317232444
4,1181,471,1181801
4,1616,471,161605
4,9130,471,913062
4,9176,471,917696070084
4,5543,470,554325122
4,3944,469,39448762
4,7927,469,79272772932
4,5269,466,526914666
4,5096,466,509660066
4,1414,466,141406
4,2784,463,27844425363
4,6583,462,6583876453
4,3369,462,336968104
4,3009,462,3009312601
4,2828,461,282804
4,3113,461,31139710
4,5570,460,55703147
4,9626,460,96264625161
4,4351,459,43519400
4,2141,459,214100
4,2929,459,292906
4,7915,456,79156535589
4,3725,455,37256812252
4,5557,454,55578053
4,5013,454,501391011
4,5103,454,5103319514
4,2711,454,27114405656
4,2640,454,264000000000
4,1343,452,13439087448
4,5558,451,555879713
4,4074,451,40740161115
4,2335,451,233540925817
4,7917,450,79174343524
4,1301,450,13011151012
4,1366,450,13662115095
4,7771,450,77712088486
4,1678,449,16786222731
4,5299,448,529999616
4,3210,447,321010101010
4,1331,444,13311394921
4,5260,444,526061223
4,3636,442,363610
4,5104,441,5104751096
4,5553,440,55533474
4,0481,440,048183111
4,5512,439,551223334
4,0421,439,042197000
4,1214,438,12146745954
4,5581,437,558177290
4,2896,437,28969270
4,5518,436,551855593
4,2162,436,21623260026
4,5568,435,556868790
4,3151,435,3151995785
4,0720,435,072009
4,1407,433,14074671234
4,5640,432,564040587
4,8642,432,8642659666
4,5083,430,508374727
4,5678,430,567898722
4,5613,430,561301325
4,4228,429,42282592
4,5540,429,554096002
4,3375,428,3375689
4,1355,428,13552206292
4,2659,428,265991122991
4,2776,427,277604065
4,5572,426,557269359
4,1262,425,1262607
4,2254,425,22548158001
4,2666,424,26667281
4,1222,424,122206
4,9871,424,987123
4,9640,423,96407704488609
4,4901,422,4901712860388
4,1516,422,15168511960
4,5519,422,551999958
4,2030,422,2030115
4,3153,421,3153061115
4,1171,421,1171705
4,5026,420,502609260
4,4222,420,42222126
4,5534,420,553488528
4,5114,420,511400
4,0345,419,03452964971
4,3322,418,332211
4,5527,418,552724947
4,3443,418,3443579800
4,1333,417,13331092757
4,3445,417,3445444111
4,2151,416,2151507
4,9685,415,968599609761
4,5264,414,526466100
4,1240,413,12406453050
4,5281,411,528111131
4,3442,411,344224104
4,5666,411,566668517
4,5263,411,526398484
4,1519,410,15199098203
4,1858,408,18583652418
4,4427,408,44274500
4,1323,408,1323201
4,5589,407,558944777
4,7967,407,7967741260
4,3180,407,31800000000
4,2014,406,2014555
4,4400,406,44000000
4,9292,406,9292336162200
4,5040,405,5040399
4,4141,404,414103
4,7956,403,7956842387
4,5089,401,508999150
4,5670,401,567016340
4,5592,400,559265862
4,0657,399,065738312
4,5667,398,566734589
4,8601,398,8601377057345
4,1252,398,125289141
4,1007,397,1007563621
4,9669,397,966966504580700
4,2771,397,27712486832
4,0568,397,0568907688
4,6282,396,6282180026666
4,3622,396,3622292
4,2013,395,201368
4,1272,395,1272000
4,5586,395,558619120
4,0525,395,0525435588
4,9050,395,905005167
4,3752,395,375292677786
4,8536,394,85362835115
4,3382,394,33826754
4,9163,394,916361572106
4,1820,393,18201279866
4,2779,393,27799587646
4,7913,393,79139930303
4,7500,392,7500075
4,7925,392,79250689988
4,5594,391,559418517
4,5626,390,562613370
4,2542,389,25420781346
4,0306,387,03067426795
4,9750,386,97502578088
4,4418,386,441895812462
4,8813,385,8813000
4,3816,385,381641078185
4,4410,385,441010101010
4,1206,384,12068512131
4,9378,384,93788889085
4,4161,384,41617950
4,2797,384,27973563
4,5537,383,553775928
4,1002,382,1002000
4,5271,381,527178793
4,1850,381,18502723232
4,3488,381,3488037939
4,3256,380,32566634243
4,4454,380,44544556
4,2177,380,21779347
4,1746,380,17460002
4,5639,379,563987983
4,0455,379,045596213
4,5625,378,562567209
4,5662,378,566222249
4,5656,377,565698868
4,5596,376,559625569
4,5531,375,553143393
4,3905,374,390500904
4,1881,374,18811539063
4,2665,373,26658185528
4,2781,372,27813498260
4,3467,372,34672718532
4,4447,371,44471448
4,5286,370,528667788
4,1371,370,13718545841
4,9666,369,966664794675
4,1909,368,19092543763
4,1353,368,13535906559
4,5614,367,561438854
4,4676,367,46769495851
4,2410,366,24107243257
4,2966,366,296665804
4,5573,365,557307823
4,8528,365,8528866642115
4,1305,364,13057943784
4,2637,362,263774935195
4,6391,361,639177798717
4,3111,361,3111101
4,2887,361,2887000
4,6586,360,6586608765
4,4432,360,44321551
4,4163,360,41630036
4,7812,360,78129210191
4,0480,360,0480136
4,1501,359,15010311116
4,0301,359,03012000514
4,0521,359,0521663230
4,1581,359,15811095526
4,4540,359,4540232
4,2627,358,26273666
4,5093,358,509370176
4,5532,358,5532988284836
4,4545,356,454553277737
4,3464,356,34649397993
4,1122,356,112220
4,5621,356,562109370
4,5105,356,510565387
4,3838,356,383805
4,3338,354,33383581
4,1617,354,16174920408
4,5528,354,552865092
4,3323,354,3323687869
4,1336,353,13366127101
4,2642,353,2642707
4,5576,352,557616414
4,0100,352,01001719102
4,4949,352,49491632991141
4,3946,351,39466499
4,5597,350,559729006
4,5653,350,565375567
4,2262,350,2262180736
4,0244,350,024439445
4,1862,349,18622657616
4,4607,348,460701
4,5287,348,528711171
4,3460,348,34603728700
4,3121,348,312150004
4,5677,347,567756339
4,3629,346,362936904
4,3569,345,35699987279
4,7775,345,77750282081
4,3311,345,3311291408
4,2501,345,2501242
4,5538,344,55388171
4,9122,344,912266661166
4,5546,344,554696828
4,5635,343,563528896
4,0322,343,03229211234
4,3018,343,3018524993
4,3983,342,3983112
4,1312,341,13124988888
4,1714,340,17143004780
4,4701,340,47018111
4,0674,340,067418568
4,0652,340,065263995
4,0201,339,0201111492932
4,2252,338,225222120899
4,9687,337,96872223789
4,9607,337,9607903799
4,1531,336,15313779870
4,4429,336,44297040
4,7909,336,79099455224
4,1203,335,120312
4,3114,335,31140522
4,0255,335,0255787779977
4,5620,334,562060506
4,3987,333,398735277
4,1201,333,12017556001
4,5151,333,515101
4,9150,332,91509867621
4,1393,331,1393902
4,2507,331,250788501043
4,1831,331,18311000608
4,5647,331,564742508
4,9252,331,92526059158
4,3982,331,398268404
4,5541,330,554153098
4,9736,329,97366664666
4,5587,328,55877098
4,0543,328,0543669800
4,5295,328,529578707
4,1508,325,15085582455
4,5672,324,567287801
4,4455,324,44554454
4,2802,322,28023833
4,5513,321,5513991230710
4,2024,321,2024317111
4,2661,321,266100
4,9005,320,9005339382787
4,1770,320,17707446249
4,8662,320,8662108015
4,5549,319,554965176
4,3663,319,3663593
4,5675,318,567590530
4,1330,318,13301316993
4,2643,318,264300
4,9200,317,920000000000
4,2875,317,2875513
4,6587,316,6587833491
4,3684,316,368402704
4,1587,316,15877785562
4,0267,316,026727698
4,4747,316,47472510
4,5669,315,566959099
4,4423,315,44236419
4,5289,315,528917777
4,5674,315,567498126
4,7141,315,714183050
4,5563,314,556382222
4,2708,314,270827416870
4,4570,313,4570000000
4,3112,313,3112230260
4,1415,312,14157358914
4,4433,311,4433544
4,1358,311,13581515585
4,8888,310,888827
4,5731,310,573183729945
4,9055,310,905555526145
4,8300,310,830001
4,2305,310,23054213563
4,4428,309,44289488
4,0585,309,058507222
4,5297,309,529735888
4,5567,309,556727793
4,0405,308,040503
4,2870,308,287025404
4,2247,307,224743
4,5277,307,527777866
4,5517,307,551701640
4,3530,307,3530582881929
4,5514,306,551414114
4,1232,306,1232307
4,3312,306,3312735
4,3531,306,3531578310
4,1915,305,191523620
4,5654,305,565469810
4,1777,304,17778355
4,8665,304,8665004425
4,4040,303,404005
4,5648,302,564886478
4,2022,302,2022627556
4,1760,301,17607107066
4,4229,301,42290441
4,8343,300,83433479
4,7300,300,73007380757
4,3619,299,361977604
4,2644,299,2644478895
4,4439,298,443911774
4,2760,298,276000
4,7904,298,79040107887
4,2911,298,29118575
4,6588,297,6588575
4,4361,297,43614003
4,2820,297,2820029
4,3315,297,3315102600
4,5516,296,551653920
4,9967,296,996707977475
4,5612,295,561206270
4,4424,295,44249401
4,0460,294,046014421
4,2345,294,23452178
4,1204,294,12043962002
4,7778,294,77789480007
4,7965,294,79651808396
4,5583,292,55838428
4,5579,292,557906800
4,7160,292,71609810
4,3441,292,3441445
4,2876,292,287699
4,7902,291,79029902875
4,4430,291,44302055
4,3499,290,349949274
4,3242,290,324232897
4,3252,290,325200
4,9735,290,973507750643
4,2212,289,2212111
4,5673,289,567362625
4,3377,289,337772104
4,5644,289,56441026
4,7906,289,79068172
4,2330,289,23301056
4,2851,289,285100094
4,8180,288,8180000000
4,9955,288,995599954315
4,4431,288,44314876
4,9250,288,92502138564
4,5244,288,524489146
4,2221,288,22215881270
4,5410,288,541001
4,5650,287,565016302
4,2169,287,21698482982
4,0656,286,065681896
4,7968,286,79684394949
4,1346,286,13466570970
4,2773,286,27732012074
4,5255,285,525567069894
4,5525,285,552561357
4,5664,285,566446237
4,4235,285,42353383
4,5293,285,5293006065
4,5250,284,525013024
4,2411,284,2411999
4,7919,284,79196307307
4,2910,284,29103195
4,2877,284,287768604
4,9156,283,91563313031
4,1292,283,1292684415
4,9831,283,983112338200
4,6478,282,6478216444
4,1713,282,17134923460
4,3353,282,3353298
4,3864,282,38643503333
4,9618,281,96181641331
4,6681,281,66815550597
4,2344,280,23448037879883
4,6016,280,60162646464
4,3152,280,3152255861
4,1363,278,1363602
4,3650,278,36500153
4,2641,278,26419778
4,4421,277,44212599
4,1267,277,12673569823
4,1013,277,1013141
4,0262,277,026211949
4,1845,277,18457054472
4,3710,277,37100000000
4,3440,277,344000
4,2850,277,285096004
4,3371,276,337175804
4,5266,276,526668448
4,4227,276,42275584
4,0334,276,03343229082
4,3839,275,383952
4,7922,275,79228590250
4,6011,274,601112820922
4,5600,274,56004061
4,5634,274,563448166
4,2993,274,29930980
4,8326,274,8326284743
4,5584,273,558428888
4,2246,272,224622646123
4,3154,272,3154000090
4,1510,271,1510218
4,3383,271,338311304
4,3454,271,3454505
4,3682,270,368269904
4,8611,270,8611585081
4,3482,270,3482087207
4,4646,270,464601
4,4007,269,400742877728
4,1302,269,13021003139
4,5578,269,557876198
4,4076,269,40767341478
4,2677,268,26775259099
4,4452,268,44523588
4,5276,268,527622569
4,3140,268,314000
4,4470,268,447068054890
4,3337,267,3337779
4,1282,267,1282802
4,5698,266,569844874
4,4451,266,44513657267
4,0303,266,0303393
4,1972,265,19726853461
4,1580,265,15801253242
4,9809,265,9809121228522
4,2153,264,215321
4,0105,264,010563
4,4202,263,42027174
4,6508,263,65083613114
4,9555,263,955555573899
4,5294,263,529461443
4,3156,263,3156063
4,4177,262,41779837322
4,0304,262,03045066006
4,0263,262,02630772905701
4,9730,261,973017244667
4,9988,261,9988350001
4,8684,261,8684308
4,4242,261,424201
4,3903,260,3903899
4,0332,260,03326078888
4,3196,260,31968099
4,5561,259,556183026
4,4151,259,415145833
4,9205,259,920507530082
4,3158,259,3158234425
4,3101,259,3101057925
4,2005,258,200553
4,2008,257,2008812
4,1504,257,1504920408
4,5542,256,554240284
4,3626,256,362613204
4,2107,256,210746204
4,3171,255,3171705
4,2171,255,2171702
4,4530,255,4530820308
4,3447,255,344700
4,5569,254,556913642
4,3130,254,313026581
4,2155,254,215555
4,2664,254,2664118
4,4338,253,43388885
4,5515,253,551517006
4,1437,253,14379918538
4,3675,253,367529904
4,1316,252,13161391909
4,1376,252,13763341781
4,1229,252,12294158722
4,9111,252,911129826224
4,1949,252,19492755861
4,7911,252,79119271037
4,3192,252,3192938
4,3303,251,3303600
4,7963,251,79637579139
4,2857,251,2857575
4,5296,250,529657777
4,3683,250,368378604
4,1326,250,13263181668
4,1314,250,13146178022
4,9108,249,9108398921211
4,1408,249,14082638455
4,5273,249,527375516
4,7951,249,7951063339
4,1242,248,1242401
4,6017,248,60176672027
4,1026,248,1026019
4,2552,248,255255784123456
4,2762,248,27625725869
4,1383,247,1383801
4,5696,247,56964736750
4,2663,247,266352204
4,5548,246,554873265
4,5228,246,522833237
4,6689,246,66899039903
4,7000,246,7000000
4,1012,245,101291
4,7788,245,7788824786
4,4207,245,420731109466
4,3202,245,3202001
4,2510,244,2510667
4,2232,244,2232307
4,6208,243,62082146089023
4,3381,243,3381962300
4,3316,243,33169620
4,2110,243,2110064
4,3185,243,31859364
4,2646,243,264639904
4,8668,242,8668614400
4,5353,242,535301
4,1911,242,19112019
4,3469,241,34690305849
4,4266,241,42665866
4,5211,241,521130120
4,2858,240,285875
4,5630,239,563072087
4,5676,239,567687788
4,3949,239,3949037
4,3448,239,3448430342
4,1813,238,18134743193
4,1502,238,15027943207
4,5646,238,564608223
4,6422,238,642292109
4,2253,238,225300
4,5160,238,516023
4,3310,238,331010101010
4,3449,238,344900
4,3984,238,398449904
4,0264,237,026437979
4,1571,237,15712853052
4,1452,237,14527898827
4,5278,236,527811888
4,3328,236,332898904
4,5275,236,527555765
4,0305,236,03052223774
4,5526,235,552693944
4,2191,235,2191902
4,7988,235,79882333868
4,7327,235,73272642877
4,5637,234,563726241
4,3606,234,360632404
4,1561,234,15611928847
4,0331,234,03313331742
4,0795,233,07950232997
4,3466,233,34661923016
4,2144,233,214400
4,5661,232,566104832
4,6289,232,628991378655
4,4860,232,48602317594
4,5616,232,561666880
4,2633,232,263337204
4,2613,231,261320720840
4,2313,229,2313107
4,1006,228,1006072680
4,4335,228,43359584
4,1608,228,1608049
4,3314,227,3314884
4,6394,227,6394400544
4,6666,227,66668989
4,1612,227,16128603623
4,3485,226,34858425
4,2761,226,2761483
4,8664,226,86642115
4,7891,225,789163419035
4,7503,225,750355375
4,1890,224,18901388820
4,1338,224,13381186633
4,4434,224,44343020
4,0710,224,071000
4,7792,223,779232279708
4,0523,223,0523650320
4,3118,223,3118701719
4,1812,222,18129596356
4,1773,222,17738701281
4,3373,222,3373032
4,2899,222,2899319
4,2611,222,261116904
4,1973,222,197305
4,1811,222,1811982
4,8797,222,879759833
4,0204,222,020405
4,2272,221,2272701
4,2303,221,2303406016
4,1469,221,14695973509
4,5238,221,523882241
4,0266,221,026666944
4,2577,220,25776100010
4,9645,220,9645875724
4,1521,220,15210108921
4,2414,220,2414105
4,1985,220,19858600025
4,2950,219,2950664538
4,4453,219,44533317
4,2216,219,221650
4,6582,218,6582880600
4,4708,218,47081561
4,8638,218,863801235120
4,3494,218,34941043
4,2651,218,26518600
4,2621,218,26219280
4,2256,218,22567736001
4,3981,218,398119104
4,0104,218,01042021
4,1560,217,15601663388
4,5240,217,524022
4,3446,217,34465959
4,9174,217,917404138525
4,4883,216,48831415
4,4910,216,491010101010
4,6427,216,64272460341
4,7987,216,79873213137
4,2610,216,2610338427573
4,9162,215,916205161388
4,1511,215,15110254791
4,3452,214,3452666
4,9155,214,91558539828
4,0302,214,03025004522
4,5450,214,5450748
4,2240,214,224001
4,2695,214,269510404
4,3989,214,398944904
4,6686,213,66866242145
4,4440,213,44402100
4,0581,213,0581771247
4,0650,213,065000
4,4710,213,471000
4,7772,213,777236858
4,4359,212,43592892
4,3498,212,3498125
4,3617,212,361739204
4,0336,212,03363480684
4,1348,212,13488722955
4,1382,212,13820261728
4,5671,212,567116100
4,3941,212,3941345
4,3403,212,340340004
4,8697,212,869714918588
4,3670,211,36705389662
4,4234,210,42349243
4,2439,210,243998405636
4,1901,210,19012993293
4,3258,210,325860
4,2523,210,2523056433
4,3487,210,3487525
4,2728,210,272858525
4,0205,210,02052021
4,1525,209,1525202
4,6622,209,662201
4,0966,208,096696163
4,1863,208,18630333334
4,7930,208,7930392486
4,1954,208,19546510620
4,3313,208,3313524391
4,0922,208,092222270
4,2647,208,264701204
4,3522,207,3522224567
4,6421,207,642103413
4,2710,207,271006401
4,6392,206,639213156901
4,7982,206,798202231
4,1568,206,15688341
4,1373,206,1373701
4,8646,206,864666666
4,0582,206,0582949244
4,9941,205,994125339900
4,9165,205,916597606710
4,1303,204,1303002
4,3980,204,3980782
4,3534,204,35340783
4,4294,203,42945499
4,2261,203,226129
4,4457,203,44576829
4,1786,203,17867570067
4,4075,203,40754651513
4,2505,203,2505001
4,3943,203,39438998170
4,4422,202,44228129
4,9664,202,9664959239
4,7978,202,79781358760
4,3204,202,320477599525
4,1357,202,1357626207
4,1732,202,17326904422
4,8650,202,865018747361
4,2892,202,289256804
4,5693,201,569382852
4,5267,201,526747286
4,9895,201,9895103220
4,5265,200,526538146
4,5270,200,527056781
4,3453,200,3453073966
4,2914,200,29142750
4,4321,199,43214646
4,8865,199,88655508380
4,4560,199,4560153443
4,6447,199,6447595
4,1215,198,12158505280
4,2515,198,251511205810
4,1392,198,13924087415
4,4122,198,412229065
4,1505,198,1505210065
4,1914,198,19145108506
4,7700,198,77009477777
4,4441,197,44419549
4,5627,197,562741475
4,0346,197,03462779332
4,7863,197,78632459690
4,6318,197,631860877
4,8848,197,8848653
4,2266,196,226616204
4,1307,196,13071117286
4,9854,196,9854745
4,5574,196,557484744
4,3491,196,34914174620
4,2166,196,216600
4,2570,196,257094
4,2622,196,262200
4,5619,195,5619882050
4,4344,195,43446903
4,9936,195,99365703010
4,6585,195,6585234875
4,2275,195,2275806
4,7914,195,79148158347
4,7929,194,7929527
4,9611,194,9611010101010
4,3556,194,355676737153
4,7960,194,7960798332
4,1106,193,110635275
4,2556,193,255658883333
4,1708,193,17080627777
4,7924,193,79241700036
4,0424,193,042408742
4,2494,193,249411699
4,3141,193,3141401
4,7507,193,7507272610
4,2263,193,2263200
4,4485,193,4485151
4,2233,192,2233445
4,4360,192,43607740
4,5679,192,567966433
4,5231,192,52312008
4,2292,192,2292907
4,7957,192,7957900192
4,5645,192,564540156
4,3706,192,37065619989
4,3461,192,34618650007
4,1248,192,12487522700
4,3430,192,343009251165463
4,3262,192,3262601
4,9315,192,93152123573
4,2882,192,288266071
4,3468,191,34682735549
4,5680,191,568032611
4,9944,191,99442475
4,5218,191,521877503
4,3456,191,3456900
4,3483,191,3483896
4,1503,191,15037088910
4,3618,191,361817
4,6680,190,66807287
4,1340,190,1340108856
4,2778,190,27789186504
4,3689,190,3689710
4,2859,190,285901
4,3480,190,3480559569
4,4347,189,43472900
4,6267,189,6267396
4,3552,189,3552413
4,1368,189,13683192789
4,9442,189,944266113
4,1705,189,170504550710
4,5695,188,569564266
4,4442,188,44425183
4,6565,188,65654204
4,4870,188,48706150
4,6566,188,6566801536
4,5632,188,563211178
4,2236,188,223685804
4,6502,188,6502848090
4,1517,188,1517948061
4,3334,188,333408575044
4,3404,188,3404001
4,7101,187,710121
4,9827,187,982775248
4,3486,187,348697549
4,3600,186,3600000
4,1988,186,198803
4,1754,186,175405989
4,4425,186,44257000
4,1702,186,17022341169
4,1978,186,19788078584
4,4201,185,42011111
4,9820,185,9820000000
4,3175,185,317500
4,3410,185,341010101010
4,9254,184,9254286
4,6110,184,611010101010
4,3609,184,3609854
4,7977,183,797771750
4,5430,183,543019696
4,2032,183,2032416
4,6390,183,639088622896
4,3170,183,317098
4,2405,182,2405583754
4,0404,182,0404440
4,2282,182,228224270
4,3479,182,3479862334
4,3484,182,3484717
4,5239,182,523960
4,5107,182,510726
4,9391,181,939196579
4,6309,180,6309266813438
4,8520,180,852092737971
4,2202,180,2202009
4,2404,180,2404003
4,1868,180,1868229296
4,4206,180,420602640597
4,2540,180,2540722229323
4,7166,180,7166224374
4,3511,180,351100
4,0630,180,063000
4,5411,179,541132931
4,3340,179,334036204
4,5220,179,5220713595
4,1035,179,103534238
4,1052,179,1052008
4,3304,178,330407004
4,6210,178,621000
4,9239,178,9239928198919
4,2373,178,2373701
4,3801,177,3801747477777
4,1362,177,136234822
4,1231,177,123123
4,4448,177,44489180
4,2238,177,22382828484
4,3402,177,3402068006
4,5883,177,5883338
4,4295,176,42953000
4,1512,176,15122580216
4,3639,176,363975204
4,4365,176,43652900
4,4349,176,43494444
4,8626,176,8626605328
4,1140,176,1140878151
4,4740,175,4740056264
4,5652,175,565207999
4,5279,175,527994346
4,9999,175,9999999
4,2063,175,206355204
4,5454,174,5454545
4,5682,174,568297198
4,4749,174,474964098
4,9888,174,988871017
4,2122,174,21226141079
4,3163,174,31630886886
4,9291,174,92912964461
4,2288,174,2288848
4,1847,173,18478463654
4,2156,173,215631
4,1733,172,1733457966
4,7491,172,7491190
4,1856,172,1856623256
4,1886,172,1886615688
4,8617,171,861770114600
4,2763,171,27630277724
4,2294,171,2294105706
4,9393,171,939300005
4,3955,171,3955520
4,6627,171,662799995361
4,2884,171,288465804
4,3400,170,340029304
4,4331,170,43313211
4,1226,170,122601
4,1902,170,19028776050
4,3501,170,3501369615
4,2264,170,2264187
4,9818,169,9818627551
4,5285,169,528507908
4,5444,169,544471772
4,6001,168,6001125807821
4,4795,168,4795257749
4,1870,168,18701207862
4,1365,168,13655967888
4,9668,168,9668847200
4,5618,168,561888728
4,1522,168,15222592222
4,5222,168,5222857777
4,3627,168,362700
4,2645,168,264500
4,2526,167,252633504522
4,3674,167,367466104
4,1821,167,18211011750
4,9128,167,912877774
4,9423,167,9423224011913
4,2544,167,254412006201
4,9241,167,92418753289
4,2379,166,23795884673
4,4340,166,43408044
4,1115,166,11151115
4,1205,166,12056435685
4,9876,166,987644420917
4,2181,166,2181804
4,9154,166,91547119217
4,2299,166,22997447333
4,6511,166,651122574
4,8669,166,866912148003
4,2168,166,2168888
4,9060,165,9060000000
4,0589,165,0589501250
4,1584,165,15840137574
4,6768,165,67680702
4,9279,165,927975727
4,1540,165,15409704479
4,3221,165,32215100022
4,3393,164,33933462
4,9476,164,94767374764
4,3432,164,343232204
4,1321,164,13214589444
4,5324,164,532411358
4,1245,164,124530080
4,2817,164,2817777065
4,3910,164,3910551885
4,4223,164,42232364
4,3948,164,3948072666
4,9886,164,9886348763
4,8680,164,86800986222
4,9321,163,93211471
4,3226,163,3226770956
4,1369,163,13693337089
4,1332,163,13329634454
4,2333,163,2333022502453
4,2237,163,22376667188
4,3336,163,3336682169
4,3181,163,3181222357
4,3329,163,332928201
4,4408,162,44082462
4,4458,162,44588266
4,3223,162,322322
4,4224,162,42241250
4,1123,162,112377285
4,2658,162,26584618
4,1925,162,19255777805
4,3422,162,3422030230
4,2464,162,2464601
4,2883,162,2883620
4,3320,162,332000
4,1591,161,15910977787
4,1284,161,1284538891
4,1425,161,14257490566
4,3160,161,3160969459
4,0447,161,0447984545971
4,6515,161,6515448
4,3902,160,390293799212
4,6445,160,6445909
4,7990,160,7990554476
4,2632,160,263242778831
4,8080,159,8080000000
4,0376,159,037663044
4,4456,159,44560285
4,1590,159,15901302021
4,5649,159,564917161
4,1361,159,13616486949
4,7999,159,79995494679
4,2731,159,27315630459
4,2616,159,261661304
4,2885,159,2885275
4,7966,158,79663499929
4,5213,158,521338687
4,0903,158,0903669913
4,9822,158,982289333
4,0241,158,024141111
4,3387,158,33877781
4,5702,158,570203
4,1771,157,17718306
4,4396,157,43966123
4,9625,157,962550096279
4,6799,157,6799907361
4,1865,157,18650835155
4,1569,157,156930798
4,3496,157,349642139
4,2226,157,22261944
4,5691,157,569105656
4,2535,157,2535302
4,0660,156,066086830
4,4273,156,42737511
4,9834,156,983483901492
4,3370,156,337000
4,1317,155,13175028704
4,3876,155,38765578108
4,3758,155,37580291817423
4,2855,155,2855140285
4,1982,155,19820622
4,5624,155,562475538
4,7717,155,7717640206
4,3319,155,331971
4,3214,155,3214999155
4,9861,155,986113370347
4,5629,154,562972935
4,2123,154,212312739
4,4374,154,43740521
4,4397,154,43974464
4,9890,154,989023415608
4,2967,154,2967519411
4,2517,154,2517408001
4,6621,154,6621880
4,1395,154,13951715700
4,4392,154,439276202
4,4794,154,4794112324
4,3567,154,3567290
4,1910,154,19103222681
4,7747,154,77470546046
4,2119,154,211928455084
4,4522,154,4522625862
4,4405,154,440561192300
4,0724,154,072446533
4,0524,154,0524837666
4,2302,154,2302550125
4,2152,154,215228
4,3493,154,349356704
4,4509,153,4509290
4,1090,153,1090256929
4,7437,153,743724736
4,4524,153,452484805
4,3424,153,3424202
4,0560,153,0560836115
4,2895,153,2895133
4,1727,152,17272408789
4,4299,152,42994486
4,4282,152,42824726
4,2200,152,220000
4,1367,152,13671249715
4,2803,152,2803043
4,1424,152,1424201
4,4564,152,4564564564
4,4251,152,42517176
4,1721,152,17215279339
4,2050,152,205030
4,8868,152,8868269
4,8820,152,8820962
4,2356,151,23566293652
4,7411,151,741109
4,3251,151,325102
4,1817,151,18177367214
4,5262,151,526219999
4,3106,151,310653132034
4,0101,151,010101
4,2265,151,226541
4,9810,150,9810097506
4,5642,150,564221211
4,2242,150,2242406
4,9059,150,9059653520
4,4280,150,4280348
4,0323,150,03239911110
4,8660,150,8660670
4,6600,149,66000950
4,2764,149,27640741927
4,6533,149,65333323
4,1610,149,16104014476
4,3478,149,3478690609
4,3132,149,3132717170
4,4487,149,4487877284040
4,1334,148,13345572502
4,3339,148,33393838
4,3246,148,32465437741
4,3607,148,360733004
4,5274,148,527430762
4,4512,148,451202
4,2612,148,261295015
4,4525,148,4525632911
4,5258,148,525886715
4,7901,148,79015102685
4,7286,148,728613
4,6440,148,6440146
4,2667,147,26670223
4,3614,147,3614422
4,2213,147,2213164112
4,9377,147,93774848802
4,3615,147,361509151
4,3988,147,3988696
4,1619,146,161985
4,3605,146,360571104
4,3217,146,321785504
4,5700,146,570000
4,3906,146,390668810927
4,7870,146,787013331980
4,2444,146,2444401
4,2193,146,219366604
4,6584,145,6584585629
4,2104,145,210463
4,5623,145,562353645
4,0610,145,061000
4,8026,145,8026842256
4,1908,145,19082409804
4,9851,145,98510606806
4,6444,145,644400
4,3473,144,347368804
4,3590,144,3590690
4,3585,144,358531539219
4,4459,144,44592527
4,9867,144,986780309
4,0547,144,0547894445
4,3034,144,3034165
4,3272,144,3272707
4,6252,144,6252333
4,1636,144,16363578125
4,2687,144,26876237866
4,7964,144,79647777375
4,7415,144,7415193862
4,4472,144,4472445541
4,2861,144,2861287751
4,0541,144,05415419767
4,1309,143,130910
4,1867,143,18673129532
4,2518,143,25184992
4,5683,143,568340657
4,1084,143,1084330533
4,1535,143,1535898188
4,4520,143,4520251923
4,3462,143,34629666268
4,3012,143,3012177957
4,4446,143,4446080
4,8795,143,8795125
4,2161,143,2161602
4,2223,143,22232353557
4,2680,143,2680888
4,0904,143,09042021
4,1952,142,195203
4,3006,142,30061990
4,4334,142,43344564
4,1315,142,131501
4,1530,142,15300886352
4,2448,142,2448963240
4,4529,142,4529374460
4,6685,142,66850000415
4,5939,142,593995130384
4,1707,142,17073335412
4,6287,142,6287878653050
4,4120,142,412025485
4,9657,142,965763765
4,3211,142,3211139
4,0240,142,024000
4,2668,142,266821804
4,5858,141,585806606
4,5615,141,561560651
4,9540,141,954019149
4,3463,141,34633847219
4,7770,141,777018444481
4,0776,141,07769278
4,3624,141,362413
4,3155,141,315500
4,3623,141,362324362324
4,0269,141,026962222
4,0705,141,0705178356
4,4445,140,44453900
4,6014,140,60149185620
4,7952,140,79521103333
4,6115,140,611526215
4,3544,140,354452868
4,7105,140,710501
4,1913,140,191343
4,3349,140,3349045960
4,1441,140,14417077780
4,5272,140,527259888
4,5108,140,5108917
4,3352,140,3352401217
4,3043,140,304386524
4,3481,140,348187804
4,8060,139,8060000000
4,3317,139,33170011
4,1551,139,15516894315
4,3345,139,334587804
4,1800,139,18001134084
4,3521,139,3521769527
4,4484,139,4484564
4,2454,139,2454501
4,2844,139,284444404
4,0206,139,0206253672
4,4379,138,4379893519
4,7881,138,788185289
4,1110,138,111010
4,1356,138,13563498519
4,8661,138,866105931221
4,1896,138,1896168616
4,5710,138,571010101010
4,7776,138,7776133962
4,3216,138,3216260621
4,3798,138,3798139
4,2154,138,2154622
4,3292,138,3292901
4,1819,137,18191139999
4,1893,137,18932862201
4,5888,137,588898957
4,9120,137,912042912956
4,0670,137,0670140
4,1004,137,1004809
4,5235,137,523560
4,9740,136,97405817290
4,5697,136,569720850
4,4552,136,45529869
4,1586,136,15862879923
4,1810,136,18104067777
4,1150,136,115049313577
4,7900,136,79005555553
4,1748,136,1748872494
4,1016,136,10160714
4,5236,136,523647495
4,3942,136,394233104
4,6019,135,60193134000
4,1936,135,1936047175
4,4274,135,4274661
4,5658,135,56587650
4,3810,135,3810009797
4,1450,135,14507504579
4,2662,135,266231804
4,4535,135,453510
4,0208,135,02082811976
4,0353,135,035318251362
4,0805,135,0805380803
4,6599,134,65999999999
4,0606,134,0606530623
4,1614,134,16146254324
4,7150,134,71504946968
4,1532,134,15321514159
4,5832,134,583299266
4,9000,134,90006700
4,5233,134,523333
4,4426,134,44264858
4,1651,134,16518950994
4,4528,134,4528737173
4,1014,134,101407
4,3940,134,394000
4,9339,133,93396854
4,1251,133,12518953498
4,1630,133,16308541936
4,1027,133,1027021
4,3142,133,3142039696
4,3331,133,3331344480
4,4730,133,4730585
4,7499,133,74997247406
4,4210,133,421043069
4,2853,133,285344904
4,9630,132,9630933452123
4,2258,132,2258080
4,4341,132,43416343
4,5002,132,500267961
4,5655,132,565573541
4,7879,132,7879650515
4,4404,132,44043214
4,9554,132,9554688
4,1565,132,1565375
4,1892,132,1892511654
4,9144,132,914466686666
4,3102,132,3102830391
4,1938,132,1938226
4,3023,132,3023487770
4,1907,132,190765
4,1960,132,19602000
4,2364,132,236400
4,9223,131,9223008205829
4,8100,131,8100000000
4,4557,131,45572115
4,6128,131,6128407
4,5692,131,569267301
4,1977,131,197777
4,9034,131,903448729
4,9095,131,9095271044
4,5225,131,522557230
4,9444,131,9444075051
4,4333,130,43337722
4,0342,130,03420993336
4,6695,130,66950365536
4,9171,130,917142857
4,3930,130,393000000000
4,0268,130,026816105
4,4004,130,400400
4,2279,129,22796077171
4,9688,129,96889523332
4,3938,129,393886251929
4,4330,129,43308184
4,7502,129,750265437
4,8211,129,82112710200
4,4323,129,43235322
4,9289,129,928931057
4,3455,129,3455333598
4,0779,129,077999996
4,9029,129,9029996049
4,2343,129,2343407
4,3827,129,382702
4,4791,128,4791709254
4,6555,128,65556078315
4,8605,128,8605768030099
4,1034,128,1034007
4,9119,128,911926965
4,5694,128,569403314
4,4250,128,42504268
4,5810,128,581034603
4,9582,128,958216600
4,2631,128,2631252
4,2854,128,285448804
4,2856,128,285626204
4,6664,127,66641701
4,5001,127,500100986
4,3067,127,30674055
4,4101,127,4101002
4,3224,127,3224949200
4,2634,127,26349000
4,5254,126,525477551
4,1136,126,113648952
4,3344,126,3344638846
4,9594,126,9594774067
4,6446,126,644600
4,0451,126,045139922
4,4325,125,43258111
4,4471,125,4471804
4,3708,125,370880455505
4,1709,125,170976
4,2230,125,223000
4,9828,125,982875888
4,1706,125,17062011782
4,2707,125,270769606814
4,2225,125,2225678596
4,3335,125,3335808
4,2768,125,276808
4,3490,125,3490871307
4,3431,125,3431187871
4,2218,124,221812
4,5491,124,549113096480
4,1464,124,1464603
4,2251,124,225126
4,1444,124,1444401
4,2021,124,2021073685
4,3128,124,3128192283
4,3127,124,312724601
4,0973,124,097339934442
4,3414,124,3414102
4,9903,124,99033596
4,5701,124,570102
4,1984,123,198474
4,9222,123,92221366
4,2691,123,269157504
4,4297,123,42977477
4,5232,123,523275210
4,9749,123,9749659901
4,6246,123,62462547
4,9759,123,975914349
4,9225,123,922500724
4,9366,123,936646552
4,6000,123,600001
4,6701,123,67011555
4,2418,123,24185101
4,3451,123,3451555528
4,6262,122,6262371
4,6667,122,66675282
4,1103,122,110302
4,3321,122,3321717
4,6288,122,628819961266
4,2503,122,250350
4,3638,122,3638891
4,1903,122,190323
4,2142,122,214206
4,3550,122,355000
4,1803,121,18038334533
4,9475,121,94752274713
4,1031,121,103100
4,1385,121,13853195618
4,5651,121,565155272
4,7355,121,735531124
4,2243,121,2243391669
4,4438,121,44389593
4,5688,121,568881465
4,5261,121,526192888
4,1023,121,1023838442
4,6451,121,6451379
4,2630,121,2630774327490
4,2785,120,27856094
4,2208,120,220887
4,2239,120,223918304
4,1976,120,197622
4,1857,120,18573308254
4,7799,120,7799272777
4,6455,120,6455464564
4,4239,120,42394007
4,6742,120,67425268
4,9737,120,973777500566
4,1239,120,12392097507
4,1781,120,1781906113
4,4550,120,45506543219
4,1166,120,116600
4,3240,120,324000
4,3947,120,394759604
4,9680,119,96807333
4,6526,119,65263000
4,2132,119,21329414044
4,9873,119,9873684950
4,1342,119,13423833855
4,2407,119,240718647
4,3200,119,3200198758
4,9883,119,988309307
4,2460,119,246067140
4,0210,119,02100000045
4,9622,119,9622777998800
4,0907,119,09077150047
4,0203,119,020315
4,1704,118,170455
4,7220,118,722004
4,4306,118,43067777
4,7898,118,789872927327
4,2512,118,2512255544
4,3811,118,381112135040
4,6149,118,61496959
4,2607,118,260760217472
4,2372,118,237237677117902
4,1970,118,19706169862
4,4466,118,446612579776
4,3859,118,385914582110
4,2346,118,23467112998
4,2442,118,244227534
4,1570,118,15708800037
4,2224,118,22242172800
4,6399,118,639984079778
4,3477,118,3477597717
4,3007,118,3007099644
4,4211,118,4211131
4,0703,118,07035299955
4,3551,118,355151704
4,2007,118,200739
4,3325,118,332500
4,9923,117,992374326
4,5690,117,569063333
4,5126,117,51269221
4,2486,117,248622163
4,3611,117,361101
4,2145,117,214500
4,6102,117,61024378
4,4601,117,46019359
4,4435,117,44356940
4,1718,117,17184147816
4,6420,117,642004
4,9253,117,92533510165
4,2973,117,297331104
4,1981,117,1981052100
4,4909,117,4909341895990
4,4511,117,45111712
4,9243,117,92432550090
4,3123,117,3123359032
4,2085,117,2085541659
4,3945,117,3945296
4,4357,116,43573933
4,4352,116,43528544
4,5638,116,563883300
4,1601,116,16012918806
4,7862,116,7862000
4,6684,116,66841464269
4,3133,116,3133799366
4,9946,116,99463444442
4,3450,115,34500075839
4,0588,115,0588318879
4,1815,115,1815866
4,6643,115,6643905585
4,3358,115,3358765837
4,7860,115,786022
4,3005,115,3005339146
4,3350,115,3350221620
4,8928,115,89287678777
4,2490,115,2490912679477
4,2383,115,2383801
4,6900,115,6900082800
4,9100,114,91002222
4,4339,114,43397244
4,2400,114,2400551
4,4443,114,44433616
4,1359,114,13598796021
4,4268,114,42686869
4,3907,114,3907483817
4,3744,114,37443000007
4,7774,114,7774773707903
4,5445,114,544564564
4,0140,114,014016774
4,3474,114,3474707
4,3804,114,3804665099
4,3176,114,317609
4,3125,114,312540125
4,3754,114,375445787177
4,0261,114,026100000
4,1480,113,14802090827
4,0572,113,0572727659
4,4489,113,44894045080
4,3472,113,3472308909
4,9261,113,92614582624
4,3525,113,352539804
4,2669,113,266977804
4,6441,113,6441422050
4,0375,112,0375016
4,6450,112,6450190
4,6449,112,64492204
4,4348,112,43484538
4,1916,112,19162151537
4,1533,112,15330258385
4,1592,112,15927281616
4,8861,112,88618851
4,6551,112,6551125
4,7845,112,7845568
4,2289,112,22890285279
4,5828,112,582881578
4,9962,112,9962119445
4,2484,112,248432700
4,3608,112,3608870
4,0103,112,010316
4,1801,111,18018652887
4,4288,110,42881046
4,1230,110,123000000
4,1028,110,1028136
4,7211,110,7211167
4,5221,110,522156178
4,1537,110,1537687822
4,1246,110,12462318282
4,1719,110,1719742374
4,1043,110,1043867741
4,2767,110,27678238705
4,1112,110,1112758999
4,2228,110,222888
4,4356,110,4356225
4,2353,110,2353501
4,9350,110,93509942596
4,2205,110,22051960
4,7897,110,789788911183
4,0607,110,06072017
4,0804,110,08040422
4,8022,109,8022228921
4,9675,109,96759205
4,1005,109,100500
4,4008,109,4008391
4,3405,109,3405833354
4,3492,109,3492953680
4,0546,109,0546967010
4,3515,109,351506281478
4,0788,108,07884229
4,8170,108,8170000000
4,1965,108,19651965
4,9158,108,9158635280
4,6519,108,65197252792
4,4944,108,4944955
4,9947,108,994702345969
4,1787,108,17874364181
4,3497,108,349710506748882
4,1250,108,12508098048
4,3380,108,3380950
4,2215,108,221581804
4,1132,108,1132777
4,3145,108,314500
4,7765,108,7765304645
4,3385,108,338554804
4,0807,108,08072017
4,9832,107,98323255
4,6694,107,66947804
4,2427,107,242722786500
4,3954,107,395412561321350
4,3021,107,302109490279
4,1864,107,18646177980
4,5775,107,57754221
4,8866,107,886688
4,9901,107,99015150
4,1443,107,14437143999
4,0119,107,011975
4,2241,107,2241754
4,4940,107,494076978890
4,4111,107,411183
4,0654,107,065400
4,2721,106,27218555258
4,1345,106,13453889999
4,4221,106,42218868
4,1304,106,1304050899
4,3147,106,31475962030
4,5730,106,573017707153
4,2537,106,25377555401
4,3348,106,33481384867
4,9360,106,936080541
4,1545,106,1545402
4,2821,106,2821003
4,2649,106,264998804
4,0605,106,0605551136
4,8033,105,8033750536
4,3355,105,335581804
4,2600,105,2600979560530
4,3318,105,331899904
4,0225,105,0225533
4,1880,105,18801205608
4,4506,105,450650
4,4885,105,48857692
4,6410,105,641010101010
4,1963,105,196393325519
4,7714,105,7714387777
4,1041,105,1041211159
4,4144,105,4144832
4,1959,105,1959903726
4,3539,105,353906494383
4,6603,105,66036965558
4,2886,105,2886557
4,0256,105,025620406
4,2342,104,2342037001306
4,8500,104,85006968
4,9407,104,940773930670
4,4380,104,43801180
4,1595,104,15955468616
4,9850,104,9850000000
4,1109,104,1109458688
4,4527,104,452783095
4,3083,104,308322
4,5449,104,544969944
4,2139,104,2139998
4,1852,104,1852081374
4,9098,104,90986687
4,9536,104,953654213
4,9313,104,931300586
4,3412,104,3412225363
4,0794,104,07944501162
4,3822,104,382299
4,1809,103,18099552917
4,6661,103,66615404
4,6129,103,61294492075
4,3928,103,39287067051
4,9112,103,911274264000
4,5370,103,5370330117
4,9819,103,9819652456
4,9953,103,9953310
4,3991,103,3991113
4,7391,103,73912230808
4,1726,103,1726124
4,3157,103,315711
4,2624,103,262411
4,2860,103,2860836
4,5440,102,544044623
4,3956,102,3956566
4,5659,102,565962266
4,1364,102,13641244034
4,7986,102,7986994411
4,7099,102,70997444
4,6632,102,66326100
4,6552,102,6552078
4,5219,102,5219983940020
4,9114,102,9114699996664
4,5251,102,525139988
4,6060,102,606034
4,0220,102,022007
4,6442,102,6442482
4,4495,102,44950232997
4,6514,102,6514688
4,8640,102,864008281111
4,6454,102,6454513050
4,3985,102,398539404
4,3489,102,348999804
4,2167,102,21671749142
4,0704,102,07042021
4,9651,101,96515401
4,4355,101,43551882
4,1484,101,14848500
4,1966,101,196619714
4,2538,101,2538076
4,2623,101,2623888389
4,5854,101,585463009
4,5875,101,5875004844
4,3391,101,3391672
4,3901,101,3901130257
4,1412,101,14124888
4,4536,101,453600
4,2297,101,229721
4,0550,100,055008998
4,2278,100,2278556
4,2068,100,2068666
4,1044,100,1044092
4,5443,100,544339973
4,3187,100,3187180218
4,1401,100,14016774
4,3219,100,3219289050
4,2434,100,2434301
4,2714,100,271466
4,1024,100,102488
4,2881,100,2881905
4,4077,99,4077866
4,2115,99,2115018
4,9755,99,97555814415
4,8766,99,876698
4,2681,99,26815800
4,6851,99,685128
4,1440,99,144050
4,4436,99,44365545
4,4526,99,4526274445
4,2336,99,23364993
4,4488,99,448888899876
4,7343,99,73433714845
4,9220,98,922000771
4,8077,98,8077697301
4,2317,98,231770492194
4,5322,98,532209999
4,3520,98,3520455
4,2852,98,285222204
4,4107,98,410786534061
4,1384,98,13843829669
4,6030,98,6030558
4,2880,98,2880156115
4,5855,98,585580308
4,4818,98,48181777
4,3823,98,3823172318
4,1716,98,17169570899
4,1693,98,169398888
4,3172,98,3172899962
4,6955,98,6955750
4,3433,98,3433288
4,2310,98,231000
4,7665,98,76650002
4,4350,97,43507525
4,4329,97,43296657
4,7032,97,7032225661
4,1337,97,13371655222
4,4263,97,42638343
4,7877,97,787796085
4,8872,97,8872210892
4,2271,97,2271726938973
4,2267,97,22676614513
4,3936,97,393665482148
4,3388,97,338801
4,2114,97,2114124
4,3438,97,343800
4,1659,97,16597707922
4,6608,96,66088340
4,9255,96,92554016351
4,4353,96,43537186
4,8698,96,86988760377
4,8921,96,8921300012
4,1588,96,15888656139
4,1975,96,19752003
4,5811,96,581101
4,8873,96,8873539
4,3741,96,3741010101010
4,5917,96,59179998
4,1929,96,19294056077
4,9811,96,9811910658
4,4923,96,49237836
4,1460,96,1460498303
4,3144,96,314498
4,0250,96,02500484
4,5323,96,5323204
4,0803,96,08038106479
4,2352,96,2352760
4,2725,96,272532204
4,8667,96,8667605162
4,4962,96,496203661393
4,6180,96,618000
4,3621,96,362100
4,2740,96,274000
4,6798,96,6798616105
4,1642,96,16426536262
4,2227,96,222728
4,0540,95,0540050522
4,2693,95,2693332050
4,1827,95,18271811193
4,5334,95,5334803873
4,1701,95,17013301481
4,5447,95,544707474
4,3116,95,3116297706
4,3342,95,3342082236
4,4515,95,4515312
4,0265,95,026512091
4,8815,95,8815000
4,6675,95,66751604
4,6577,94,65770441
4,6393,94,639393738843
4,8874,94,8874127466
4,7843,94,78432906285
4,1269,94,1269647157
4,1221,94,122101
4,4759,94,47596438730044
4,5330,94,533057330
4,4501,94,45015300
4,2269,94,2269921
4,3897,94,38972245758
4,4523,94,4523222222
4,8648,94,864871390654
4,5216,94,521683828
4,5249,94,524953391
4,4517,94,4517855
4,6222,94,6222228
4,1509,94,1509514539
4,0403,94,04032021
4,8037,93,8037369474
4,9264,93,926479968442
4,4437,93,44370201
4,1311,93,131103
4,9307,93,930786320320
4,5432,93,543220658
4,2273,93,227350404
4,3817,93,3817151392
4,7768,93,7768702972
4,4850,93,48502496989
4,5120,93,512017
4,8838,93,883838
4,3085,93,3085059473
4,2625,93,262500
4,3513,93,351300
4,2436,93,243601
4,6649,93,66496004
4,6448,93,64480504
4,0722,93,072275959
4,2355,93,23554904
4,9987,92,99879702
4,0936,92,093635117
4,5004,92,500427343
4,4320,92,43202286
4,6534,92,65341183
4,0311,92,03112394019
4,1418,92,14189314098
4,6250,92,62500641
4,2006,92,2006818
4,5237,92,523710
4,1056,92,1056079975
4,3475,92,3475678888
4,2774,92,27740190544
4,7989,92,79898962995
4,1559,92,15592874064
4,7861,92,786110
4,0972,92,0972190382
4,3028,92,3028225286
4,3603,92,3603679
4,6501,92,650100
4,3017,92,301700
4,2673,92,267334104
4,2064,92,206441804
4,1033,91,103304687
4,9671,91,9671441165
4,5117,91,511700
4,2696,91,26969111
4,5720,91,572002
4,6699,91,66990349697
4,6013,91,60138020620
4,4851,91,48516968
4,3929,91,3929168765
4,1159,91,115964626607
4,8891,91,8891155
4,3159,91,3159314008
4,9790,91,979016653
4,0604,91,06040504
4,3351,90,33510728
4,4508,90,45082097
4,0536,90,0536391629
4,1830,90,18301228661
4,7779,90,7779328352
4,3904,90,390402
4,4316,90,43169919549835
4,1339,90,1339292667
4,5122,90,5122186091
4,3379,90,337956100964
4,2422,90,24224022251000
4,5115,90,511530003
4,1213,90,12133227015
4,2878,90,28780676
4,7908,90,79087966072
4,3821,90,382107149
4,0370,90,037004
4,8634,90,8634253455
4,0401,90,040155
4,3420,90,3420993336
4,1956,90,1956888
4,2366,89,2366481873
4,4554,89,455487
4,2602,89,2602228139
4,7472,89,7472794
4,9990,89,999077
4,9216,89,921627395
4,3509,89,35098310
4,8012,89,8012153487
4,7511,89,7511275350
4,7961,89,7961632288
4,2482,89,2482523215
4,2380,89,238033936141
4,9140,89,91405750
4,8110,88,8110000000
4,9654,88,9654754280
4,6301,88,630163009
4,4271,88,42718077
4,1372,88,13720094778
4,0958,88,0958711882
4,4878,88,4878706
4,5360,88,536000
4,1374,88,13745698
4,6139,88,6139888
4,6459,88,6459584444
4,3421,88,342105404
4,1904,88,19046429460
4,9168,88,91681137934
4,3937,88,393771594296
4,2327,88,23279560000
4,3935,88,393510696790
4,3305,88,33055939378
4,2412,88,2412198
4,9900,88,9900383
4,6117,88,6117508
4,3495,88,34952857492
4,2052,88,2052222
4,1098,88,1098069
4,1999,87,199970
4,8438,87,8438347662
4,0771,87,0771063286
4,1227,87,1227250
4,6557,87,65574795
4,1833,87,18335126191
4,1774,87,17744411315
4,1489,87,1489064340
4,3687,87,3687166
4,6245,87,6245306
4,6505,87,6505531
4,8889,87,8889166
4,6170,87,617049106199
4,1432,87,14320011
4,3235,87,3235674550
4,8616,87,8616235
4,2283,87,2283085
4,0200,87,02001001629341
4,4406,87,44061308
4,7345,87,73455122828
4,1562,87,1562940
4,8577,87,8577474
4,3117,87,311700
4,6610,87,661000
4,3437,87,343700
4,2614,87,261428
4,0407,87,04072021
4,8029,86,8029504061
4,3188,86,318833304
4,2952,86,295287604
4,1377,86,13777083332
4,1596,86,15960291070
4,1386,86,13866888888
4,1454,86,1454509
4,2554,86,255400
4,0939,86,0939196579
4,2733,86,2733938
4,3471,86,3471430
4,1506,86,15062621151
4,9739,86,9739002594
4,2402,86,240222276498
4,3110,86,311010101010
4,9619,86,9619613866548
4,2555,86,2555838392
4,1834,86,1834236998
4,1062,86,1062020122
4,0464,86,046444519
4,2087,86,2087932800
4,4103,86,410300
4,2682,86,268200
4,0924,85,092475
4,5305,85,5305240
4,9411,85,94112360608
4,4150,85,4150000
4,1888,85,18888841550
4,5643,85,564342626
4,7595,85,7595512460
4,8830,85,8830368
4,2713,85,2713585
4,8806,85,8806350218
4,2959,85,2959866
4,2431,85,2431231215
4,5505,85,550556030
4,2801,85,280197
4,3215,85,3215825550
4,1987,85,1987210
4,1457,85,1457843182
4,3536,85,3536049
4,1939,85,1939500
4,6242,85,6242242050
4,4324,84,43246383
4,4262,84,42622600
4,4386,84,43862764
4,1211,84,121107
4,9966,84,996655
4,9056,84,905663261
4,9892,84,989213173986
4,3042,84,3042308
4,2955,84,2955333
4,8837,84,883733404
4,3701,84,3701107606
4,3266,84,32665322236
4,1775,84,17756227080
4,4191,84,41916482389
4,7023,84,7023736191
4,2127,84,212777165512
4,3126,84,3126622345
4,0335,84,03351396023
4,3357,84,3357192292
4,1113,84,111369
4,2474,84,2474701
4,8585,84,858589
4,4463,84,446389389
4,2082,84,2082169324
4,5158,84,515800
4,8636,84,86369330056
4,2390,84,239000
4,2369,84,23693888
4,6414,84,641400
4,2571,84,257121504
4,6543,83,65432538
4,5475,83,547596134
4,2389,83,2389684
4,1153,83,1153284596
4,6542,83,65428535
4,5851,83,5851192
4,5455,83,5455252517
4,3408,83,3408444
4,3828,83,3828765759
4,6018,83,60183616141
4,7896,83,789661714667
4,4679,83,46793337824
4,4746,83,4746820324
4,1609,83,16097897030
4,3747,83,37477001200
4,5441,83,544196669
4,7867,83,786786786
4,0316,83,03161605238
4,3820,83,3820640
4,1605,83,160544
4,1962,83,196269
4,0307,83,03072774376
4,9704,83,9704065777
4,2530,83,253000
4,2891,83,289155604
4,6472,82,64724746
4,7852,82,7852970010
4,1494,82,149405
4,3386,82,338607004
4,9615,82,961555460081
4,3673,82,3673410
4,1866,82,18662180918
4,7868,82,7868668566
4,9849,82,9849062184
4,9756,82,97564423480
4,5687,82,568741427
4,9496,82,9496710415
4,6510,82,65105100
4,4388,82,43882220
4,6559,82,65591298
4,5921,82,5921364258
4,2446,82,244622975740
4,3776,82,377680869543
4,3146,82,3146898087
4,8702,82,87023391651
4,8925,82,89257126110
4,3277,82,3277473124
4,2706,82,270633472275
4,1986,82,198644
4,3439,82,3439456
4,4955,82,49554642
4,1567,82,156726
4,4541,82,4541094
4,7238,82,72386786
4,2463,82,246314
4,2903,82,2903888
4,8814,81,8814930
4,8030,81,8030507314
4,8064,81,8064880093
4,6531,81,6531487
4,4644,81,46442633
4,1869,81,18692043752
4,2746,81,2746608
4,9846,81,9846617
4,7991,81,799104555
4,2023,81,2023310520
4,6545,81,65454321
4,3347,81,3347046688
4,3826,81,38269172863
4,3330,81,3330779784250
4,1009,81,100972522209343
4,0530,81,0530547726
4,3122,81,3122956885
4,3572,81,35724659213
4,4848,81,484801
4,4409,81,440903239
4,6165,81,6165090
4,2133,81,213300
4,3243,81,324307
4,0906,81,09062021
4,6007,80,600700
4,4882,80,48821848
4,4814,80,48141111
4,5605,80,560560500
4,9121,80,912111393
4,4204,80,42045959
4,3327,80,332761104
4,1253,80,1253608107
4,1585,80,15859109152
4,7005,80,700516
4,2604,80,2604503928
4,6682,80,66823332554
4,2301,80,23010000
4,4260,80,42602310
4,6504,80,6504782
4,5110,80,5110121446
4,1388,80,1388813971
4,1190,80,119055720029
4,4165,80,4165183756
4,1626,80,16268610264
4,5234,80,523498086
4,0548,80,0548572981
4,3013,80,3013733323
4,5814,80,581453
4,1670,80,1670370890
4,2204,80,2204990
4,3540,80,354000000000
4,0154,80,015404290828
4,1102,80,11020838
4,0808,80,0808487
4,4497,80,449756130030
4,4011,80,401147
4,5156,80,515644
4,2652,80,265200
4,2296,80,22966569337
4,2648,80,264815204
4,2871,80,287118104
4,3986,80,398671004
4,4590,80,4590902
4,0378,80,037811935
4,1692,80,1692888
4,4269,79,42692788
4,4989,79,4989895207
4,2562,79,256256784629068
4,5689,79,568961393
4,6609,79,660924109110
4,9101,79,910165822
4,9031,79,903125556785
4,0254,79,0254700024755
4,6776,79,6776335
4,2361,79,23614518
4,٠١٢٧,79,٠١٢٧٧٧١٧٥٨
4,2244,79,224400
4,6335,79,63355804
4,0902,79,09022021
4,2906,78,29061985
4,3392,78,339231731788
4,1553,78,15536523168
4,8560,78,8560219681
4,6696,78,669665045807
4,1379,78,1379838960
4,4567,78,45676938
4,3389,78,3389997685
4,9003,78,90039822
4,9400,78,940094771119069
4,9841,78,9841062380
4,1602,78,16029188301
4,7996,78,799687572
4,4132,78,413265674
4,5943,78,594362443
4,3796,78,379660907
4,4180,78,418098317
4,8530,78,85300000000
4,7420,78,742003
4,3528,78,352872204
4,3241,78,3241318
4,1528,78,152855
4,9960,78,99604733
4,1254,78,12547732386
4,1941,78,1941888
4,9425,77,9425085454
4,8078,77,8078011918
4,7040,77,7040000000
4,8559,77,855975550937
4,7760,77,7760225624
4,5438,77,543896217
4,6435,77,6435188
4,1698,77,16989645
4,2086,77,2086808800
4,4373,77,43731000
4,2470,77,24705062
4,4804,77,48043250
4,1399,77,1399997600
4,9085,77,908505600750
4,2377,77,23776913657
4,4499,77,449999994
4,7710,77,7710439971
4,3458,77,3458360022
4,3072,77,3072722279
4,3227,77,3227070211
4,1983,77,198331
4,6580,77,6580000000
4,3973,77,3973786
4,4555,77,4555077
4,3169,77,3169819
4,1277,77,127771758
4,4516,77,45161804
4,8565,76,8565445
4,6146,76,61467878028
4,5633,76,563375151
4,4886,76,48861379
4,4302,76,43028544
4,4803,76,48035100
4,4121,76,4121989
4,3465,76,34652081760
4,1223,76,122302
4,1466,76,1466911363
4,7485,76,7485538
4,6161,76,616106
4,4279,76,4279988
4,8678,76,8678043
4,9845,76,9845159972
4,1442,76,14421100521
4,2417,76,24174977536
4,1470,76,14703189853
4,3829,76,38298884309
4,5113,76,511351088
4,4170,76,4170000000
4,4513,76,45131504
4,6541,76,65416546
4,0982,76,0982122705101
4,6280,76,628039
4,3503,76,3503685
4,2440,76,244000
4,4140,76,414000
4,3640,76,364000
4,2657,76,265700
4,3230,76,323000
4,1308,75,1308888
4,3033,75,30333476
4,9727,75,9727508652
4,5735,75,5735709
4,2214,75,2214535
4,0123,75,012345
4,1394,75,13945598997
4,1017,75,1017181
4,5246,75,524623836
4,3527,75,35272920
4,3457,75,3457474
4,4879,75,48795228
4,4318,75,43189391
4,6310,75,631010101010
4,8619,75,861989318523
4,4112,75,411206
4,6469,75,64695035
4,4461,75,446110028
4,7718,75,77180005
4,2047,75,2047102600
4,0308,75,03082220660
4,0320,75,03202400735
4,6244,75,6244336
4,2363,75,2363601
4,4498,75,44985118817
4,2690,75,2690154
4,2543,75,254319904
4,8802,74,8802384943
4,4272,74,42724911
4,9211,74,921111111111
4,3014,74,3014843874
4,3288,74,3288931
4,1871,74,18710042227
4,1077,74,107783161533
4,2259,74,2259912
4,7454,74,7454278387
4,4083,74,4083821568
4,1397,74,1397588
4,3717,74,3717980311
4,6254,74,625422095
4,7931,74,7931112433
4,1003,74,100334455445
4,1225,74,12257153810
4,5631,74,563170327
4,5217,74,521761946
4,5009,74,500926682
4,1025,74,1025257177
4,3341,74,3341270417
4,3208,74,3208226275
4,0749,74,07491227192
4,1474,74,1474703
4,3529,74,35296583285
4,1974,74,1974110600
4,4518,74,4518838
4,2545,74,254507495068
4,2026,74,2026415
4,6998,74,699888
4,5157,74,515700
4,2360,74,236032
4,2190,74,2190774
4,1456,74,1456899217
4,0702,74,07022021
4,2209,73,220926
4,4959,73,495962
4,5466,73,546646629
4,2445,73,2445046
4,2134,73,2134531195555
4,2825,73,2825044
4,7798,73,7798186956
4,5663,73,566355532
4,4547,73,45475832315
4,7831,73,7831357408
4,2736,73,2736298
4,2425,73,242563345660
4,7937,73,79378635333
4,9940,73,9940509660649
4,5373,73,537335555
4,3062,73,3062800082
4,3428,73,342879065
4,0706,73,07061984
4,3245,73,3245601
4,9058,73,9058885
4,2827,73,282729
4,4519,73,451998
4,8692,73,8692748729
4,6255,73,6255536
4,9030,72,9030000000
4,5850,72,5850345
4,4327,72,43279727
4,1573,72,157335
4,5408,72,540850359
4,6538,72,65387743
4,1104,72,110400
4,1876,72,18764678419
4,8690,72,869032034444
4,7470,72,7470913
4,6175,72,6175941032
4,7609,72,760999103
4,4261,72,42614478
4,1575,72,15756316200
4,1668,72,16681596721
4,2791,72,279199380
4,4857,72,48577770717
4,5959,72,595981275741
4,8518,72,8518651888
4,8572,72,857215581
4,6655,72,66555046166
4,9653,72,965324
4,1276,72,1276490097
4,7121,72,7121126
4,8632,72,86321564978
4,8670,72,8670428
4,0796,72,07967387947
4,7791,72,77918407779
4,3254,72,325404
4,4102,72,410205
4,3625,72,362500
4,1341,72,134135
4,1935,72,1935888
4,2497,72,2497888
4,9151,71,91513424580
4,4880,71,48801880
4,6658,71,6658990
4,1075,71,1075233
4,8718,71,8718489
4,2089,71,2089748278
4,6264,71,6264130518
4,3833,71,3833061737
4,7655,71,7655328997
4,8805,71,880506974479
4,3834,71,38349504100
4,2206,71,22061983
4,2615,71,261519
4,6522,71,6522747
4,3346,71,3346000
4,7970,71,79700000000
4,8845,71,884513104
4,1730,71,173020783
4,2699,71,269981104
4,2863,71,286360004
4,8189,70,8189499999
4,9146,70,91469609
4,5757,70,5757302
4,4337,70,43379525
4,4319,70,43197799
4,4036,70,403677425
4,1082,70,1082024
4,9358,70,93583731
4,5877,70,5877843867
4,1322,70,1322534569
4,2477,70,2477121
4,1724,70,17247994170
4,9152,70,91522768758
4,5215,70,5215527270311
4,2561,70,2561010101010
4,6476,70,6476208104
4,0545,70,0545286775
4,3374,70,3374865
4,7069,70,706970068
4,6458,70,6458941
4,0344,70,03447737975
4,1439,70,14398888
4,6540,70,6540776050
4,7351,70,73517314973
4,7011,70,7011110790
4,4464,70,4464115
4,9700,70,9700000000
4,1078,70,1078835523
4,2715,70,271500
4,3115,70,311500
4,2629,70,2629166
4,8592,70,85920704
4,1859,70,1859888
4,7070,69,7070000000
4,8818,69,881891804
4,2953,69,295300004
4,9830,69,983008233222
4,7347,69,73472734372
4,1979,69,1979888
4,5413,69,5413661371
4,4232,69,42327108
4,2268,69,2268635
4,8817,69,8817788019
4,4934,69,493423453
4,7946,69,794644036
4,9931,69,99319193
4,9123,69,9123942040
4,4853,69,48536952036
4,7973,69,7973661232
4,4490,69,4490642
4,3418,69,3418966
4,1483,69,148350835
4,2698,69,26984256
4,3236,69,323600
4,1802,69,180218
4,2650,69,265098
4,4532,69,45324604
4,6946,68,6946295
4,1249,68,12499960011
4,7636,68,7636483
4,5248,68,524832373
4,1872,68,18722327000
4,8839,68,88396155
4,6611,68,66112313
4,5681,68,568180938
4,1805,68,1805984348
4,1731,68,1731070124
4,4296,68,42962375
4,3868,68,3868810385
4,9282,68,92827523
4,9160,68,916002755756
4,9010,68,901010101010
4,1615,68,16152004320
4,3356,68,3356128755
4,9127,68,9127837078624
4,8517,68,851715685
4,9649,68,964964770491019
4,2489,68,2489305
4,0532,68,0532136502
4,6525,68,6525295643
4,6548,68,6548531
4,3978,68,397879504
4,2949,68,2949923
4,3037,68,3037416
4,5145,68,5145458
4,0120,68,0120657374
4,0791,68,07914817020
4,0324,68,03245559555
4,3426,68,34261375
4,1271,68,12712888
4,4303,68,43031916
4,6456,68,6456453
4,2403,68,24036688
4,9235,68,923581096667
4,1757,68,17573394149
4,1842,68,18424874
4,4483,68,4483137
4,9748,68,974888
4,5166,68,516600
4,6111,68,611130
4,4230,68,423000
4,6430,68,643000
4,2368,68,236800
4,2694,68,269495404
4,2685,68,268530004
4,1995,67,19952807
4,7072,67,7072028
4,3972,67,3972003
4,1593,67,15935586370
4,5476,67,5476175455
4,3651,67,3651586
4,6212,67,6212122
4,9889,67,9889398
4,6135,67,6135342
4,5999,67,59999999
4,4921,67,49211522954820
4,3695,67,369545304
4,2174,67,2174557
4,8701,67,87015882955
4,6983,67,6983082
4,3502,67,35021438
4,3124,67,312400
4,2628,67,262800
4,7958,67,795874030
4,2823,67,282365504
4,2862,67,28629904
4,3818,67,38185604
4,8871,66,8871234
4,6530,66,65309588
4,4481,66,44816574
4,5268,66,526856222
4,1117,66,111755
4,6249,66,62491914
4,7780,66,7780007
4,5977,66,597736550
4,9266,66,9266829
4,1396,66,1396771009
4,2455,66,245554561265
4,4969,66,496975912078
4,4810,66,481010101010
4,6418,66,641879376
4,4048,66,404864868
4,4482,66,44828602059
4,1200,66,1200076535
4,3229,66,3229484603
4,8905,66,89055794850
4,1453,66,1453632
4,7346,66,73467530577
4,9813,66,981317233163
4,6460,66,646000
4,2732,66,273200
4,3850,66,38503129554
4,9116,65,91166870
4,3779,65,377910
4,4336,65,43366136
4,1513,65,15133369794
4,4285,65,42856595
4,1878,65,18780400302
4,5223,65,522398909
4,1971,65,19714739
4,7890,65,7890746898
4,3971,65,3971004282
4,4146,65,414611508
4,5429,65,542914680821
4,2359,65,23599396642
4,3082,65,3082038004
4,4571,65,4571283
4,3965,65,3965898
4,9815,65,981559980030
4,2826,65,2826800
4,1958,65,19585527
4,1953,65,1953040700
4,3435,65,343509
4,1438,65,14389690521
4,4816,65,48169704
4,6417,65,64179304
4,6663,64,66632233
4,5212,64,52125729
4,٠٠٩٦,64,٠٠٩٦٦٥٠٥٦٣٢٢٢٨
4,1564,64,15643820
4,9609,64,9609675276
4,2511,64,2511911205270
4,1804,64,18043176555
4,6325,64,63253615
4,6351,64,635145848
4,6256,64,6256187
4,3301,64,3301568889
4,7795,64,779521857793
4,9552,64,9552340500
4,9501,64,9501007317
4,4790,64,4790653582
4,5887,64,588791665
4,3233,64,3233369548
4,2775,64,2775192
4,3542,64,3542651
4,9702,64,9702001012
4,4543,64,4543545403
4,5380,64,538001
4,1633,64,163316
4,2103,64,2103255000
4,2378,64,237885
4,1436,64,1436049595
4,1663,64,1663420032
4,3384,64,338487004
4,2688,64,268838304
4,3745,64,3745189
4,6979,63,697989
4,6778,63,677822102
4,5446,63,544628420
4,4694,63,4694839
4,5989,63,598990049
4,3770,63,3770538
4,1238,63,1238285
4,3917,63,3917909179
4,4073,63,40732000003
4,6259,63,625978585543
4,5256,63,525615580
4,6570,63,65702550
4,0608,63,0608853
4,5722,63,5722576
4,0968,63,0968420105
4,4902,63,490217
4,0960,63,0960281179
4,6532,63,6532183
4,6550,63,6550434
4,9922,63,99229886
4,4012,63,401202283
4,1419,63,141903
4,1096,63,109647504450243
4,2287,63,228775004
4,2765,62,276597
4,3975,62,3975548
4,8182,62,8182033194
4,4214,62,42146052
4,4449,62,44493021
4,2970,62,297079304
4,7504,62,7504959358
4,0632,62,063236
4,6045,62,6045626291
4,1398,62,13987616576
4,1899,62,18990084741
4,1598,62,1598853333
4,3866,62,3866730195
4,1681,62,1681976555
4,9037,62,9037281500
4,9126,62,9126231806
4,6269,62,6269992
4,1256,62,12562278351
4,5458,62,545810077
4,3119,62,3119302179
4,9808,62,980835
4,2563,62,2563245125
4,2146,62,2146062
4,4476,62,4476669
4,7708,62,7708851
4,6626,62,6626610
4,7272,62,7272736629
4,9299,62,92995612354
4,4819,62,481939481600
4,7723,62,77232242163
4,7095,62,70953635432
4,2322,62,23222230052
4,2566,62,2566712
4,4462,62,446251940
4,3532,62,353217431028
4,1458,62,1458888
4,7422,61,74226161
4,2370,61,2370708
4,3580,61,35808124749431
4,2029,61,2029179812
4,9021,61,902123352533
4,0542,61,054219
4,5434,61,543489591760
4,7847,61,7847470847
4,1582,61,15822557379
4,3139,61,313900
4,1895,61,1895730088
4,3504,61,3504959677
4,3416,61,34161872
4,7983,61,79835066660
4,8909,61,89098541955
4,8035,61,8035704015
4,6635,61,663572408
4,2318,61,231886528422
4,5817,61,581768680
4,6328,61,6328000651
4,4542,61,4542170570
4,4950,61,4950868
4,7995,61,7995977535
4,1791,61,179163921143
4,2229,61,2229975
4,2097,61,209710704
4,7501,61,7501336565
4,3631,61,363184828
4,1467,61,1467745
4,4971,61,497168
4,5140,61,514071
4,5361,61,536100
4,6612,61,661200
4,2165,61,21652647700
4,6336,61,633632
4,5684,60,568420124
4,2201,60,22017499
4,4609,60,46091497
4,2805,60,280565285
4,1550,60,15501132252
4,4722,60,4722101
4,6497,60,6497790
4,5168,60,5168088078
4,6982,60,6982000
4,8864,60,886425295860
4,4346,60,43467598
4,8519,60,8519870742
4,1897,60,18971285966
4,8201,60,8201031823879
4,8896,60,88967698687
4,4903,60,4903092217008
4,9920,60,992005777777
4,5229,60,522956689
4,5226,60,522658011
4,1288,60,1288133056
4,٠٧٩٥,60,٠٧٩٥٧٩٠٧٨٨
4,2037,60,2037314735
4,6687,60,668711
4,5201,60,520145
4,1268,60,126894237763
4,0743,60,074321
4,2831,60,2831341
4,1628,60,16284449991
4,4039,60,4039904569
4,1951,60,19514539990
4,4494,60,4494216
4,6443,60,6443353
4,1923,60,1923858250
4,2777,60,2777870
4,1180,60,118000
4,8008,60,800890
4,7210,60,721006
4,1029,60,102903
4,1325,60,132575
4,0260,60,026020
4,6944,60,6944525205
4,6970,60,697011
4,3819,60,38194604
4,3409,60,340990804
4,0465,60,046540902
4,8511,60,85116004
4,1696,60,1696888
4,8150,59,8150000000
4,9752,59,97525229
4,6553,59,65530761
4,1409,59,1409970450
4,7786,59,7786574837
4,1848,59,18482105796
4,9631,59,9631010101010
4,7796,59,779628149090
4,3505,59,35058263000
4,5433,59,543360022
4,7298,59,729847948
4,2065,59,2065019920
4,2635,59,26355345
4,2524,59,252400
4,3953,59,395395
4,8510,59,85105181
4,3824,59,382401
4,4533,59,453300
4,2716,59,271600
4,0921,59,092175
4,2671,59,267105312
4,2683,59,268335504
4,3395,59,339563904
4,6241,59,6241604050
4,0723,59,072332846
4,3103,58,310306
4,1552,58,1552779342
4,2692,58,26920567
4,8880,58,8880539
4,4806,58,4806888
4,3073,58,307354235
4,8111,58,811125
4,8988,58,8988411
4,2979,58,2979862219
4,4656,58,465678396
4,1885,58,18856030468
4,7412,58,7412328618
4,5964,58,596417199
4,7763,58,7763051920
4,7356,58,735613530
4,8292,58,829248005
4,7277,58,727773093
4,7469,58,7469972262
4,2290,58,2290058
4,2034,58,20341995
4,9510,58,95103565
4,2788,58,278858529
4,2560,58,2560589381514
4,1682,58,16825528296
4,٠١٠٠,58,٠١٠٠١٦٢٤٦٤٨
4,0677,58,067757
4,6754,58,6754378
4,8481,58,848151030
4,0979,58,0979550737
4,0909,58,0909664205
4,0929,58,0929904791
4,0916,58,0916270057
4,0976,58,0976123059
4,0931,58,0931926218
4,0923,58,0923297343
4,0937,58,0937957808
4,0980,58,0980879317
4,4028,58,402825304
4,8696,58,869653374
4,8131,58,81313396
4,2719,58,2719410173
4,4687,58,4687737
4,1461,58,1461461
4,1544,58,1544869537
4,6671,58,6671350
4,8715,58,8715360394
4,7793,58,7793403562
4,9848,58,9848066000
4,4741,58,4741113555
4,4080,58,408000
4,2430,58,243000
4,1534,58,153401
4,6411,58,641115
4,2186,58,218612236950
4,1554,58,15541144887
4,3514,58,35145206
4,2077,58,207735304
4,1743,58,1743888
4,1296,58,1296888
4,2203,58,22032017
4,4393,57,43933636
4,6674,57,6674710
4,4298,57,42984199
4,5822,57,582244692
4,4869,57,48696455122
4,4754,57,4754961
4,7950,57,7950232997
4,9885,57,9885832200
4,3951,57,3951307979
4,9237,57,92378658
4,1594,57,1594192578
4,4888,57,48885446606
4,6956,57,6956379798
4,9004,57,90049282
4,6625,57,66250063
4,9985,57,998525180762
4,6691,57,66913331887
4,7007,57,700729917969
4,1574,57,15743158893
4,2102,57,210294
4,5159,57,5159260
4,3066,57,306644
4,1478,57,1478883
4,6623,57,6623606
4,6539,57,65396430
4,1387,57,1387888
4,1089,57,108975
4,3533,57,353300
4,3831,57,3831002
4,4025,57,402560
4,2800,57,2800819
4,5837,57,583769042
4,3105,57,31059104
4,9679,56,96799702
4,4283,56,42833139
4,4398,56,43989554
4,2654,56,26547615
4,4823,56,48236304
4,4155,56,41554409344
4,0672,56,0672763
4,7575,56,757575
4,3010,56,3010000000
4,5133,56,513342656
4,4236,56,42369978
4,4805,56,4805189
4,4276,56,42767437
4,1335,56,1335118176
4,7244,56,72446533
4,1644,56,1644888
4,8875,56,8875716888
4,1946,56,1946039288
4,7737,56,7737705170
4,9210,56,921010101010
4,7054,56,7054045
4,1750,56,17508800033
4,1822,56,18227882711
4,5253,56,525336809
4,5241,56,524175888
4,0625,56,0625445
4,1894,56,18942779830
4,3015,56,3015385911
4,6092,56,60923273
4,4640,56,4640000
4,9877,56,98770721999
4,6300,56,63001404
4,2957,56,295777704
4,5333,56,5333301
4,3913,56,3913532
4,2118,56,2118001
4,3173,56,317300
4,3019,56,301900
4,1291,56,129100022
4,2564,56,256411
4,0258,56,025809
4,4586,56,4586221
4,5996,56,599617803
4,1076,56,1076611
4,2069,56,2069888
4,1838,56,1838888
4,1018,56,1018888
4,1874,56,1874888
4,8833,55,88339970
4,8705,55,870525
4,6512,55,6512262050
4,0726,55,072686
4,1324,55,13241832329
4,1105,55,110502
4,6240,55,62408818
4,0108,55,010858
4,6967,55,696751428
4,6211,55,621161304
4,6984,55,698447788
4,7866,55,78666605
4,2527,55,25270620
4,6238,55,623817828
4,6284,55,628424462
4,1623,55,16235239812
4,2248,55,2248179938
4,5415,55,541562560431
4,5885,55,588543181
4,5227,55,522726669
4,0790,55,07900991001
4,1410,55,14108554548
4,1378,55,13780301234
4,3298,55,3298343
4,2033,55,2033929669
4,6665,55,666540002
4,4997,55,499721749074
4,8232,55,8232025
4,4565,55,4565659
4,5488,55,548884098
4,0676,55,067602
4,4130,55,413000
4,3244,55,324400
4,0415,55,041509
4,3078,55,3078087314
4,2969,55,296939304
4,2672,55,267290504
4,6601,55,66012404
4,8574,55,85745904
4,6950,55,69502804
4,2977,55,297700004
4,4594,55,459442
4,6127,55,61273104
4,8599,55,85999804
4,7899,54,7899045212
4,4309,54,43091000
4,2697,54,2697732050
4,3595,54,3595910
4,4715,54,471516500
4,0128,54,012885229122189
4,1192,54,1192536
4,4345,54,43452728
4,4158,54,41586688
4,4257,54,42577788
4,2750,54,27506556166
4,4110,54,411010101010
4,8323,54,8323712846
4,6026,54,602620711
4,9724,54,97249803144
4,5685,54,568561580
4,2704,54,270492056
4,4610,54,4610886
4,1164,54,1164797165
4,9899,54,9899310939
4,7933,54,793369068
4,6662,54,6662323
4,3919,54,39195555
4,3326,54,3326323
4,5170,54,517000
4,1694,54,169450000
4,2245,54,224500
4,2048,54,2048100011
4,6350,54,635000
4,1071,54,1071111
4,1216,54,121601
4,3415,54,341500
4,4200,54,420000
4,2684,54,268444404
4,3979,54,397950004
4,6561,54,6561551050
4,1293,54,1293888
4,8036,53,8036344762
4,3596,53,359689793
4,6556,53,65569983
4,5350,53,535005026
4,3916,53,3916000
4,3892,53,3892424
4,6113,53,611343
4,1405,53,14059266388
4,4884,53,48848025
4,1318,53,13186666512
4,8146,53,8146224
4,5383,53,5383063
4,3803,53,3803930117
4,4354,53,43542031
4,2678,53,26789991
4,4568,53,45681297
4,1806,53,1806129600
4,6474,53,6474471080
4,3099,53,3099650220
4,5006,53,500656486
4,9910,53,9910319780
4,0178,53,01785679257
4,5983,53,598365108
4,8290,53,8290420356
4,8223,53,82235951247
4,2277,53,2277697
4,4050,53,4050222
4,5464,53,5464791
4,6868,53,6868884
4,6620,53,6620977
4,6660,53,6660663
4,6105,53,610500
4,3143,53,314300
4,6503,53,650302
4,5463,53,546300
4,6630,53,663000
4,3086,53,3086819368
4,3844,53,38445404
4,3299,53,32998804
4,4939,53,4939687
4,2083,53,2083333
4,1931,52,1931773324
4,7066,52,7066039655
4,0900,52,0900200902
4,7226,52,7226169986
4,7038,52,7038199005
4,5769,52,576957310
4,1889,52,18896392
4,1126,52,112634
4,5191,52,5191904
4,4281,52,4281251
4,1742,52,1742888
4,2735,52,2735218
4,9092,52,90924289
4,4252,52,42525198
4,2270,52,227058204
4,9099,52,909981981
4,9129,52,912981884911
4,9542,52,9542605181
4,3807,52,380733382244
4,9102,52,9102812361244
4,7895,52,789577485
4,8938,52,89384393490
4,1762,52,17622109612
4,6786,52,6786547
4,5471,52,547183888
4,5314,52,531488888
4,4168,52,4168568561
4,8877,52,887791
4,1555,52,1555200400
4,9963,52,9963532280
4,0757,52,07572458611
4,2968,52,2968188
4,4558,52,4558145
4,4900,52,490098939248
4,6616,52,6616699
4,4630,52,4630000000
4,6656,52,6656670
4,2565,52,256501
4,4807,52,4807730
4,5431,52,543111799
4,2307,52,2307101
4,2601,52,2601250262
4,4546,52,4546112
4,9994,52,999444
4,1411,52,1411990
4,1188,52,118811
4,4317,52,431700
4,2188,52,218866
4,7120,52,712000
4,1257,52,125775
4,4510,52,451000
4,0538,52,053800
4,2423,52,242300
4,1015,52,101525
4,1980,52,19800423
4,2790,52,279041
4,6253,52,625336512
4,2824,52,2824060
4,2915,52,2915888
4,9538,52,953888
4,1722,52,1722888
4,4813,51,48135144
4,5686,51,5686509
4,7338,51,7338553367
4,8152,51,8152199
4,9771,51,9771010101010
4,4966,51,4966512789
4,6167,51,616764359
4,3459,51,3459595210
4,9695,51,96952811
4,4022,51,402203319
4,6125,51,6125891
4,4496,51,449602
4,1170,51,117004
4,0380,51,0380503284923
4,0778,51,07786078171
4,4123,51,412300
4,4270,51,427000
4,6423,51,642350
4,6513,51,651300
4,6235,51,62352804
4,3699,51,369965134
4,2548,51,2548898032
4,1481,51,14813506
4,3032,50,30326127
4,9145,50,914522700700
4,8694,50,869414
4,7429,50,7429098969
4,6163,50,6163451
4,8811,50,8811112
4,4600,50,460000
4,1826,50,18263131189
4,9758,50,97580042725
4,2046,50,2046688
4,6098,50,60982887
4,2091,50,2091054
4,7204,50,72041111
4,4238,50,4238300
4,6575,50,65759102
4,9770,50,97706060
4,9417,50,94173910
4,8911,50,8911640003
4,3763,50,3763158731
4,1139,50,113958575
4,8446,50,8446222250
4,5259,50,525987980
4,5242,50,524282150
4,5891,50,589156265
4,7386,50,7386703690
4,5842,50,584243500089
4,8420,50,8420196887
4,3129,50,3129667339
4,0573,50,057310229
4,6520,50,65200219
4,2281,50,2281965
4,4216,50,4216808
4,4598,50,4598453
4,1413,50,14136797846
4,1657,50,16572069594
4,9775,50,977504090173
4,7410,50,741000000000
4,6413,50,6413770
4,8009,50,800900
4,3842,50,3842334
4,5301,50,530165086
4,2084,50,2084289006
4,2992,50,2992122
4,2113,50,211316
4,1235,50,123542
4,3655,50,365500
4,0750,50,075000
4,2701,50,2701435000
4,2987,50,298742
4,8588,50,85888804
4,6243,50,6243342050
4,0281,50,028130000
4,0651,50,065173381
4,0456,50,045623478
4,3998,50,39982681
4,4559,50,4559993050
4,2636,50,263699604
4,3524,50,352442004
4,2495,49,249529665588
4,4203,49,420312104
4,1219,49,121908
4,1042,49,1042321552
4,5761,49,576154427985761
4,6613,49,66138822233112
4,8703,49,8703400
4,6764,49,6764259
4,5386,49,5386138
4,4326,49,43266508
4,3958,49,3958191117
4,9614,49,96145522777
4,9624,49,96246707168035
4,8904,49,89048953137
4,7738,49,773887637
4,7496,49,7496387261
4,7370,49,737035938
4,2416,49,2416250291
4,1814,49,18147772774
4,5628,49,562835665
4,1964,49,196427
4,4566,49,4566401
4,0224,49,02242437703
4,0798,49,07984611541
4,7349,49,73493655396
4,4505,49,450500
4,1529,49,1529654582
4,4815,49,4815713
4,6169,49,616947
4,6959,49,6959979
4,6464,49,6464099
4,2573,49,257300
4,3324,49,332438
4,6615,49,661502
4,0659,49,065900
4,2291,49,229100084
4,5893,49,589331820
4,3863,49,38635397978
4,6419,49,641987
4,1128,49,112874
4,1328,49,1328353777
4,2362,49,236235707
4,1048,49,1048888
4,0603,49,06032021
4,0809,48,08096493021
4,4792,48,4792460457
4,4602,48,46024140
4,4160,48,41609866
4,4217,48,421798504
4,4578,48,4578178
4,6290,48,62902306
4,4118,48,411829398
4,5155,48,515500
4,0454,48,045499410552398
4,9578,48,9578128
4,1599,48,1599517632
4,4678,48,46780166
4,8451,48,8451837
4,2176,48,2176952
4,1887,48,1887750513
4,4985,48,498516739
4,2055,48,2055402722
4,7480,48,748089900
4,7939,48,7939412119
4,2328,48,23288686868
4,9629,48,96298548668
4,2496,48,249697777772
4,1097,48,10972523685555
4,5205,48,520528883
4,7656,48,7656764333
4,7367,48,7367505
4,0919,48,0919985327
4,3136,48,3136049968
4,0535,48,0535040350
4,6025,48,602510042
4,7587,48,7587227
4,6576,48,6576120
4,6286,48,62867404
4,3750,48,37500000000
4,4920,48,492000000000
4,3302,48,3302244
4,9723,48,9723214911000
4,2433,48,24337853
4,9258,48,925827451363
4,5711,48,571100
4,4054,48,405404
4,2450,48,245000
4,1261,48,12610075
4,1070,48,1070230
4,0466,48,046600
4,3512,48,351255
4,1807,48,1807303
4,3891,48,389177
4,9238,48,92382225757
4,5335,48,533507595
4,4492,48,4492977
4,4577,48,45776404
4,2354,48,2354433
4,8040,47,8040000000
4,8311,47,83114818
4,8324,47,8324886057
4,4264,47,42648646
4,6631,47,663106
4,8351,47,8351888
4,5206,47,520668
4,4583,47,4583536
4,3201,47,3201467
4,3888,47,3888818
4,6276,47,6276808
4,2559,47,25597060
4,2128,47,2128081111
4,8927,47,89277909747
4,9800,47,98008199
4,9684,47,9684237944
4,4043,47,4043154
4,4129,47,412975292
4,7848,47,7848939433
4,6131,47,6131288
4,8575,47,8575518
4,3555,47,3555554
4,6258,47,6258132
4,3234,47,323499404
4,2939,47,2939787
4,1989,47,198962
4,2117,47,211764
4,6634,47,663400
4,5224,47,5224727
4,2461,46,24615702
4,7691,46,769162
4,0987,46,09873335399
4,6199,46,6199001
4,7666,46,766667
4,9026,46,902622394469
4,5965,46,596596356455
4,1991,46,19910624939
4,4793,46,4793868900
4,8568,46,85686887
4,5824,46,582422812
4,5819,46,581980144
4,3789,46,378971559339660
4,0755,46,07551001
4,8032,46,8032482337
4,7936,46,7936191930
4,2780,46,2780510
4,6544,46,6544564654
4,2845,46,28454113
4,7452,46,7452896678
4,8497,46,84975686468
4,5492,46,5492235471594
4,9376,46,93764280209
4,9410,46,941010101010
4,3263,46,32630824335
4,4310,46,431010101010
4,5853,46,5853555633
4,1715,46,1715710344
4,8056,46,8056676060
4,7811,46,7811000000
4,5457,46,545772766
4,1603,46,16037994336
4,3053,46,3053971723
4,٠٥٠٣,46,٠٥٠٣٥٢٣٥٦١
4,7317,46,731707
4,9236,46,92369604522
4,9248,46,92487811866
4,9206,46,920613
4,4951,46,495193642
4,6670,46,667065
4,9896,46,9896345679
4,9224,46,922405007
4,9332,46,933219419106
4,6425,46,642510002
4,7733,46,77337505
4,3044,46,3044156067
4,6316,46,6316202
4,6560,46,6560000000
4,8365,46,836586
4,6220,46,6220025
4,2712,46,27126673025
4,2331,46,233182
4,2456,46,245600
4,1107,46,1107510630
4,1541,46,154100
4,5128,46,512885
4,2679,46,26796066
4,6314,46,631420127
4,2088,46,20889601580044
4,6546,46,6546766050
4,0974,46,09744370077
4,2994,46,2994421
4,3517,46,351793504
4,2815,46,28153504
4,1950,46,1950888
4,2057,46,2057888
4,2196,46,2196888
4,1930,46,1930888
4,2476,46,2476888
4,1349,46,1349888
4,1294,46,1294888
4,0797,45,07970473514
4,6744,45,67443374
4,8810,45,8810000000
4,8109,45,8109094863760
4,8844,45,8844775566
4,6987,45,698745526
4,6311,45,631123
4,1538,45,153857010
4,1898,45,18987219
4,8978,45,8978403944
4,3854,45,3854996300
4,7423,45,7423410
4,6147,45,61470545500
4,3643,45,364332105
4,5725,45,5725451
4,3359,45,3359219216
4,6961,45,696118
4,8792,45,8792783
4,2726,45,272613304
4,5356,45,5356666
4,0312,45,03121142547
4,2182,45,218213350060
4,2183,45,2183744
4,1434,45,1434306
4,6412,45,6412476
4,6554,45,65548584
4,4924,45,4924130924
4,9633,45,963315712431
4,3577,45,3577799346808
4,2116,45,211600
4,3545,45,354500
4,5247,45,524768
4,2686,45,268672204
4,8593,45,85935604
4,3690,45,36909104
4,3830,45,38303804
4,2075,45,207526404
4,3952,45,395240404
4,4945,45,494554
4,6457,45,6457582050
4,6123,45,61239204
4,8366,44,83661547
4,9869,44,98698539
4,9459,44,94598480
4,9009,44,90098301
4,4371,44,43714977
4,4887,44,48871333
4,9300,44,93008432929
4,6207,44,6207000
4,5768,44,576878
4,5976,44,597640036
4,9353,44,9353289263
4,7045,44,7045744756
4,1825,44,18255160860
4,8862,44,88622894
4,0930,44,0930554023
4,8730,44,8730201178
4,1375,44,1375121888
4,6299,44,62999911
4,1389,44,1389871008
4,9880,44,98802261
4,8248,44,8248541398
4,5982,44,598296400711
4,4770,44,47704568930
4,3206,44,32065653473
4,9131,44,913104635998
4,7195,44,719560173
4,9301,44,9301744413
4,9802,44,98022892
4,4243,44,4243638270
4,7802,44,7802974859
4,2311,44,2311010101010
4,3721,44,3721010101010
4,1154,44,1154500700
4,1116,44,1116316075
4,2766,44,27660104323
4,8897,44,8897743270
4,3149,44,3149566794
4,3052,44,3052145392
4,4078,44,407895625
4,6896,44,6896433790
4,0860,44,086000000
4,1451,44,1451981
4,1548,44,1548987999
4,1660,44,16601166278
4,7783,44,7783337
4,2833,44,2833279
4,0314,44,03142222827
4,1491,44,1491099
4,4301,44,4301738
4,6333,44,633360319
4,6225,44,6225016
4,1477,44,14774888
4,7075,44,7075018410
4,7835,44,783532707824
4,8803,44,88033003
4,1080,44,108054535032
4,4233,44,4233110
4,6247,44,6247785
4,6745,44,67456140
4,2428,44,242818
4,3543,44,354300
4,4212,44,421200052
4,1094,44,10946125
4,6921,44,6921710
4,1259,44,125993
4,1921,44,192108
4,4922,44,492203
4,3962,44,3962800
4,6673,44,66730727
4,5390,44,539091104
4,6547,44,6547375
4,1766,44,1766757
4,3406,44,340621704
4,3599,44,3599550
4,3967,44,3967885
4,2308,44,23081975
4,0277,44,0277604065
4,2451,44,2451888
4,7250,43,7250415
4,7980,43,7980000000
4,1883,43,18832639757
4,8883,43,88838800
4,8573,43,8573237
4,2393,43,2393905
4,1162,43,1162424583
4,8002,43,8002511
4,7574,43,7574903525
4,6296,43,629601270
4,3634,43,3634623462
4,1723,43,1723616191
4,7654,43,7654321
4,2865,43,2865450
4,4469,43,4469125
4,2582,43,25821498398
4,9244,43,92442111135135
4,6463,43,6463405
4,5483,43,5483798
4,4693,43,469326057
4,4750,43,475001
4,4801,43,4801424
4,2365,43,236500
4,7712,43,771215
4,2534,43,253400
4,2235,43,223510031
4,0410,43,041013
4,6651,43,665100
4,6322,43,63223456
4,9919,43,991961
4,6692,43,66926013
4,0448,43,044876793
4,8586,42,85867447517
4,9209,42,920912258745
4,6996,42,6996594460233
4,8824,42,8824268
4,3652,42,365280704
4,4372,42,43721175
4,4665,42,46652323
4,1662,42,166250
4,3856,42,38566033
4,7080,42,708012
4,9118,42,911832568
4,1036,42,1036112251
4,5338,42,533836958613911
4,8096,42,80964418
4,6326,42,6326343479
4,1258,42,12587412
4,2516,42,25168464
4,3950,42,3950775568
4,8910,42,8910550295
4,7448,42,7448347382
4,6936,42,6936656132
4,8325,42,8325148930
4,8967,42,896705858
4,1471,42,147178162
4,9600,42,960009607778030
4,2576,42,25769864503
4,1143,42,114387783739
4,7660,42,766018438
4,5200,42,520097152
4,5657,42,565775988
4,5470,42,547069992
4,1172,42,1172001
4,2314,42,2314474196
4,1653,42,1653269885
4,2090,42,2090827
4,3546,42,3546978434
4,2112,42,211200404
4,7442,42,7442276
4,6356,42,6356362
4,1354,42,13546888
4,1600,42,16003888
4,1124,42,112483962772
4,3436,42,3436908
4,0961,42,09613618186
4,0793,42,07930626373
4,2466,42,2466375
4,5604,42,5604614
4,4491,42,449149540
4,2312,42,2312848
4,7207,42,72077653
4,9504,42,9504572353
4,4218,42,421800
4,1142,42,114200
4,5153,42,515343
4,4620,42,462000
4,2580,42,258093
4,1882,42,188228
4,8738,42,8738500
4,8502,42,850211
4,3183,42,318322
4,2944,42,2944443
4,3178,42,317826104
4,1607,42,1607888
4,1695,42,1695888
4,2905,42,290505
4,7090,41,7090000000
4,4954,41,49543504
4,6822,41,6822704
4,1019,41,1019888
4,3886,41,388691
4,8462,41,8462728
4,9781,41,978107812
4,6816,41,6816945
4,6574,41,65748650
4,4666,41,4666541278
4,7533,41,753353303
4,8055,41,8055334042
4,9043,41,9043110571
4,5821,41,582191914
4,5734,41,5734706
4,9843,41,984374066751
4,0641,41,0641879376
4,1197,41,1197482542
4,3878,41,3878966
4,6529,41,6529170
4,6461,41,6461373
4,0441,41,044152456
4,1996,41,1996565
4,7721,41,77212746945
4,1299,41,1299399
4,1877,41,1877330429
4,2822,41,2822981
4,9977,41,997788
4,4760,41,476000
4,6118,41,611830
4,2492,41,2492202
4,2653,41,265300
4,0207,41,02072313138
4,1448,41,1448817
4,4825,41,48255904
4,2475,41,24750904
4,5109,40,5109968432
4,5426,40,542680913
4,1661,40,1661000
4,7756,40,7756647730
4,2401,40,24012801
4,4174,40,4174400
4,6652,40,6652323
4,9898,40,9898474455
4,1060,40,106047718781
4,8759,40,8759680
4,4058,40,40583489
4,6031,40,6031135
4,8579,40,8579168
4,4514,40,45144775
4,8899,40,8899016
4,8724,40,87242990
4,6954,40,6954822
4,5914,40,5914791
4,1507,40,1507036200
4,5203,40,52039908
4,2163,40,2163081357
4,9485,40,9485955
4,5898,40,5898899
4,4919,40,49199049
4,3703,40,3703206118
4,4255,40,42555702
4,8550,40,855017448989
4,1546,40,154681147
4,9375,40,9375442123
4,1735,40,173523740
4,7394,40,739491790
4,7334,40,733454313
4,9359,40,935900711
4,7976,40,7976761987
4,5868,40,58689286
4,6006,40,60067606
4,6340,40,634052394
4,4145,40,4145139287
4,9676,40,967685392
4,9681,40,9681010101010
4,2096,40,2096551172036
4,9595,40,95959400304573
4,5825,40,582589671
4,4486,40,448611
4,7677,40,767775
4,4149,40,414912827
4,5320,40,532003
4,0666,40,0666402778
4,8920,40,892009
4,1765,40,17653298523
4,0171,40,01717429783
4,9950,40,9950989
4,8832,40,8832898
4,6688,40,6688678
4,5985,40,598506541544
4,0147,40,01474355571
4,1680,40,1680000000
4,6578,40,6578029
4,4561,40,45616900
4,5152,40,51525296
4,4994,40,4994126
4,3090,40,309000000
4,4370,40,4370000000000
4,0626,40,0626919065
4,0127,40,01279444009
4,3645,40,3645518
4,6741,40,674100
4,1085,40,108505
4,2051,40,205139893
4,5161,40,516127
4,2321,40,232150010
4,2745,40,274500
4,1067,40,10678910
4,1666,40,166641
4,2143,40,214333
4,1073,40,107310007
4,6304,40,630447404447637
4,0773,40,07734540921
4,6947,40,6947789050
4,6923,40,69236104
4,8580,40,85806904
4,3848,40,38488904
4,4579,40,45795704
4,6189,40,61892493792
4,3592,40,35929882545
4,3832,40,38328304
4,6647,40,66479404
4,1273,40,1273564133
4,1926,40,1926888
4,3568,40,3568888
4,1430,40,1430888
4,3295,40,3295888
4,2038,40,2038888
4,8929,39,8929028007
4,9374,39,93747151699
4,1990,39,199075
4,4943,39,494371896088
4,7949,39,7949165575
4,4385,39,43850667
4,5345,39,534566222
4,9389,39,93890770
4,4286,39,42868900
4,5913,39,591348520502245
4,7614,39,7614664
4,6156,39,6156146
4,4259,39,42594415
4,3081,39,3081039888
4,6003,39,600351600
4,7515,39,7515818292
4,5439,39,543903333
4,8188,39,8188999
4,8050,39,8050638118
4,8564,39,8564793
4,0222,39,0222220
4,2219,39,22199987
4,3071,39,3071888
4,9247,39,92477427
4,5472,39,547212867
4,9658,39,9658965
4,3815,39,381503
4,5245,39,524533
4,6182,39,618200
4,2742,39,274200
4,6452,39,645250
4,0232,39,023222
4,0483,39,048300
4,6657,39,665714
4,6221,39,622100000
4,6152,39,615200
4,0786,39,07863007779
4,1928,39,1928901698
4,1539,39,1539563769
4,2197,39,2197566
4,4946,39,49466304
4,3290,39,329066704
4,9556,38,95568093
4,9789,38,97892637
4,4802,38,48022138
4,5452,38,545273134
4,1566,38,15660008686
4,1840,38,18401562111
4,8787,38,878787
4,2917,38,29177794
4,9548,38,9548017
4,2926,38,2926262
4,1697,38,1697601
4,2367,38,23672400
4,3773,38,3773819666
4,9091,38,9091818
4,4581,38,4581545
4,2786,38,2786969960
4,5382,38,5382839999
4,9096,38,9096852495
4,7981,38,79819828944
4,4051,38,405128517
4,7766,38,7766255603
4,5144,38,514431777
4,3865,38,38651752560
4,3060,38,3060111333
4,3719,38,371918
4,4957,38,495774189
4,6416,38,6416069
4,7017,38,701788660
4,7290,38,7290975
4,3423,38,3423777
4,8527,38,8527801
4,5504,38,5504822
4,4576,38,4576307
4,6462,38,6462391
4,5363,38,5363636
4,0783,38,07831357408
4,1808,38,18081888
4,0163,38,016306150623
4,7577,38,7577987296
4,7333,38,73331466686
4,5856,38,585630523
4,4328,38,43285380
4,8922,38,8922660
4,6126,38,6126655
4,1068,38,1068023
4,2737,38,2737777
4,9698,38,969888
4,9817,38,981737248
4,4493,38,449341195
4,5419,38,541926
4,8819,38,881936761577
4,1712,38,171277
4,5185,38,518503
4,2873,38,287302
4,2551,38,255100
4,2381,38,238114
4,0591,38,0591360
4,2531,38,253100
4,1656,38,165602102021
4,2061,38,2061361
4,5467,38,546717611
4,3026,38,3026674037
4,7326,38,7326982121
4,2036,38,2036525
4,4961,38,49610352188
4,6223,38,62233004
4,0965,38,096599788660
4,3909,38,3909000
4,1944,38,1944888
4,1462,38,1462888
4,2585,38,2585888
4,1108,38,1108888
4,1274,38,1274888
4,2386,38,2386888
4,2199,38,2199888
4,8020,37,8020000000
4,7722,37,7722295
4,2558,37,25588519
4,1146,37,1146431111
4,7697,37,76972226
4,2234,37,223457404
4,8884,37,88840865
4,4131,37,4131301
4,9956,37,9956888
4,6042,37,6042935
4,1875,37,1875079796
4,9872,37,9872866150
4,7078,37,7078399961
4,7176,37,717654747
4,8069,37,8069138090
4,9169,37,91699803169
4,5881,37,588115956
4,5499,37,549902278
4,1046,37,1046345550
4,4467,37,446736202824
4,9568,37,9568302
4,0151,37,015146498224
4,8630,37,8630095
4,7841,37,78412435144
4,8916,37,89166517151
4,2605,37,26056277
4,4551,37,45511421
4,3024,37,302467025150
4,3411,37,3411215
4,1278,37,127816
4,3893,37,389362300
4,2382,37,238281
4,5317,37,531701
4,2743,37,274300
4,2062,37,2062142
4,3390,37,339027
4,٠٥٠٢,37,٠٥٠٢٨٠٣٣١٢
4,3048,37,3048055558
4,8321,37,83216050
4,3731,37,37312204
4,4941,37,49413604
4,2947,37,2947444
4,4503,37,45032204
4,3871,37,38711204
4,8524,37,85247604
4,0319,36,031992
4,9795,36,97954440
4,9380,36,93802206
4,9472,36,94729346713
4,2948,36,294827304
4,4249,36,42496300
4,7517,36,7517106
4,4384,36,43843104
4,4213,36,42131716
4,4104,36,4104685
4,7002,36,7002305717
4,1283,36,12832906972
4,1114,36,111463
4,8278,36,82782000
4,8217,36,82173658521
4,2734,36,273401
4,8410,36,841000
4,3575,36,3575536
4,6747,36,67479293
4,3925,36,3925044876
4,3276,36,3276233720
4,5800,36,5800569678
4,6002,36,600274573
4,6176,36,617634723
4,8072,36,8072770167
4,7021,36,70218818
4,9533,36,95333387
4,7219,36,721947540
4,4017,36,401719367
4,4799,36,4799018055
4,1270,36,12705603625
4,7052,36,70523750119
4,5442,36,544238442
4,2846,36,284694
4,9785,36,978534054
4,9283,36,9283600
4,3041,36,3041646949
4,3899,36,389974758
4,1729,36,172911063
4,8476,36,847674108
4,2619,36,2619357
4,6767,36,6767808
4,0787,36,07879642381
4,0999,36,099999
4,9812,36,981212243885
4,0491,36,0491725205656
4,0984,36,09846903033
4,0533,36,0533057330
4,3720,36,37200000000
4,6032,36,60323017001
4,2553,36,25536777
4,2059,36,2059538
4,2426,36,2426200
4,5412,36,5412405
4,2901,36,290180
4,4468,36,446842471
4,4929,36,49292904
4,2592,36,2592808168
4,0176,36,01760241
4,2890,36,2890365
4,0343,36,034300
4,1118,36,11181119
4,2502,36,250200
4,2040,36,204053000
4,8816,36,88162008
4,3867,36,38674432355
4,1940,36,19406136909
4,0372,36,037210988
4,4591,36,459172
4,2035,36,2035765492
4,9148,36,914802720110
4,3198,36,3198070
4,1618,36,16183510522
4,2638,36,263830304
4,6683,36,66838604
4,1487,36,1487888
4,1058,36,1058888
4,2179,36,2179888
4,1578,36,1578888
4,4837,35,4837717
4,8775,35,87754982289
4,6633,35,66339167
4,6815,35,6815800
4,6344,35,63445895
4,8893,35,8893180602
4,9161,35,9161765369
4,9090,35,90905054309147
4,9791,35,9791746765
4,6436,35,6436703
4,1523,35,15236875921
4,2108,35,2108888
4,2249,35,2249372
4,3283,35,328352
4,0243,35,02433818845790
4,2717,35,2717230
4,7945,35,79457653963
4,3476,35,3476087
4,8158,35,81587382852
4,9558,35,95588668
4,2056,35,2056485899
4,0905,35,0905175696
4,1756,35,175618289
4,1734,35,17347303904
4,9265,35,926556348889
4,6755,35,6755143
4,6952,35,69527289
4,2045,35,204510300
4,8558,35,85580038
4,3711,35,3711302
4,1446,35,144602
4,1563,35,15638852599
4,8582,35,85823104
4,4521,35,4521191050
4,6121,35,61211204
4,3291,35,32911004
4,4937,35,49370804
4,3837,35,38375604
4,9865,35,986522329889
4,0249,35,024999999
4,9826,35,982612504000
4,8589,35,8589675975
4,2284,35,228414104
4,3977,35,3977147
4,0463,35,046346978
4,8834,35,883431004
4,6331,35,6331866050
4,2584,35,2584497
4,2894,35,289422504
4,8594,35,85943804
4,8268,34,82684511
4,0912,34,091268541
4,5184,34,5184371
4,4531,34,4531259598
4,4186,34,418606
4,2099,34,209912212402
4,4358,34,43589006
4,7106,34,710611474
4,5945,34,594501
4,7342,34,734232448
4,3730,34,373090431
4,4376,34,43767002
4,5813,34,5813885326
4,5507,34,5507999999
4,3704,34,3704728935
4,6112,34,611255686
4,6345,34,634572671
4,1524,34,1524279779
4,5841,34,5841424418223
4,7034,34,7034997172
4,7606,34,7606278
4,1091,34,1091982521
4,6693,34,66930162414
4,8767,34,876771360
4,3061,34,3061939415
4,8057,34,805700
4,1768,34,17688833317
4,4972,34,497266842
4,1689,34,1689074235
4,4060,34,406060767
4,4113,34,411323657
4,8726,34,8726568
4,5178,34,5178039528
4,8454,34,8454533381
4,8887,34,888777
4,1788,34,1788371541
4,7372,34,7372632
4,0754,34,07543469082
4,0228,34,022890876800
4,6994,34,699495
4,5308,34,5308930
4,1854,34,1854883
4,2838,34,283838833
4,1829,34,1829501685045
4,9667,34,966704670981
4,1752,34,17523748
4,8890,34,889026
4,5177,34,5177007
4,8968,34,896836824
4,6710,34,671003
4,3877,34,387701
4,8597,34,859700
4,1130,34,113001
4,8644,34,86444648066
4,5183,34,518300
4,1606,34,160600
4,3632,34,363200
4,3825,34,382508
4,3401,34,34013402
4,1526,34,152602
4,7401,34,7401230031
4,4573,34,457300
4,4562,34,456250
4,2473,34,2473000
4,3740,34,374060
4,6826,34,682682
4,1947,34,194798444
4,3760,34,3760506410375
4,7383,34,73832798967
4,5759,34,57595465
4,3429,34,342991004
4,3637,34,3637114
4,4912,34,491250
4,0485,34,048526221
4,6988,34,6988771050
4,2867,34,2867888
4,1476,34,1476888
4,2493,34,2493888
4,1558,34,1558888
4,9588,34,958888
4,9598,34,959888
4,1849,34,1849888
4,3734,34,3734888
4,8174,33,8174701694
4,9022,33,90222289
4,7711,33,7711085660
4,5487,33,548713947
4,1492,33,14920408
4,7526,33,7526372526
4,7261,33,72613370
4,2829,33,282939304
4,8821,33,882180
4,3808,33,3808892931
4,4836,33,483688355
4,4537,33,4537267
4,6106,33,610613707
4,8812,33,8812222
4,7315,33,731555777
4,9986,33,998669176
4,7129,33,71290790
4,8186,33,8186666661
4,9605,33,9605966109
4,9980,33,998007401818
4,5125,33,512512100
4,5474,33,547459999
4,9603,33,9603257318
4,5374,33,537437918
4,3184,33,318464673
4,5366,33,536605
4,3665,33,3665818
4,4556,33,4556898
4,6573,33,65732263
4,8133,33,81333423242
4,3974,33,3974984
4,5490,33,5490567
4,6571,33,6571711050
4,3696,33,3696045
4,7725,33,77252567976
4,9852,33,9852229000
4,1967,33,1967011800
4,7154,33,71545827782
4,4553,33,45531029
4,6150,33,61506321827
4,7010,33,7010485765
4,3812,33,3812556
4,1207,33,12074002550
4,2689,33,26899999
4,2932,33,293221011
4,2656,33,265600
4,0280,33,028000
4,6400,33,640000
4,5416,33,541654
4,8867,33,886706
4,3700,33,370017
4,0832,33,08326116
4,9494,33,94947676
4,2869,33,286912204
4,0472,33,047272807
4,9142,33,91423391960
4,3705,33,37052790677
4,4205,33,420597904
4,0111,33,01112322512899
4,8031,32,8031908298
4,8141,32,8141942818
4,7065,32,7065949183
4,9732,32,9732181263
4,7206,32,72068666
4,1671,32,16714821071
4,0175,32,01752270026
4,5451,32,54512112
4,9218,32,92187371
4,7553,32,75538790
4,8886,32,888688
4,8857,32,8857676
4,7726,32,772671049
4,8034,32,8034056013
4,1199,32,1199223
4,6044,32,604409390
4,3658,32,3658686
4,4695,32,4695387
4,9274,32,9274381
4,6010,32,601071587
4,1057,32,1057782
4,6720,32,67205888
4,4256,32,42567436
4,8918,32,8918816277
4,7633,32,763349805
4,8977,32,897799388
4,8496,32,84965599718
4,7762,32,7762353535
4,6099,32,60999002
4,9794,32,979407620
4,8168,32,8168828
4,7292,32,729293047
4,9104,32,9104288428
4,6088,32,608801115
4,4712,32,471215246
4,7235,32,7235144
4,7853,32,785372414
4,7014,32,7014633054
4,7781,32,778196234
4,5387,32,5387056561
4,6481,32,648188487
4,7883,32,788306008
4,9787,32,97877222
4,7667,32,766730880
4,6496,32,649699201
4,6836,32,683605613
4,7548,32,754828397
4,7975,32,7975535690
4,5918,32,59187093909902
4,9982,32,99820965179
4,5437,32,543707344
4,5940,32,594000727
4,2398,32,239855
4,3074,32,3074787360
4,3084,32,3084440623
4,3238,32,3238232771
4,3063,32,3063200070
4,1943,32,1943806
4,0549,32,0549986198
4,0742,32,0742845109
4,2956,32,295644520
4,0752,32,0752412342
4,1426,32,1426932610
4,2888,32,288844
4,6844,32,6844245
4,5955,32,595514004
4,0512,32,0512113692
4,0315,32,03157315315
4,3278,32,3278800
4,9690,32,96900000000
4,3970,32,397016104
4,4167,32,4167343
4,7340,32,73400000000
4,2148,32,2148417
4,6835,32,6835353
4,6999,32,6999998
4,4580,32,4580679
4,5425,32,542506070
4,1634,32,163453
4,7230,32,723000
4,1061,32,106111
4,3612,32,361200
4,2392,32,239200
4,0411,32,041118
4,2452,32,245200
4,5207,32,520789
4,1637,32,163789
4,3506,32,350600
4,3239,32,323903
4,5169,32,51695528
4,2465,32,246500
4,3667,32,366788
4,5362,32,536270
4,0462,32,0462430
4,3671,32,3671471
4,4720,32,472000
4,4156,32,415600
4,1472,32,147258369
4,0760,32,07602122022
4,2575,32,257506
4,3561,32,35610041
4,0341,32,03418888878
4,3186,32,3186853154
4,2972,32,2972004
4,3836,32,3836894
4,8590,32,859092
4,5312,32,531211206
4,0453,32,045325968
4,3963,32,3963436
4,2468,32,2468888
4,1934,32,1934888
4,2986,32,2986888
4,2387,32,2387888
4,2432,32,2432888
4,2076,32,2076888
4,1652,32,1652888
4,8090,31,8090000000
4,8742,31,87428940
4,6569,31,6569870197
4,4811,31,48114000
4,9635,31,963539665062
4,3396,31,3396910040
4,8262,31,8262327
4,7820,31,7820777
4,5118,31,51183880
4,8475,31,8475053275
4,9998,31,999888
4,0114,31,01143025603
4,1740,31,17402741835
4,3751,31,3751055
4,3134,31,3134000
4,7097,31,7097756
4,8850,31,8850644
4,1125,31,1125787
4,1285,31,1285494
4,6277,31,6277402
4,3778,31,37788404
4,7508,31,7508745645
4,2295,31,2295370
4,1968,31,1968080200
4,6144,31,61448430342
4,4930,31,493000000000
4,2067,31,2067901165
4,2842,31,2842222
4,9204,31,9204111
4,1798,31,179898
4,4616,31,461670
4,4021,31,402160
4,1739,31,173991
4,1163,31,116300
4,1738,31,173838
4,2092,31,2092502
4,8828,31,8828265436
4,6639,31,66398504
4,2028,31,202859404
4,6319,31,631977902
4,3851,31,38514304
4,2054,31,205471104
4,1843,31,1843888
4,2129,30,2129701132
4,9088,30,9088635608
4,1455,30,1455738860
4,4700,30,47004745038148
4,0812,30,08122647080
4,5435,30,543557768
4,8602,30,8602162810338
4,1175,30,11755410472
4,8018,30,801800
4,6036,30,60361359996
4,5882,30,58829428
4,8596,30,8596270
4,1158,30,1158123
4,8826,30,8826695
4,7030,30,7030778676
4,9483,30,9483600
4,4824,30,4824628
4,6428,30,642853502
4,3766,30,3766849999
4,3179,30,3179692799
4,6263,30,6263734437
4,3786,30,3786990586
4,7675,30,767533672
4,6477,30,647707680
4,7617,30,761731692
4,5884,30,588450919
4,5354,30,535459454
4,5214,30,521455666
4,9948,30,9948137358
4,4844,30,4844184
4,3022,30,3022675842
4,1433,30,143341
4,2472,30,2472306074
4,7590,30,759095495
4,1761,30,17610998331
4,1468,30,1468579254
4,6148,30,614880455
4,5195,30,5195858
4,0617,30,06170617
4,3672,30,367233004
4,6792,30,6792999
4,6266,30,6266388
4,0417,30,041794373553
4,3976,30,397699904
4,7365,30,736558757
4,7321,30,73212419221
4,5418,30,5418364
4,2180,30,218000000000
4,4248,30,4248800
4,6119,30,6119207
4,5421,30,5421180
4,4976,30,497661338517
4,5460,30,5460505
4,4364,30,43640000
4,9217,30,9217262668
4,3960,30,396053000
4,2306,30,230601
4,1688,30,168888
4,8340,30,834000
4,4716,30,471600
4,4143,30,414316
4,2315,30,231500
4,2105,30,2105200235
4,5131,30,513100
4,1784,30,1784907770
4,3079,30,3079696926
4,5829,30,582945402
4,2371,30,2371122
4,6641,30,66417004
4,6248,30,6248806050
4,6659,30,66598204
4,6637,30,66377304
4,6607,30,66070604
4,6648,30,66482904
4,6215,30,62151504
4,2581,30,258132704
4,0469,30,04692221
4,8595,30,859536690067
4,6640,30,66403204
4,4502,30,45027004
4,4572,30,45721604
4,4599,30,45997004
4,4585,30,45852604
4,6251,30,6251405050
4,3557,30,355737904
4,2280,30,2280889
4,8878,30,88786804
4,8516,30,85165504
4,2285,30,228577804
4,6297,30,62977204
4,6334,30,633445502
4,4387,30,438774304
4,6678,30,66789902
4,8505,30,850525
4,8584,30,85844404
4,6624,30,66242104
4,3785,30,378592219933825
4,0412,30,041234567
4,0733,30,0733520790
4,1795,30,17959888
4,1498,30,1498888
4,1547,30,1547888
4,4059,30,4059888
4,1279,30,1279888
4,1290,30,1290888
4,2058,30,2058888
4,1710,30,1710888
4,8099,29,8099449654
4,9632,29,96329730
4,8541,29,85418439
4,9133,29,91339359
4,5326,29,5326341938
4,1658,29,16586143
4,9213,29,92135360214
4,8882,29,888248
4,9909,29,990945
4,5003,29,50036988
4,8603,29,86037155151066
4,8135,29,81355375883
4,6213,29,621344644
4,2816,29,2816848369
4,7932,29,79324730438
4,4960,29,496078399999
4,3957,29,3957869004
4,9673,29,96733224991
4,9722,29,9722603909
4,5880,29,588088888
4,1329,29,132926
4,6646,29,66465541
4,1423,29,14237377333
4,4615,29,4615100
4,8796,29,8796919
4,8108,29,810805157360
4,2718,29,2718690737
4,8128,29,81282894545
4,4575,29,4575505
4,6043,29,604325
4,2125,29,2125307
4,4828,29,4828810
4,1932,29,1932767
4,7464,29,74644275
4,7509,29,7509161656
4,5121,29,5121201
4,5954,29,595452967
4,2095,29,2095748
4,6433,29,6433316
4,9208,29,920888
4,3470,29,3470337351
4,9983,29,99834762
4,4033,29,403353004
4,5392,29,539203335
4,1021,29,102100102
4,2670,29,267001
4,8000,29,800000
4,6977,29,697714
4,3688,29,3688690
4,5163,29,516300
4,6933,29,693301
4,4926,29,49266000
4,2435,29,243501
4,0251,29,0251860
4,5316,29,531600
4,6524,29,652400
4,6465,29,646500
4,4504,29,4504350000
4,1247,29,124757219
4,5331,29,533145630
4,6549,29,6549066050
4,2357,29,235792
4,2814,29,2814991
4,2437,29,2437381
4,6521,29,6521211050
4,8587,29,8587070
4,2469,29,24697050
4,0373,29,037322003
4,7020,28,7020000000
4,8070,28,8070000000
4,8166,28,8166327916
4,8165,28,8165299097
4,8162,28,8162735178
4,7709,28,77090440
4,7427,28,7427106784
4,0586,28,0586487318
4,4265,28,42653040
4,4304,28,43043100
4,٠٥٠٦,28,٠٥٠٦٨٦٠٩٩٠
4,1794,28,1794600
4,6913,28,6913333
4,1129,28,112927
4,8011,28,8011981108
4,9500,28,95003199
4,9107,28,9107838080243
4,3508,28,350888000
4,9012,28,901219
4,0871,28,08716977004478
4,5389,28,5389080
4,7558,28,7558660377
4,5367,28,5367002933
4,6748,28,67488980
4,9930,28,9930934
4,1400,28,1400168
4,7379,28,7379289
4,4154,28,41545412
4,4647,28,46472400
4,2351,28,2351298
4,8930,28,8930497520
4,8098,28,8098442498
4,7231,28,723150774
4,9612,28,961202122
4,1816,28,18164420295
4,5815,28,581544646
4,5199,28,51996012427
4,5902,28,5902329
4,0395,28,03957674
4,9593,28,9593780025
4,5461,28,546111877
4,8308,28,830815
4,1543,28,1543470229
4,2812,28,281202699
4,9526,28,952658984
4,3602,28,360267760
4,7664,28,7664354876
4,1572,28,15724376654
4,6096,28,6096888
4,5130,28,5130337
4,7492,28,7492809
4,5777,28,5777777
4,7600,28,7600262464
4,7435,28,74359693733
4,2983,28,2983601
4,5897,28,589711655
4,4465,28,446546
4,7821,28,78214425177
4,9277,28,927722254
4,3852,28,38528586
4,1577,28,1577338
4,1790,28,179000000000
4,1133,28,1133604
4,2813,28,2813213
4,4797,28,4797688076
4,8001,28,8001743
4,0716,28,0716738644
4,9839,28,9839131401486
4,2481,28,248141
4,2674,28,26744410
4,9823,28,982349541
4,6653,28,665300
4,5164,28,516400
4,8440,28,844000
4,0571,28,057150
4,4220,28,422000
4,3237,28,323700
4,2618,28,261805
4,1643,28,164300
4,5717,28,571737
4,3016,28,301603
4,0531,28,053100
4,2830,28,283077
4,2124,28,212435
4,2722,28,272200
4,4106,28,410600
4,1957,28,19577601
4,6803,28,68031703
4,2770,28,277000
4,1286,28,1286811
4,٠٥٥٦,28,٠٥٥٦٤٧١٩٣٧
4,2753,28,27532512464
4,9273,28,927376648
4,6614,28,66142004
4,8708,28,87082104
4,4947,28,494722
4,8846,28,8846666
4,2298,28,22989970708
4,2044,28,2044888
4,2479,28,2479888
4,1475,28,1475888
4,1486,28,1486888
4,2395,28,2395888
4,2840,28,2840888
4,1421,28,1421888
4,9327,27,93274327
4,9492,27,9492774976
4,3746,27,374652704
4,2996,27,2996229
4,6360,27,63608862
4,2935,27,293560
4,5839,27,583907483
4,5351,27,535133035
4,0534,27,0534518076
4,5337,27,533780065
4,2974,27,2974228868
4,8768,27,87688649457
4,6903,27,69037773
4,4090,27,4090004
4,4596,27,4596138
4,6260,27,6260606
4,7814,27,7814351
4,6645,27,66450557
4,7750,27,77507799303
4,9262,27,9262191112
4,2603,27,26031000
4,2073,27,2073381
4,0360,27,0360914488
4,0161,27,01614286364
4,5348,27,534889222
4,3253,27,325300
4,2705,27,2705789
4,6216,27,621600
4,3417,27,341700
4,6226,27,622600
4,8831,27,88313050
4,1583,27,15832309588
4,3681,27,3681308
4,4062,27,406258804
4,6124,27,612401542998
4,2043,27,204332204
4,1119,27,111966
4,3195,27,31955904
4,8023,26,8023145102
4,3969,26,3969933
4,0741,26,07412328618
4,0801,26,08011986
4,8200,26,82009102
4,2847,26,284721
4,6750,26,67508716
4,3666,26,3666606
4,5840,26,58408799
4,1835,26,18357759757
4,6070,26,60709074
4,3718,26,3718890965
4,6395,26,639504850166
4,9925,26,992586738590
4,1185,26,118582109888
4,5894,26,589491545
4,5812,26,581283399
4,5436,26,543661371
4,7012,26,7012620844
4,8176,26,8176030297
4,7081,26,7081668666
4,7449,26,744933060
4,0102,26,010203
4,8439,26,843965838
4,6731,26,673149276
4,1836,26,18365217236
4,2304,26,2304680
4,2756,26,2756891
4,6951,26,6951868
4,8264,26,8264896
4,7882,26,7882360
4,4088,26,4088349291
4,0121,26,01213314717
4,2579,26,2579491
4,0364,26,03644037391
4,4927,26,492757
4,6941,26,6941489
4,9562,26,9562762193
4,7671,26,7671518
4,5755,26,5755716789
4,6138,26,6138879
4,3732,26,37322404942
4,0662,26,066234968
4,2541,26,25411227188
4,3679,26,3679545
4,4780,26,47802694200
4,3289,26,3289732104
4,6926,26,692648072
4,8789,26,8789813
4,4032,26,4032406
4,5123,26,512352
4,3080,26,308010
4,5165,26,51655165
4,0624,26,062450
4,1922,26,192206
4,0633,26,063300
4,5310,26,531068
4,3425,26,3425071230
4,1900,26,1900200080
4,1700,26,170000
4,0215,26,021500
4,3554,26,355400
4,4650,26,46500559
4,2158,26,2158372280333
4,2832,26,28327167
4,7790,26,7790318253
4,7541,26,7541893566
4,1556,26,1556666146
4,8948,26,8948549763
4,5400,26,540006888
4,6943,26,694345224
4,2207,26,2207000040
4,6261,26,626182
4,4933,26,49333604
4,6618,26,66180804
4,6605,26,660551
4,4307,26,4307623
4,2195,26,219554804
4,4208,26,420837604
4,3814,26,381403004
4,0792,26,079261000965
4,1497,26,1497888
4,1673,26,1673888
4,1679,26,1679888
4,2397,26,2397888
4,2508,26,2508888
4,3723,26,3723888
4,2160,26,2160888
4,3190,26,3190888
4,2080,26,2080888
4,1664,26,1664888
4,1241,26,1241888
4,1769,26,17693574
4,0317,25,031790
4,9726,25,97263743
4,6037,25,60378779911
4,4612,25,46126797281
4,5405,25,540555350
4,3707,25,370719
4,9341,25,9341277
4,7872,25,7872268
4,8156,25,8156699
4,4606,25,4606187
4,8043,25,8043903
4,9577,25,9577168
4,6298,25,6298376
4,9887,25,988760377
4,9344,25,93442997
4,6321,25,632166666
4,9814,25,9814322550
4,4748,25,4748248429
4,9644,25,964447508091048
4,9928,25,99287089495801
4,1933,25,193351
4,7842,25,7842354171
4,1280,25,1280971620
4,8207,25,820705
4,8843,25,8843008
4,4534,25,4534471
4,2675,25,2675986
4,8546,25,85461227798
4,5864,25,586485433
4,5876,25,587614238
4,3050,25,30507460
4,8808,25,88085184
4,3523,25,352367
4,6527,25,652767
4,0920,25,092015
4,0358,25,0358912028100
4,1823,25,18232888
4,9566,25,9566943539
4,5869,25,5869110
4,7938,25,79385054633
4,8713,25,8713616
4,8104,25,810400
4,9686,25,9686725340
4,5820,25,5820418
4,3510,25,3510600
4,2572,25,257200
4,2513,25,251302
4,6184,25,618400
4,2749,25,274900
4,2231,25,223125
4,6359,25,6359022
4,2927,25,2927338
4,6617,25,66170004
4,6679,25,66799604
4,8532,25,85323004
4,6690,25,66904604
4,8552,25,85525604
4,6236,25,62369504
4,3875,25,38754404
4,3813,25,38133604
4,3847,25,38474404
4,9742,25,9742108
4,8581,25,85814604
4,3992,25,399229804
4,3908,25,390815736582
4,6817,25,681777702
4,3597,25,359744404
4,3920,25,392082533
4,4970,25,497031274990
4,8515,25,85154704
4,3199,25,319913
4,8847,25,88476604
4,2198,25,21988202
4,8570,25,85708504
4,6517,25,6517655050
4,8521,25,85214304
4,8578,25,85785804
4,2549,25,25498904
4,8261,24,82614377657
4,7805,24,7805662293
4,5364,24,5364858391
4,9147,24,914716614300
4,6157,24,6157511
4,4124,24,41245441
4,9023,24,9023077291
4,0511,24,05111998
4,8480,24,848000
4,4052,24,405214500
4,3646,24,3646403
4,3686,24,3686806
4,2943,24,2943888
4,8013,24,8013711
4,7128,24,7128887
4,4614,24,4614002
4,2598,24,2598763
4,5139,24,5139988
4,8561,24,8561580
4,8543,24,8543668
4,9097,24,90973378
4,5143,24,5143585888
4,8025,24,8025360168
4,3601,24,3601289046
4,7546,24,754658666
4,7273,24,7273188
4,7694,24,769469125
4,7940,24,7940147237
4,7837,24,7837106688
4,7621,24,762120623
4,9975,24,99752609
4,8086,24,8086101149
4,5732,24,573212266370
4,4987,24,4987754398
4,9305,24,930559581065
4,7537,24,753710090
4,5194,24,51945990526
4,4237,24,4237912077
4,3771,24,3771010101010
4,9855,24,9855400008
4,5321,24,532136502
4,3203,24,3203202717
4,4055,24,4055801
4,9051,24,905129161
4,3794,24,379460473
4,8785,24,8785090
4,4278,24,4278731
4,8219,24,8219999
4,6629,24,6629777
4,5984,24,5984411
4,9270,24,927026035461
4,6715,24,6715903
4,9214,24,9214547473
4,4114,24,411499
4,7091,24,7091875549
4,1622,24,16224888
4,6313,24,6313101
4,7613,24,7613176
4,8225,24,8225689
4,3225,24,3225218866
4,4005,24,40050064
4,4661,24,4661619
4,5481,24,5481004
4,6579,24,6579790
4,4539,24,4539693
4,6466,24,6466900
4,5816,24,5816451
4,9933,24,99339393
4,1083,24,1083888
4,1402,24,14026011873
4,0602,24,0602624537
4,4308,24,43089154
4,4046,24,4046404
4,4284,24,42847988
4,6035,24,6035252
4,4745,24,474500
4,5302,24,530226
4,6101,24,610100
4,2391,24,2391601
4,4027,24,402760
4,4196,24,419600
4,6370,24,637000
4,0170,24,017000
4,0515,24,051530
4,6160,24,61600356
4,3177,24,317777
4,2925,24,292501
4,3518,24,3518000
4,4631,24,463100
4,5606,24,560642
4,7888,24,7888090
4,2421,24,242113
4,6942,24,6942010
4,8740,24,8740928
4,0446,24,0446310018
4,1127,24,112700
4,1969,24,1969426
4,6397,24,639759221498
4,1758,24,1758083805
4,2138,24,2138183912
4,9952,24,99529907
4,9246,24,9246550097
4,5008,24,50083349
4,1677,24,1677650
4,0708,24,07081511
4,2941,24,2941234
4,3912,24,391220504
4,4597,24,459785856
4,4544,24,454420
4,3966,24,396654404
4,3769,24,37692804
4,2724,24,272477004
4,1993,24,1993888
4,3516,24,3516888
4,6195,24,6195860676
4,4188,24,4188888
4,1459,24,1459888
4,2487,24,2487888
4,1549,24,1549888
4,1297,24,1297888
4,1047,24,1047888
4,1174,24,1174888
4,2757,24,2757888
4,1648,24,1648888
4,5792,24,5792888
4,2358,24,2358888
4,2159,24,2159888
4,9428,24,942888
4,9028,24,902888
4,1196,24,1196888
4,9468,24,946888
4,9508,24,950888
4,9628,24,962888
4,1074,24,1074888
4,1092,24,1092888
4,7111,23,7111989
4,0288,23,028835053
4,7291,23,7291509
4,9829,23,9829328
4,9280,23,92808088
4,8004,23,8004738
4,7741,23,7741726298
4,8486,23,8486655
4,9741,23,97417906
4,7729,23,7729993334
4,3039,23,3039295009
4,3862,23,386299301
4,6935,23,69359777
4,7851,23,78517965
4,8514,23,85142894935
4,7889,23,7889681
4,5391,23,5391868
4,0996,23,099648434
4,6228,23,6228201
4,8863,23,8863140
4,5409,23,540925223
4,5896,23,589698562
4,6930,23,6930504
4,9528,23,952888
4,7971,23,7971284804
4,8499,23,849904
4,0579,23,05791860
4,0715,23,071500
4,9803,23,980301
4,4094,23,409410
4,0658,23,065800
4,9166,23,9166502192020
4,2997,23,29977443
4,6028,23,60285608
4,3733,23,373315
4,6672,23,66724504
4,4126,23,412668
4,3065,23,30654070
4,2919,23,2919125987
4,7720,23,772011
4,2286,23,22863804
4,2889,23,288990804
4,9431,22,9431466544
4,1264,22,126480534
4,5007,22,500740888
4,7545,22,7545338062
4,7758,22,7758927
4,6558,22,65582786
4,2415,22,24150000
4,4305,22,43053661
4,0782,22,07828690203
4,3753,22,375333503723
4,8112,22,811221
4,8734,22,8734691
4,7869,22,7869090
4,7736,22,7736059
4,8151,22,815158199
4,5960,22,5960000055
4,3860,22,3860616176
4,3861,22,3861010101010
4,5376,22,537633619
4,5857,22,585767680
4,1344,22,1344441
4,1518,22,15186353050
4,0837,22,0837458693
4,3046,22,304692
4,1040,22,1040489030
4,1884,22,18842708236
4,9996,22,9996826763
4,8807,22,8807956
4,7648,22,7648344
4,5833,22,5833129
4,2928,22,2928918
4,7857,22,7857362096
4,4322,22,4322700
4,8249,22,824977323
4,0789,22,07896682555
4,6158,22,6158066
4,6777,22,6777555
4,3398,22,339866
4,8212,22,8212830
4,6604,22,6604229
4,3793,22,3793239
4,3662,22,366208104
4,2586,22,2586433
4,6706,22,6706091
4,4267,22,42679995
4,8512,22,85120104
4,5311,22,53110206
4,0611,22,061100
4,6572,22,657200
4,2792,22,279285
4,3900,22,390000
4,4382,22,438200
4,6116,22,611621000
4,3660,22,366087
4,5306,22,530602
4,2936,22,2936000
4,1255,22,1255102
4,2053,22,205302
4,4135,22,413522
4,6424,22,642450
4,0717,22,071700
4,2536,22,253601
4,1260,22,126000
4,0209,22,020988
4,2532,22,253200
4,3011,22,301102
4,3693,22,369369
4,3296,22,329610041
4,1699,22,16991206
4,1955,22,1955159070
4,9306,22,930610584
4,2898,22,2898786447
4,6132,22,6132617890
4,9559,22,9559327082
4,7947,22,7947758880
4,3761,22,37616311
4,5359,22,5359993
4,4932,22,493223
4,5384,22,538455506
4,3407,22,340792204
4,7400,22,7400745
4,2447,22,244755056
4,4044,22,4044595
4,7382,22,73822532727
4,0458,22,045866682
4,3197,22,319760104
4,6535,22,6535559050
4,0449,22,044960777
4,6518,22,6518185050
4,6638,22,66387404
4,3762,22,37623762374903
4,1837,22,18378888
4,1855,22,18550888
4,1937,22,1937888
4,4185,22,4185888
4,4198,22,4198888
4,4890,22,4890888
4,4172,22,4172888
4,2758,22,2758888
4,1295,22,1295888
4,2066,22,2066888
4,2594,22,2594888
4,6343,21,6343140
4,9259,21,92599689632
4,4587,21,458732
4,3548,21,3548960304
4,5485,21,548547859
4,5826,21,582649135
4,9866,21,9866882822
4,7809,21,7809409762
4,7739,21,773981
4,1095,21,1095409094
4,3107,21,3107050
4,7127,21,7127983
4,0664,21,06643905585
4,4153,21,4153858
4,3613,21,3613241
4,7381,21,73812318229
4,6726,21,6726508
4,9450,21,94500000000
4,7543,21,7543469082
4,9257,21,92575479135
4,5479,21,5479094
4,8836,21,883600004
4,7570,21,7570179
4,3507,21,3507518
4,8822,21,8822558
4,0474,21,047474
4,9320,21,93200000000
4,6823,21,6823434
4,4908,21,490872
4,0927,21,092743091
4,5465,21,546565
4,3419,21,341900
4,4671,21,467143
4,2441,21,244100
4,4034,21,403404
4,2522,21,252201
4,6628,21,66286363
4,4084,21,408400
4,6807,21,6807800
4,8327,21,8327666366
4,7212,21,721299903
4,9692,21,9692205
4,9039,21,9039876
4,3594,21,3594131
4,3553,21,355333604
4,4563,21,4563212121
4,4991,21,49911804
4,6938,21,69388404
4,6507,21,6507556050
4,2723,21,272333304
4,4087,21,408794591
4,3280,21,3280010
4,3576,21,35761604
4,2676,21,267698904
4,2149,21,214962004
4,1686,21,1686888
4,2164,20,2164281100
4,7955,20,7955145003
4,0598,20,0598516488
4,4240,20,42405050
4,9405,20,94055438234
4,5336,20,533634553
4,5473,20,547380456
4,6905,20,690557302
4,6076,20,607608
4,5208,20,520888168
4,9932,20,993286621
4,9924,20,9924247
4,8903,20,8903888
4,8053,20,8053801
4,3025,20,3025615
4,5957,20,5957808
4,9093,20,90933923
4,9797,20,97973132
4,7880,20,7880013
4,7544,20,7544188
4,7159,20,7159168
4,6824,20,6824259
4,6758,20,6758850
4,1665,20,1665156
4,4781,20,4781462
4,4704,20,4704890
4,4582,20,4582966
4,1763,20,1763218
4,4277,20,4277113
4,6589,20,6589030
4,4209,20,42099199
4,8946,20,8946173999
4,4291,20,42913428
4,6087,20,6087777
4,6766,20,67663812
4,8913,20,8913905810763
4,4899,20,48994837
4,9760,20,97600517
4,4096,20,409677771
4,8319,20,8319060217
4,4893,20,48938117
4,6396,20,63960886
4,7087,20,708717777
4,2569,20,256991213
4,5956,20,5956762921
4,4705,20,470547035
4,9776,20,97761394
4,9035,20,90353459
4,6178,20,61787868
4,8604,20,8604746040
4,5878,20,5878161973
4,3051,20,3051198618
4,8901,20,8901036441
4,8908,20,8908373727
4,6485,20,648564932
4,9881,20,988134500598
4,8374,20,837458693
4,7428,20,742845109
4,8555,20,855519330
4,8205,20,820573826
4,7524,20,752412342
4,5988,20,598852990
4,٠٠٢٠,20,٠٠٢٠١١٥٧٩٤٢٦٧١
4,9057,20,9057000000
4,0578,20,0578306071
4,0596,20,0596588003
4,0820,20,0820573826
4,6020,20,602000
4,4992,20,4992797
4,6479,20,647905928459
4,8122,20,8122597
4,3104,20,3104032
4,7036,20,7036335
4,6940,20,6940074
4,6516,20,6516981
4,4584,20,4584577
4,8280,20,8280990
4,6234,20,6234898
4,9860,20,986096000035
4,3964,20,39649457
4,3659,20,36599449864
4,2319,20,231974
4,4045,20,4045807
4,1198,20,11988888
4,7165,20,716586
4,7510,20,75104600750
4,7865,20,78655354048
4,8777,20,87773020580
4,6257,20,625745
4,7810,20,78100000000
4,8710,20,8710000000
4,4099,20,409999
4,0990,20,099000599
4,6009,20,60092212275804
4,7884,20,7884511
4,7801,20,7801000816
4,9498,20,949888
4,7202,20,72026390
4,4868,20,4868313
4,0730,20,073000
4,8614,20,8614259744689
4,5146,20,514600
4,3135,20,313500
4,9001,20,900114
4,4660,20,466000
4,1224,20,122400
4,1789,20,178998
4,2999,20,299913301
4,0727,20,072751
4,0537,20,05370537
4,1081,20,108105
4,6342,20,6342101100
4,3038,20,3038100088
4,0482,20,048205
4,1099,20,109999
4,3209,20,3209501
4,6200,20,62001990
4,0714,20,0714114
4,3628,20,362805
4,6183,20,618300
4,0452,20,045200
4,2599,20,2599566
4,2081,20,208136
4,2079,20,207908
4,8350,20,835000
4,6357,20,635700
4,6371,20,637102
4,8231,20,823100031
4,3255,20,325509
4,3999,20,39999221
4,1579,20,1579315
4,5365,20,536581735
4,1639,20,16399972424
4,3057,20,305793456
4,5172,20,5172921333
4,6202,20,62026004
4,6312,20,63121604
4,9394,20,93944262
4,6453,20,64534204
4,6602,20,66023704
4,6642,20,66425704
4,8709,20,87096004
4,8704,20,87045704
4,4931,20,49316604
4,4990,20,49900104
4,8870,20,88700704
4,4826,20,48264504
4,8557,20,85575604
4,3843,20,38433004
4,6919,20,691900
4,3872,20,38722304
4,6039,20,6039066050
4,3890,20,38906004
4,3565,20,35656275777455
4,0408,20,040864
4,0413,20,041379285
4,0352,20,0352621495940
4,4964,20,496431971889
4,0925,20,09256811991
4,0487,20,048777881
4,6034,20,60342576739
4,6916,20,69161004
4,0781,20,07818852327
4,6958,20,695842
4,0477,20,047702611
4,0489,20,048996555
4,2276,20,2276656
4,4569,20,456929
4,4595,20,45952304
4,4507,20,45078304
4,3873,20,387336
4,3558,20,355876604
4,6324,20,63245504
4,6606,20,66063904
4,6676,20,667666602
4,6928,20,692811223691
4,6224,20,62247304
4,4928,20,49281104
4,4938,20,4938987050
4,0402,20,04026307
4,9835,20,983515225291
4,6964,20,69644104
4,6993,20,69938304
4,6339,20,63397704
4,8509,20,85099004
4,6164,20,61647604
4,6855,20,685564604
4,8591,20,85913404
4,0688,20,068838368
4,5721,20,572150806
4,4984,20,498432
4,2593,20,2593888
4,2458,20,2458888
4,2835,20,2835888
4,2980,20,2980888
4,1449,20,1449888
4,1287,20,1287888
4,2467,20,2467888
4,1945,20,1945888
4,2194,20,2194888
4,1751,20,1751888
4,8417,19,84171751992
4,0595,19,0595452967
4,8039,19,8039668405
4,8798,19,87984270
4,8288,19,82880806
4,9456,19,94562847
4,8226,19,82260620
4,9879,19,98799511
4,8748,19,87481320
4,9693,19,96930120
4,8299,19,82996960
4,9761,19,97619122
4,9047,19,90478379
4,8607,19,8607567763665
4,6669,19,66694471
4,9080,19,908000
4,7462,19,7462652576
4,0628,19,0628424462
4,8314,19,83142225475
4,4738,19,4738386
4,8731,19,8731006
4,8432,19,8432437
4,8976,19,8976958
4,8892,19,8892060
4,5765,19,5765368
4,4777,19,477747353
4,9455,19,9455733
4,9415,19,9415911
4,6303,19,6303002
4,4699,19,469919549835
4,6381,19,6381295
4,4623,19,4623642
4,4953,19,4953607
4,4925,19,4925252
4,6467,19,6467241
4,7490,19,7490142
4,6911,19,6911242
4,4548,19,4548865
4,1193,19,1193888
4,7764,19,7764576034
4,9591,19,9591067473
4,8732,19,87329161
4,9215,19,92152563843
4,3713,19,371375
4,6668,19,666888
4,0475,19,047500
4,6130,19,613000
4,2975,19,29753253600
4,0770,19,077077
4,7440,19,74400020
4,4911,19,49116011
4,2730,19,273000
4,0257,19,02579646
4,6415,19,641500
4,6330,19,6330158
4,0138,19,013805944353
4,8144,19,8144466
4,6107,19,610730
4,3716,19,371602
4,7886,19,788696
4,0406,19,040623
4,1298,19,1298946
4,6677,19,6677210
4,7615,19,761566603
4,7473,19,74732561098
4,7493,19,74932380337
4,9149,19,914972711043
4,1624,19,1624964606
4,2729,19,272911104
4,1924,19,1924500328
4,6814,19,681414602
4,5404,19,5404004
4,0212,19,021257582728
4,6317,19,6317377
4,1148,19,114850536
4,8851,19,88515404
4,3189,19,31899504
4,2329,19,232900904
4,0780,19,07808294706
4,7043,18,70432750
4,7243,18,72433128
4,6053,18,6053100
4,6352,18,63523100
4,6791,18,67919810
4,6861,18,68614400
4,6891,18,6891436
4,7218,18,72182601111
4,7418,18,7418520001
4,8089,18,8089115
4,8960,18,896008
4,6908,18,690876972
4,5925,18,592552055
4,5469,18,546967010
4,9954,18,99541877
4,9048,18,9048451234
4,9878,18,987801285053
4,3088,18,3088798854
4,0855,18,0855519330
4,4001,18,400114
4,1319,18,1319855
4,1783,18,17832211820
4,8436,18,8436725469
4,8450,18,845013586
4,9480,18,948029381
4,8224,18,822414816
4,7479,18,747968538
4,4136,18,413613636
4,7149,18,714953454
4,8963,18,896345876
4,7826,18,782682180
4,1093,18,1093618125
4,9643,18,964388725
4,9769,18,976987947
4,2951,18,2951636
4,3664,18,3664924
4,3879,18,3879012182
4,8267,18,8267070
4,4846,18,4846000
4,1828,18,1828744
4,9458,18,9458855
4,7944,18,7944477
4,1747,18,17474777777
4,7959,18,7959376352
4,4171,18,4171701
4,1667,18,1667056
4,7850,18,7850030252
4,4779,18,47793459383
4,1684,18,1684294482
4,1422,18,14228166
4,4821,18,48211104
4,9240,18,924029494
4,5162,18,516200
4,8501,18,850155
4,2325,18,232531
4,2747,18,274700
4,0731,18,073198
4,1772,18,1772702
4,2031,18,2031301
4,4193,18,419300
4,4002,18,400200
4,5243,18,524300
4,6820,18,68204210011
4,2741,18,274117
4,8230,18,82302200444
4,8823,18,8823697
4,1053,18,105318
4,4183,18,418300
4,2655,18,265500
4,5459,18,545900
4,0253,18,025350
4,9281,18,92812835694
4,6907,18,690713
4,9804,18,9804570840
4,6782,18,6782481435
4,5770,18,577047901
4,7554,18,755454
4,5920,18,592000118
4,5508,18,550828250
4,5352,18,535290342
4,5950,18,595006005
4,3922,18,392296386
4,6401,18,64012204
4,6811,18,68118904
4,6227,18,6227777
4,7624,18,7624069
4,6061,18,6061111
4,4549,18,45497704
4,8852,18,885298362240
4,3055,18,3055565
4,4840,18,4840042
4,2093,18,20932305034
4,1488,18,1488888
4,1490,18,1490888
4,1992,18,1992888
4,1244,18,1244888
4,2309,18,2309888
4,1741,18,1741888
4,8858,18,885888
4,9348,18,934888
4,1640,18,1640888
4,1275,18,1275888
4,3281,18,3281888
4,7859,17,78599571
4,5889,17,588991551
4,8059,17,8059134550
4,3927,17,3927031
4,6217,17,6217689
4,3898,17,3898999
4,2106,17,2106668
4,9288,17,9288000
4,2591,17,2591000000
4,6858,17,68583704
4,4905,17,49051904
4,7276,17,727653024
4,7539,17,753932702
4,7487,17,74872316952
4,7749,17,774959127577
4,6292,17,6292905
4,6992,17,6992881
4,7813,17,7813764075
4,4275,17,42752900
4,4192,17,41925230399
4,7979,17,7979001769
4,7525,17,7525042169
4,7602,17,760253559
4,5343,17,534342789
4,7142,17,7142820749
4,3635,17,363515122
4,0467,17,04672474563
4,3727,17,372700
4,8140,17,81400000
4,0623,17,062350
4,5951,17,595139
4,3641,17,364109
4,7175,17,717500
4,6172,17,617206
4,6650,17,665000
4,0418,17,0418510
4,7434,17,743403033
4,8507,17,8507366
4,6971,17,6971632
4,6536,17,6536412050
4,0484,17,048480426
4,8494,17,84940126
4,2498,17,24985314951
4,8250,17,825000
4,3657,17,365790004
4,3680,17,3680202
4,3293,17,329329004
4,9708,17,97082474920
4,2971,17,297121204
4,3995,17,399554404
4,3070,16,30704977
4,4977,16,497794756635
4,9063,16,9063333
4,9296,16,929689632797
4,5406,16,540649363
4,7948,16,7948888
4,4809,16,48094000
4,8465,16,84655445787888
4,9596,16,9596111395
4,7246,16,72461461
4,7082,16,708250004
4,7009,16,700900
4,1208,16,120802
4,8237,16,823722491
4,5994,16,599449896
4,5827,16,582765120
4,7035,16,7035850172
4,8328,16,8328115925
4,9734,16,973444344
4,8272,16,8272403
4,8383,16,8383983
4,3091,16,3091281441
4,8793,16,8793883
4,2578,16,257836773906
4,5340,16,5340745
4,3755,16,3755369
4,7706,16,7706825
4,6363,16,6363323
4,7362,16,7362306
4,6190,16,6190999
4,8430,16,8430838
4,7337,16,7337750663
4,9024,16,902463326
4,4629,16,462966649
4,1597,16,15972888
4,1654,16,16543888
4,0590,16,0590484899
4,5860,16,586000000
4,7332,16,7332907543
4,5453,16,545334723
4,8780,16,8780933
4,8191,16,8191019998902
4,0975,16,097525229
4,0310,16,03102033158
4,7730,16,77300000000
4,9570,16,9570000000
4,4287,16,42879393
4,4020,16,4020640
4,7227,16,722728448
4,6843,16,6843095
4,8965,16,89653353675
4,2170,16,2170721
4,0600,16,0600600
4,4743,16,4743730
4,6155,16,615541415464
4,0160,16,016040
4,2521,16,2521687
4,4013,16,401320
4,7190,16,719000
4,3274,16,327400060
4,7460,16,746000
4,3308,16,330800
4,4015,16,401520
4,4014,16,4014148
4,2042,16,204214434
4,8332,16,833200
4,4725,16,472541
4,5381,16,538100
4,1611,16,16111613
4,7152,16,715200
4,5428,16,542800
4,2406,16,2406650092
4,0740,16,074000
4,0214,16,021400
4,8885,16,88854999
4,0514,16,0514114
4,6380,16,638000
4,4006,16,4006695566
4,5303,16,5303344
4,2794,16,2794601
4,6431,16,643100
4,2589,16,258901
4,0577,16,057788888888
4,5424,16,542400
4,1145,16,1145200051
4,1445,16,144501
4,5173,16,517300
4,2175,16,217544
4,5724,16,572400
4,2339,16,23398777
4,8005,16,800504
4,1183,16,118300
4,4164,16,41641197455066
4,6772,16,67721000
4,2985,16,2985108
4,1691,16,169169
4,6724,16,672401
4,8544,16,854452
4,1782,16,1782700182
4,1435,16,1435127299
4,8252,16,8252320
4,3096,16,3096467093
4,3092,16,3092587528
4,5848,16,5848482
4,٠٧٨٦,16,٠٧٨٦٤١٨٢٢٨
4,5355,16,535555303
4,8097,16,809718954
4,0347,16,03472208213
4,9276,16,927675330
4,6806,16,6806050
4,7341,16,73412780666
4,4758,16,475825255
4,6948,16,6948324050
4,5196,16,519651050
4,3372,16,337233004
4,2094,16,2094840
4,4952,16,49520504
4,5339,16,53396404
4,7145,16,7145888744
4,3108,16,3108172
4,2413,16,2413094
4,3166,16,31665904
4,2978,16,2978118
4,6848,16,68488004
4,2049,16,2049888
4,2071,16,2071888
4,3273,16,3273888
4,3261,16,3261888
4,5341,16,5341888
4,1736,16,1736888
4,4735,16,47350316
4,2755,16,2755888
4,2900,16,2900888
4,3772,16,3772888
4,8736,16,873664349
4,0187,16,01879189714
4,9078,16,907888
4,9138,16,913888
4,1087,16,1087888
4,2897,16,2897888
4,2904,16,2904888
4,2178,16,2178888
4,3269,16,3269888
4,3282,16,3282888
4,2338,16,2338888
4,3702,16,3702888
4,5456,16,5456888
4,2483,16,2483888
4,7819,15,781980
4,9648,15,964868
4,5818,15,581899244
4,8609,15,860922
4,8458,15,8458390992
4,7361,15,736101331
4,9949,15,9949084466
4,٠٦٩٥,15,٠٦٩٥٧٩٠٨٨٨
4,0616,15,0616764359
4,9445,15,944503263400
4,9623,15,96235987
4,4617,15,4617758
4,7584,15,7584851
4,7146,15,7146415
4,6523,15,6523332
4,2157,15,2157898
4,6644,15,66444464
4,6595,15,659582
4,7572,15,7572171
4,7414,15,741432775010
4,4231,15,4231865
4,9267,15,9267023
4,7642,15,7642799
4,7506,15,750617
4,5477,15,5477353
4,7398,15,7398268
4,9992,15,9992000
4,4342,15,43422272
4,8083,15,808301
4,7433,15,743300
4,2533,15,253306
4,2811,15,281181
4,0713,15,071300
4,2337,15,233700
4,4625,15,462500
4,6770,15,677000
4,4026,15,402675
4,4254,15,425427100011
4,6698,15,669876
4,8221,15,82210000
4,0615,15,061500
4,3853,15,385310012
4,5174,15,517400
4,9964,15,9964699542
4,7892,15,789266808425
4,6969,15,69691904
4,6901,15,69018904
4,7828,15,782814203
4,6268,15,62685204
4,6902,15,69020804
4,6909,15,69095004
4,4974,15,497459
4,6137,15,61376004
4,3855,15,385562
4,4936,15,49363404
4,4904,15,49049804
4,4593,15,45936404
4,6114,15,6114455050
4,8047,15,804740204
4,4817,15,4817280050
4,0115,15,01158465375
4,9836,15,983614456187
4,7672,15,767299403
4,9319,15,931993
4,9863,15,986314453314
4,7838,15,783812780237
4,9641,15,96417183838
4,7641,15,764116603
4,9125,15,9125227075
4,7170,15,717017259344
4,3931,15,393152104
4,6323,15,632335502
4,4820,15,4820854
4,4822,15,4822663899807
4,8551,15,8551150
4,8554,15,855404599210
4,7132,15,7132709405
4,6265,15,6265287
4,7358,15,735888707
4,4918,15,491884804
4,8835,15,883557704
4,6953,15,69533604
4,7143,15,7143906411
4,6027,15,6027903393
4,8548,15,85488504
4,2945,15,294544404
4,4906,15,49061304
4,6062,15,606204104
4,6985,15,6985350050
4,4988,15,4988908050
4,3840,15,38405504
4,2958,15,295816104
4,6506,15,6506310
4,7147,15,7147778890
4,3874,15,38743904
4,6759,15,6759778050
4,6825,15,68254104
4,3394,15,3394808
4,6295,15,62958704
4,7935,15,793507
4,6917,15,69172804
4,0495,15,049523450
4,8924,15,89240904
4,8749,15,87497404
4,6929,15,69292404
4,8508,15,85087304
4,8840,15,88409804
4,6315,15,63157004
4,8545,15,854535859294
4,6439,15,64396104
4,6122,15,61228704
4,8566,15,85661404
4,6963,15,69636304
4,6136,15,613612602
4,6237,15,62370404
4,7829,15,782996803
4,9833,15,983316681922
4,7402,15,740220191
4,8827,15,8827482
4,0473,15,047356416
4,0746,14,07462290991
4,9514,14,951401064
4,5327,14,532772213
4,5783,14,578306071
4,9696,14,9696335890
4,8027,14,8027336387
4,3047,14,3047940566
4,1841,14,18410440977
4,7022,14,7022068
4,4643,14,4643705
4,8385,14,8385888
4,9513,14,9513949
4,6887,14,6887021
4,2185,14,2185586
4,7552,14,7552273
4,3697,14,3697772
4,6813,14,6813684
4,3661,14,3661492
4,6270,14,6270270
4,6064,14,6064327
4,8583,14,8583268
4,1149,14,11490888
4,4845,14,4845662
4,6232,14,6232304
4,9805,14,980504760908
4,6373,14,6373088
4,8006,14,8006920
4,9245,14,9245983
4,6173,14,6173738
4,4697,14,4697121
4,6829,14,6829882
4,6537,14,6537776
4,4689,14,4689778
4,6468,14,6468737
4,8876,14,8876376
4,8209,14,8209698
4,4066,14,4066900
4,1195,14,1195888
4,9608,14,960888
4,9256,14,92563406900
4,8442,14,844246364
4,5407,14,540719947
4,4731,14,4731561
4,8498,14,84983591057
4,5422,14,542211
4,6230,14,62304299
4,3846,14,38468008
4,8717,14,871794
4,2574,14,257400
4,7724,14,772400
4,0636,14,063600
4,4663,14,466300
4,0361,14,036160068
4,5715,14,571500
4,1032,14,103210000
4,5718,14,571833
4,0461,14,046102
4,6881,14,688102
4,3309,14,3309066
4,2385,14,23851002
4,6362,14,636250
4,8540,14,85400010
4,5307,14,530715
4,6867,14,686709
4,6920,14,692000
4,6432,14,643200
4,4538,14,453800
4,8277,14,82770707
4,0275,14,027518
4,8503,14,850322
4,3894,14,38948264
4,6862,14,686283
4,7116,14,711688
4,6162,14,616263
4,0745,14,07455512655
4,5906,14,590690400198
4,7923,14,79237241505
4,7520,14,752003
4,7686,14,768611103
4,6885,14,6885653011684
4,4967,14,496775
4,4030,14,403030004
4,5744,14,5744365
4,4875,14,487582
4,9882,14,9882188820118
4,6528,14,6528899050
4,5385,14,5385174
4,1853,14,18530888
4,2039,14,2039888
4,0226,14,02264260
4,2804,14,28042014
4,0829,14,0829248005
4,6978,14,697888
4,4863,14,4863888
4,1135,14,1135888
4,6048,14,6048888
4,2617,14,2617888
4,3788,14,3788887
4,5741,14,5741179
4,6486,14,6486843
4,9976,14,9976262
4,1496,14,1496888
4,2703,14,2703888
4,1527,14,1527888
4,2419,14,2419888
4,3270,14,3270888
4,4108,14,4108888
4,1799,14,1799888
4,3781,14,3781888
4,2098,14,2098888
4,2918,14,2918888
4,2808,14,2808888
4,7612,14,761267210
4,7784,14,77843236241
4,1744,14,1744888
4,1927,14,1927888
4,1243,14,1243888
4,5506,13,55060026
4,0709,13,070977
4,1050,13,10501800775
4,7476,13,7476408404
4,5509,13,550922768
4,8084,13,8084288449
4,7447,13,7447447246
4,8062,13,8062809500
4,2806,13,2806095
4,8137,13,8137010870
4,6765,13,6765356
4,6783,13,6783985
4,9844,13,9844030831
4,7297,13,7297972046
4,7107,13,7107568
4,7703,13,7703706
4,6283,13,6283830697477
4,5186,13,5186027
4,4627,13,4627905
4,6493,13,649397993
4,7974,13,79747017
4,7505,13,7505456444
4,7529,13,7529115052
4,7555,13,75556860
4,7295,13,72951303107
4,9525,13,952590250
4,0393,13,0393440663370
4,0131,13,013174742198
4,4798,13,4798888977
4,7651,13,7651834012
4,4788,13,4788978
4,5318,13,5318889
4,9207,13,92075701
4,0619,13,06199181144
4,6022,13,6022075
4,7302,13,7302037
4,7284,13,7284388
4,0785,13,07852106817
4,7816,13,7816525615
4,1429,13,1429869893
4,7773,13,7773343263
4,7808,13,7808168898
4,9212,13,921255051
4,3284,13,3284119
4,6204,13,620460
4,7110,13,71100025
4,4082,13,408200
4,3582,13,358200
4,0663,13,066311
4,4142,13,414203
4,7185,13,718500
4,4768,13,476877
4,8003,13,800388
4,3193,13,319320
4,5714,13,571400
4,0223,13,022365
4,6789,13,678910
4,4993,13,499341895990
4,0158,13,01582415697
4,9202,13,920215830392
4,2754,13,27546399450
4,7894,13,789427
4,9798,13,979896559958
4,6349,13,634959671
4,4187,13,418748374
4,8192,13,81924065657
4,5328,13,532867089
4,7673,13,767300
4,7181,13,718128
4,0667,13,0667726
4,9782,13,9782181
4,5743,13,574388806
4,1138,13,113896518
4,9392,13,9392316
4,7117,13,711711
4,7430,13,7430822
4,6327,13,63274004
4,2074,13,2074950377
4,4973,13,49734704
4,3182,13,31828202
4,2184,13,218450
4,9935,13,993501
4,5346,13,534663489
4,3578,13,357800004
4,6407,13,6407063
4,3148,13,31481904
4,3275,13,327541217
4,2795,13,2795222020433
4,2453,13,2453344
4,6888,13,68881504
4,7644,13,7644606050
4,9567,13,956735521
4,6426,13,642609349
4,1176,13,1176888
4,6093,12,609370593
4,3054,12,3054611346
4,4375,12,43757522
4,0857,12,0857215581
4,8082,12,8082786
4,1217,12,121706
4,8495,12,84959203736
4,0819,12,081972
4,5257,12,525720703
4,2041,12,2041979
4,7013,12,7013477512
4,5823,12,582348381
4,7051,12,7051007100
4,7993,12,7993466
4,0767,12,0767533672
4,0133,12,0133477066
4,0126,12,0126767717
4,0629,12,0629601270
4,5907,12,5907075
4,9549,12,9549344760
4,5209,12,5209954
4,4723,12,4723021
4,8409,12,8409358
4,1065,12,1065212
4,7569,12,7569756
4,1069,12,1069610
4,5448,12,5448843
4,7307,12,7307251
4,7628,12,7628720
4,8474,12,8474096
4,8119,12,8119750
4,1187,12,11878888
4,1177,12,11773888
4,6729,12,67296917
4,7715,12,77152420843
4,7456,12,74565465465
4,3588,12,35889063
4,0575,12,057593
4,4632,12,46320231
4,9025,12,9025423
4,3093,12,30932599
4,6403,12,6403941
4,8222,12,8222247
4,1629,12,1629249
4,2443,12,2443414
4,3726,12,3726911913
4,1767,12,17672778399
4,0144,12,01449612033
4,4312,12,43123216
4,7803,12,7803060281
4,5992,12,5992917
4,8900,12,890011
4,7309,12,7309712670
4,7519,12,751987
4,5478,12,547894445
4,3286,12,3286961
4,4181,12,418116
4,4667,12,466716
4,4182,12,418200050
4,4152,12,415200072
4,0576,12,057656
4,7840,12,78400065
4,7601,12,760112
4,0513,12,051356
4,7270,12,727000
4,1066,12,10661160
4,5995,12,599510000
4,5941,12,594110
4,5202,12,520250
4,2700,12,270000
4,1051,12,1051303063000
4,5134,12,5134602
4,8881,12,888111
4,0211,12,021148
4,6056,12,605606
4,7242,12,724206
4,4624,12,462400
4,0613,12,061300
4,6066,12,606607
4,7103,12,710300
4,0725,12,072550
4,5372,12,537200
4,6780,12,678000
4,0718,12,071800
4,4675,12,467500
4,5315,12,531531
4,6398,12,63981890
4,1632,12,163263
4,1745,12,174502
4,7102,12,710200
4,9201,12,920105
4,5116,12,511600
4,2471,12,247100
4,4023,12,402368
4,4766,12,476600
4,8107,12,810760
4,0510,12,0510888
4,5135,12,513506
4,7311,12,731100
4,5112,12,5112500
4,4674,12,467400
4,2394,12,239400
4,3231,12,323112
4,4215,12,4215664
4,3035,12,303520
4,1233,12,123304
4,5969,12,5969115
4,0642,12,064200
4,1685,12,16851692
4,8130,12,8130724297
4,5319,12,53192004
4,9897,12,9897231450
4,8569,12,8569047413
4,6402,12,640221050469
4,5377,12,537770053
4,5368,12,536887721
4,5831,12,583179502
4,5727,12,572766706
4,3547,12,35475804
4,4653,12,4653567
4,0759,12,07595512460
4,0802,12,08026842256
4,1485,12,1485888
4,2909,12,2909888
4,1676,12,1676888
4,2751,12,2751888
4,2937,12,2937888
4,1473,12,1473888
4,1542,12,1542000
4,4292,12,4292888
4,1495,12,1495888
4,4047,12,4047888
4,4070,12,4070888
4,9368,12,936888
4,2078,12,2078888
4,2478,12,2478888
4,4068,12,4068888
4,2837,12,2837888
4,4831,12,4831888
4,4038,12,4038888
4,2902,12,2902888
4,2807,12,2807888
4,4702,12,4702888
4,3757,12,3757888
4,1463,12,1463888
4,3768,12,3768888
4,2595,12,2595888
4,9073,12,9073888
4,2924,12,2924888
4,2962,12,2962888
4,2568,12,2568888
4,3722,12,3722888
4,8049,12,8049888
4,7564,12,75645645456
4,1186,12,1186888
4,1576,12,1576888
4,9438,12,943888
4,1265,12,1265888
4,3287,12,3287888
4,3397,12,3397888
4,0609,12,06092017
4,5309,12,530986549
4,7350,12,735087
4,9870,11,9870539
4,3109,11,3109800025
4,3228,11,3228937392
4,9226,11,9226704
4,7417,11,7417708
4,4148,11,4148994
4,6490,11,6490125
4,5740,11,57408390
4,8202,11,820299
4,0339,11,033981958
4,5111,11,511101
4,4603,11,4603808
4,5154,11,51543033
4,9019,11,9019998
4,5745,11,5745457
4,4866,11,4866614
4,9474,11,947407072270
4,9524,11,95245663
4,7320,11,7320032
4,6753,11,675300
4,5748,11,57487302650
4,9515,11,95152872100080
4,8531,11,8531883
4,4891,11,4891419
4,9509,11,9509584
4,4978,11,497877559868
4,0457,11,04571369
4,2274,11,22742015
4,1589,11,1589767287
4,4686,11,46864854
4,2027,11,202715204
4,2984,11,298498804
4,6109,11,6109760538
4,4053,11,405313304
4,3413,11,3413933
4,6636,11,66364804
4,2818,11,28187304
4,7313,11,73130403
4,2639,11,2639664
4,4098,11,40980604
4,3795,11,379500
4,8412,10,841237565044
4,9062,10,90626056
4,4116,10,41166220
4,9592,10,9592010814
4,8204,10,8204485923
4,2702,10,270215927660
4,7098,10,709852104962
4,5774,10,577495068
4,5192,10,519280808
4,5990,10,599035529
4,5886,10,588673207
4,5892,10,589205672
4,6475,10,64752118956
4,9921,10,992186837
4,8121,10,8121077778
4,5899,10,589903448
4,8068,10,8068501220
4,6883,10,688337369
4,7984,10,7984433308
4,0910,10,0910225100
4,8719,10,8719084
4,4619,10,461968
4,6071,10,60716080
4,9020,10,902090
4,9286,10,928619
4,9506,10,950621
4,8984,10,8984771
4,9044,10,9044544811
4,9768,10,97688114888
4,8756,10,87564762298
4,8129,10,8129488
4,7393,10,7393811
4,8941,10,8941048
4,8443,10,8443851
4,2964,10,2964996
4,7484,10,7484869
4,5987,10,5987589
4,4830,10,4830753
4,9433,10,9433744
4,7240,10,7240236
4,7593,10,7593358
4,7696,10,7696234
4,4626,10,4626911
4,8489,10,8489469
4,6095,10,609520
4,3896,10,3896828
4,5489,10,5489313
4,9124,10,9124647
4,3560,10,3560195
4,6008,10,6008802
4,4771,10,47710298629
4,0915,10,0915150833
4,6711,10,671137
4,5188,10,518800
4,4711,10,471100
4,3729,10,3729457
4,0309,10,030900
4,5417,10,541700
4,5746,10,574685
4,9408,10,940867506
4,8010,10,801026
4,4031,10,403100021
4,5760,10,576000
4,1536,10,153606
4,8998,10,899876
4,0313,10,031300
4,8356,10,83563628
4,3294,10,329407
4,7213,10,721300
4,0377,10,037762035359
4,2991,10,29911222
4,2316,10,231633
4,5871,10,5871132
4,6804,10,680426
4,9061,10,9061506109
4,2913,10,29132004
4,4105,10,4105059219081
4,5414,10,541430593
4,5935,10,593512318
4,5953,10,59533999
4,5709,10,570945070
4,5922,10,592211226
4,5394,10,539469033
4,4986,10,49863604
4,6878,10,687880
4,7264,10,726439666429
4,7833,10,783330203
4,7285,10,72850504
4,7122,10,71225450
4,4056,10,405622004
4,0362,10,03623204
4,3137,10,31372304
4,3790,10,37908404
4,6840,10,68406904
4,3849,10,38497704
4,3653,10,36535204
4,7684,10,768406803
4,8126,10,812629050
4,4948,10,49484304
4,3881,10,38816604
4,4877,10,48779204
4,8341,10,83414403
4,6707,10,67070504
4,3858,10,385881
4,6231,10,6231110050
4,4871,10,48717704
4,7335,10,73357906
4,3835,10,38356004
4,8444,10,8444488
4,4942,10,494212442267
4,9837,10,983723236992
4,7599,10,7599245
4,5494,10,549444
4,9697,10,9697144232897
4,0992,10,0992927703078
4,2399,10,239912391075
4,0917,10,0917383551321
4,3915,10,3915555
4,0994,10,0994502181006
4,0357,10,035722490995
4,0112,10,01127834505047
4,2109,10,210927204
4,0668,10,066886088
4,7825,10,782564403
4,9721,10,972122716954
4,5776,10,577691006
4,3959,10,3959800
4,7033,10,7033600986
4,2998,10,2998177
4,3647,10,3647570
4,0125,10,01254699557
4,3743,10,3743405
4,8073,10,807363604
4,3354,10,335432404
4,0669,10,066901511
4,0479,10,047949560
4,3961,10,39611104
4,4081,10,408113004
4,0946,10,094602841
4,8054,10,805436804
4,9564,10,9564012042
4,4975,10,49751104
4,6812,10,681201002
4,6233,10,6233648
4,9634,10,96341359022
4,3562,10,35621554955
4,9864,10,986415258843
4,9435,10,94351501095
4,2982,10,298216679
4,7482,10,7482435311
4,4685,10,46859079252
4,0116,10,01162741133
4,4968,10,49683186849
4,8175,10,81757810371
4,0494,10,049400630
4,8770,10,8770165050
4,7668,10,7668822
4,6931,10,69316204
4,0191,10,01912739239
4,0665,10,066512944
4,6005,10,600556534600
4,6989,10,69897704
4,8235,10,82351104
4,4995,10,499547
4,8706,10,87062304
4,3889,10,38891904
4,7846,10,78463326123
4,2506,10,2506414343345
4,4897,10,48971404
4,8539,10,85394704
4,3714,10,37147704
4,0384,10,03846424
4,6029,10,6029040050
4,4956,10,495606
4,3077,10,307753804
4,6239,10,62391804
4,7222,10,7222255
4,8758,10,87587604
4,6914,10,69142904
4,3571,10,35711704
4,6968,10,696812
4,8842,10,88429804
4,6346,10,634621
4,6229,10,622987
4,8553,10,85533304
4,6153,10,61539904
4,6069,10,606987604
4,8513,10,85133204
4,6980,10,69801804
4,8504,10,85046604
4,8542,10,85421204
4,6831,10,68310804
4,8535,10,85352304
4,7360,10,73606004
4,4898,10,48986704
4,8563,10,85633104
4,2963,10,296366604
4,0498,10,049802689
4,7153,10,7153865421
4,8707,10,8707459690
4,3586,10,35863275782
4,4782,10,478284004
4,6771,10,677142604
4,8854,10,885488804
4,8784,10,878434104
4,6275,10,627558402
4,0236,10,023614518
4,5149,10,5149634482
4,0390,10,0390636307699
4,0173,10,0173450602
4,4097,10,4097888
4,6494,10,6494888
4,5332,10,5332888
4,4166,9,4166708351
4,9418,9,94189629
4,9011,9,9011761378
4,9912,9,9912451201
4,8247,9,8247459001
4,9052,9,9052003562
4,7067,9,7067679999
4,5705,9,570552
4,8469,9,84692498328
4,7451,9,7451837
4,3993,9,3993498
4,2514,9,2514090
4,4858,9,485889
4,6870,9,6870034
4,6338,9,6338444
4,7199,9,7199605
4,6171,9,6171702
4,9569,9,9569866
4,8743,9,8743114
4,8393,9,8393302
4,6214,9,6214434
4,7444,9,7444528
4,2326,9,2326777
4,0276,9,02762317336
4,5148,9,514801
4,4652,9,465217
4,0326,9,032600
4,6205,9,620500
4,8303,9,830301
4,6186,9,618620
4,4907,9,49077770
4,7643,9,76430424
4,7031,9,703100038
4,8103,9,810322
4,1417,9,14176503
4,4061,9,4061130
4,7353,9,735300
4,9333,9,93337000
4,7138,9,713800
4,0252,9,025250
4,8181,9,818188
4,6740,9,67409596
4,6308,9,630833
4,2709,9,27092710
4,7352,9,735200
4,0299,9,029991
4,7037,9,703705
4,2799,9,279956418
4,8774,9,87745000
4,6910,9,691001
4,4010,9,401030024
4,8132,9,813272
4,1263,9,126393
4,0233,9,023315
4,6886,9,688688
4,6382,9,6382382
4,8094,9,80945571
4,0355,9,035515
4,7425,9,742500
4,8455,9,845550
4,6168,9,616850
4,6219,9,621908
4,0283,9,028300
4,6302,9,6302610000
4,6063,9,606355
4,7114,9,711400
4,9937,9,9937773000
4,2809,9,2809152
4,7445,9,7445899
4,8183,9,8183689616
4,6722,9,6722219
4,4958,9,495872831
4,2293,9,229377
4,3845,9,384590
4,0181,9,01811970
4,3668,9,36685204104
4,9957,9,99577524444
4,6761,9,6761999
4,7443,9,744392104
4,4588,9,45881104
4,3616,9,36165104
4,3583,9,3583888
4,7907,9,7907888
4,0620,8,062052806095
4,7748,8,77487538
4,4293,8,4293448
4,9295,8,929544366
4,9134,8,913424580
4,2509,8,25092222
4,5993,8,599323434
4,5946,8,594644757
4,9553,8,9553428989
4,7742,8,7742814212
4,3537,8,35378475
4,3075,8,3075779966
4,4645,8,4645269361
4,9016,8,901609
4,9033,8,9033679
4,8284,8,8284488
4,7576,8,7576427
4,5609,8,5609876
4,6797,8,6797332
4,8085,8,8085222
4,5903,8,5903171
4,6291,8,6291985
4,5420,8,5420536
4,3669,8,36693707
4,7161,8,71616088
4,8388,8,8388881
4,8983,8,898384
4,5603,8,5603481
4,8403,8,8403935
4,9961,8,9961986
4,4764,8,4764632
4,7217,8,7217272
4,4691,8,4691991
4,8955,8,8955554
4,3777,8,3777703
4,8982,8,898219
4,7787,8,7787780
4,3056,8,305600
4,6859,8,6859561
4,7755,8,7755706
4,6429,8,6429725
4,8322,8,8322103
4,5325,8,532531
4,9268,8,926888
4,9778,8,977888
4,9228,8,922873007
4,8783,8,87833941
4,3427,8,3427760000
4,0839,8,0839981070
4,0823,8,0823665370
4,٦٦٠٠,8,٦٦٠٠٠٧٨١
4,4065,8,406593580
4,2374,8,237400
4,5750,8,5750364
4,5830,8,5830461
4,7168,8,716800
4,1054,8,105401
4,4024,8,402460
4,7025,8,702518000
4,7214,8,721400
4,0318,8,03187024306
4,8411,8,841116
4,8336,8,833600
4,7301,8,730107
4,4654,8,465450
4,5801,8,580188
4,0471,8,047100
4,3715,8,3715200
4,1683,8,16831522
4,5910,8,59100000
4,9991,8,9991234
4,6082,8,608200092
4,1178,8,117860815
4,8320,8,832000
4,0621,8,062150
4,4721,8,472100
4,7232,8,723200
4,0631,8,063100
4,4651,8,465150
4,8058,8,805806
4,5182,8,518213
4,9913,8,991314
4,3883,8,38832803
4,4762,8,476200
4,6021,8,602100010
4,0109,8,010998
4,5729,8,572900
4,6775,8,677500
4,7131,8,713100
4,0271,8,027178
4,0597,8,0597123
4,8334,8,83345702
4,5147,8,514788
4,6483,8,64835999
4,0330,8,033000
4,0231,8,023120
4,3678,8,3678299
4,9981,8,998188
4,6271,8,627150
4,4742,8,474250
4,0574,8,057430
4,0391,8,0391114
4,1755,8,175547886
4,3566,8,356677
4,4734,8,473406
4,7180,8,718000
4,4636,8,46363000
4,8266,8,82663336
4,7512,8,751200
4,0682,8,068250
4,0284,8,028400
4,4175,8,417500
4,5375,8,537500
4,0516,8,051688
4,8448,8,844804
4,0143,8,014300
4,7371,8,737171403
4,5369,8,536999
4,0594,8,0594315
4,5703,8,570314
4,4009,8,400900
4,5129,8,51299877
4,7450,8,745000
4,1431,8,143105
4,0898,8,0898888
4,6374,8,637400
4,5728,8,572800
4,8791,8,87917094
4,4655,8,4655602430023
4,4157,8,415700
4,7234,8,723400
4,0618,8,061800
4,7193,8,719319
4,6376,8,637625
4,2192,8,2192200
4,7330,8,733000
4,3257,8,325700
4,5790,8,5790064
4,7681,8,7681312
4,6869,8,686926
4,0734,8,07344638
4,9585,8,95856189
4,7719,8,7719999095
4,3559,8,3559702
4,8038,8,8038147468
4,7167,8,716738644
4,9372,8,93728530935
4,5874,8,5874389577
4,5747,8,574758
4,9017,8,901780088
4,5468,8,546856336
4,6990,8,69905600
4,7331,8,7331371
4,5844,8,58449204
4,6320,8,6320620
4,5846,8,58464706
4,5313,8,5313223
4,7431,8,7431431
4,4634,8,463436
4,5357,8,53573204
4,0587,8,0587614238
4,2172,8,2172280
4,5502,8,550297543
4,7369,8,7369896
4,5193,8,519366050
4,7637,8,7637770
4,5733,8,573306206
4,5342,8,534283306
4,5838,8,5838445
4,2834,8,2834148
4,5772,8,5772888
4,7248,8,7248888
4,5608,8,5608888
4,7488,8,7488888
4,8298,8,8298888
4,5751,8,5751888
4,5793,8,5793888
4,3591,8,3591888
4,5952,8,5952888
4,5968,8,5968888
4,1157,8,1157888
4,0696,8,0696751428
4,6191,8,619176285633
4,0735,8,0735613530
4,0834,8,0834821676
4,1493,8,1493888
4,1499,8,1499888
4,5870,8,5870740
4,9269,8,92695540188
4,3268,8,3268888
4,0845,8,0845036864
4,3058,8,3058888
4,3076,8,3076888
4,1906,8,1906888
4,2324,8,2324888
4,4872,8,4872888
4,9103,8,9103888
4,5708,8,5708888
4,7322,8,7322888
4,6716,8,6716888
4,7364,8,7364888
4,7293,8,7293888
4,5928,8,5928888
4,8199,8,8199888
4,2849,8,2849888
4,2759,8,2759888
4,2748,8,2748888
4,2839,8,2839888
4,2769,8,2769888
4,3797,8,3797888
4,3564,8,3564888
4,5908,8,5908888
4,٩٦٦٥,8,٩٦٦٥٥٥٠٢٩٣٠٧
4,7818,8,78184569020
4,7827,8,782766060
4,5304,8,530499617
4,3997,8,399707738
4,9424,8,942432856
4,6732,8,6732340093
4,7316,8,73163077777
4,9523,8,952385
4,6159,8,615943568
4,2457,8,2457888
4,2375,8,2375888
4,8251,8,82514412898
4,7039,7,70397268
4,6133,7,6133161518
4,0599,7,0599359297
4,2409,7,24091968
4,7077,7,7077096503
4,5849,7,584963
4,0349,7,03495206145
4,6746,7,67467965
4,0777,7,0777797035
4,9505,7,9505626262
4,8716,7,87163949242
4,8463,7,84638647967
4,0686,7,0686159
4,9527,7,95273313
4,9799,7,979959
4,0944,7,094456
4,6834,7,6834844
4,7388,7,7388065
4,7562,7,7562818
4,5379,7,5379642
4,7516,7,7516542
4,7498,7,7498024
4,8999,7,8999777
4,5179,7,5179977
4,6004,7,6004748
4,4714,7,4714444
4,9079,7,907950
4,8338,7,8338234
4,7954,7,7954177549
4,6697,7,66977423
4,8016,7,80165610
4,9227,7,9227815
4,3780,7,3780529658109
4,7893,7,789375
4,8331,7,83311919
4,7578,7,75786398207
4,7603,7,760326
4,7184,7,7184061027
4,9290,7,9290000000
4,7563,7,7563955339
4,7329,7,732909
4,8433,7,843382
4,5873,7,58735607
4,7225,7,722518648
4,4874,7,4874598
4,8487,7,8487172
4,1228,7,12282822107
4,1711,7,1711888
4,7751,6,77514345
4,7674,6,7674944037
4,5997,6,599702787
4,8118,6,8118270992
4,7397,6,7397889523
4,8956,6,8956166626
4,6922,6,692262670514
4,8991,6,8991111
4,9347,6,9347695984
4,2528,6,2528446
4,6793,6,6793159
4,6387,6,6387882
4,8951,6,8951898
4,5753,6,5753193
4,8722,6,8722452
4,8434,6,8434896
4,8407,6,8407728
4,8733,6,8733918
4,4787,6,4787758
4,7249,6,7249680
4,9927,6,9927442
4,3174,6,3174970
4,9502,6,9502237
4,2843,6,2843799
4,9604,6,9604980
4,5900,6,5900529
4,5809,6,5809609
4,6752,6,6752678
4,٩٩٨٨,6,٩٩٨٨٩٨٨٦
4,٠٥٠٥,6,٠٥٠٥٢٠٢٠٤٥
4,١009,6,١00966505458184
4,5602,6,560291946
4,0800,6,080000549
4,5930,6,593003333
4,3036,6,30365102200063
4,8021,6,802100011
4,9847,6,98471000
4,8028,6,802803
4,8066,6,80666999
4,9905,6,990523
4,5911,6,591168
4,1737,6,173773
4,5782,6,57821111
4,7407,6,740710
4,1406,6,14061407
4,5344,6,534426426
4,8460,6,8460000000
4,5905,6,590502290
4,9788,6,97888511
4,9402,6,9402666786
4,9959,6,99599437733
4,4873,6,48737904
4,0901,6,090107
4,5852,6,585208204
4,4016,6,4016888
4,3724,6,3724888
4,2060,6,2060888
4,4037,6,4037888
4,3739,6,3739888
4,3756,6,3756888
4,4064,6,4064888
4,3767,6,3767888
4,3784,6,3784888
4,4091,6,4091888
4,7680,6,7680620857
4,7015,6,70154498705
4,7734,6,77346223473
4,4999,6,4999909999
4,7459,6,7459747017
4,7172,6,7172402201
4,7136,6,71367434
4,9868,6,9868884
4,7815,6,78151481080
4,7189,6,71891988
4,8926,6,89269027828
4,8912,6,89127498024
4,8467,6,84670765
4,0637,6,0637769
4,0328,6,03288449
4,2819,6,2819888
4,4018,6,4018888
4,1796,6,1796888
4,4460,6,4460888
4,4128,6,4128888
4,2539,6,2539888
4,3087,6,3087888
4,2504,6,2504888
4,1482,6,1482888
4,1625,6,1625888
4,2908,6,2908888
4,1655,6,1655888
4,4063,6,4063888
4,2938,6,2938888
4,1675,6,1675888
4,1649,6,1649888
4,2187,6,2187888
4,1674,6,1674888
4,1189,6,1189888
4,5789,6,5789888
4,1638,6,1638888
4,5926,6,5926888
4,5796,6,5796888
4,5806,6,5806888
4,0747,6,07470226188
4,2960,6,2960888
4,2981,6,2981888
4,3799,6,3799888
4,2916,6,2916888
4,1266,6,1266888
4,1948,6,1948888
4,1641,6,16412844102
4,9285,6,928568413
4,5498,6,549814415
4,9447,6,944777369176
4,5904,6,590421000
4,2596,6,2596888
4,1627,6,1627888
4,0106,5,01065444462
4,7305,5,7305415317
4,8423,5,84231004
4,7994,5,7994336
4,3399,5,3399555
4,4605,5,4605046
4,0239,5,0239440
4,7018,5,701805
4,0371,5,037188
4,6837,5,683701
4,7441,5,74411121
4,6915,5,69155104
4,7162,5,71623204
4,9249,5,92492760033
4,3549,5,35493605524
4,7268,5,7268401
4,9117,5,911722224141
4,9838,5,983825221330
4,4709,5,47094479272
4,0896,5,089615970620
4,7395,5,73952703583
4,0189,5,01895235023
4,9972,5,99724426
4,8101,5,8101494
4,0289,5,02890625261
4,0387,5,038733218944
4,0962,5,0962796473026
4,3297,5,329795804
4,7455,5,745555504
4,0997,5,099733927679
4,8177,5,8177154120
4,0497,5,04972007
4,0229,5,022996767
4,8966,5,8966505620717
4,8755,5,87556333
4,9672,5,9672243116
4,6801,5,6801515
4,9636,5,963606500
4,9520,5,952091
4,9616,5,9616600608
4,9157,5,9157616786
4,0141,5,01415761029
4,0970,5,097042351800
4,9322,5,93220750
4,0478,5,047891078
4,8243,5,82435442446
4,8914,5,89141875757
4,8255,5,82556816974
4,8263,5,82632287527
4,3574,5,35740006
4,6773,5,677306302
4,7745,5,7745458050
4,0135,5,01352672395
4,7647,5,7647272
4,3698,5,369886304
4,0259,5,025993685
4,9362,5,93624305
4,6809,5,680924
4,6708,5,670819833
4,7299,5,729928890
4,9311,5,931189296
4,3587,5,358764263
4,9132,5,913281826
4,6918,5,691818
4,6274,5,6274544050
4,4913,5,49133704
4,4592,5,45923604
4,9754,5,97544580994
4,7571,5,757154100
4,4728,5,472801676
4,7565,5,756535225
4,1998,5,1998127
4,6177,5,6177933
4,6108,5,610894018797
4,0195,5,01952630086
4,9036,5,9036451941
4,0122,5,01222124811
4,7424,5,74242261534
4,4127,5,4127410212
4,9137,5,91377086259
4,9709,5,97092681683
4,0270,5,027082311
4,0152,5,01524380700
4,3742,5,374227774
4,6185,5,6185594597
4,2480,5,248083742
4,9336,5,933617805054
4,8173,5,8173669446
4,9335,5,93355839339
4,8917,5,89175631243
4,8342,5,83425351709
4,0476,5,047680247
4,9706,5,97065730740
4,8178,5,81788436170
4,8147,5,814733931122
4,9674,5,9674221039
4,5861,5,5861041
4,3260,5,3260333
4,4775,5,4775555
4,4589,5,458911
4,6860,5,68604003
4,9159,5,915912478816
4,0648,5,064811637
4,0989,5,0989121120855
4,6194,5,6194850486
4,4313,5,431361104
4,2173,5,21731402
4,3870,5,38706004
4,6884,5,68841404
4,8242,5,824232036
4,4086,5,408666604
4,9824,5,982417288262
4,8145,5,81454346149
4,7834,5,783443104
4,3267,5,326700
4,6932,5,69327604
4,2893,5,289393904
4,6273,5,62738304
4,6619,5,66195704
4,7188,5,71885304
4,6865,5,68656804
4,6973,5,69731504
4,6939,5,69390004
4,7279,5,72793904
4,4862,5,4862445959
4,7047,5,7047077
4,6495,5,6495606
4,7384,5,73843459470
4,0680,5,068080299
4,7216,5,721666603
4,4876,5,487664
4,4756,5,4756323232
4,5138,5,5138765
4,0679,5,0679433
4,6174,5,6174097
4,9071,5,9071738
4,7732,5,773272211429
4,7486,5,74862543927
4,9421,5,94216816
4,9971,5,9971503300268
4,4894,5,4894898
4,5764,5,5764306
4,7323,5,73237389
4,7325,5,7325944299004
4,6819,5,681934
4,3728,5,37284604
4,7661,5,766119303
4,4311,5,431165004
4,3926,5,392636
4,7943,5,7943737050
4,6749,5,6749345050
4,8445,5,84451203
4,3841,5,38418604
4,4965,5,49652104
4,8125,5,812503050
4,7438,5,743811706
4,4611,5,4611992050
4,7676,5,767682104
4,0237,5,02371836406
4,6329,5,63299123107
4,6406,5,6406404050
4,0673,5,067310735
4,0282,5,028233641
4,9858,5,9858216
4,7481,5,748184006
4,6052,5,605252004
4,8381,5,8381333
4,3764,5,37647904
4,8856,5,88569904
4,3570,5,3570001
4,0943,5,094333892
4,3205,5,3205523
4,9914,5,99142448027
4,0649,5,064940860
4,0766,5,076668780
4,0216,5,0216636756
4,1873,5,18731604
4,0486,5,04861844
4,0490,5,0490995727
4,8933,5,89332904
4,3783,5,3783555
4,0285,5,028563608
4,6957,5,69575104
4,3765,5,37650904
4,6368,5,636868302
4,4808,5,48081804
4,6924,5,69245304
4,4029,5,402970004
4,8196,5,819614062
4,8746,5,87460704
4,6871,5,68717104
4,6305,5,63057104
4,6332,5,6332996050
4,3027,5,302779904
4,8855,5,885518204
4,6499,5,6499488050
4,7280,5,72803304
4,6705,5,67058504
4,6937,5,69373004
4,6348,5,63481704
4,6945,5,69455704
4,6991,5,69917404
4,8153,5,815333050
4,7157,5,71571304
4,4996,5,49966204
4,6306,5,63069304
4,8246,5,82462306
4,6762,5,6762555050
4,6347,5,63474704
4,8547,5,85474404
4,6151,5,615187
4,6927,5,69279404
4,7288,5,72887804
4,6873,5,6873000
4,6719,5,67191506
4,2841,5,28419604
4,2334,5,23342404
4,8394,5,8394138
4,2752,5,27522504
4,2488,5,24889804
4,8218,5,82188104
4,7233,5,72337303
4,6337,5,633744
4,7611,5,761155
4,6307,5,63076604
4,6134,5,61341504
4,8761,5,876116
4,6437,5,64371804
4,6434,5,64343804
4,6438,5,64382904
4,8533,5,85331404
4,6841,5,68411404
4,9495,5,94951910
4,8549,5,8549902014054
4,8576,5,85762504
4,8947,5,89474104
4,8534,5,853428851422
4,7716,5,771666
4,2988,5,298836804
4,8256,5,825685786
4,0295,5,029542022
4,8051,5,805125804
4,7688,5,768899503
4,4855,5,4855245325
4,4085,5,4085059758
4,8187,5,8187101488
4,3857,5,38578904
4,3968,5,396899804
4,8853,5,88536604
4,0338,5,0338856071
4,6912,5,69122004
4,2940,5,294004104
4,6015,5,601540004
4,6818,5,681831302
4,4290,5,4290904
4,3994,5,3994949
4,8095,5,809580104
4,3167,5,316758004
4,6760,5,676013702
4,6049,5,6049886746
4,0290,5,029077777
4,0196,5,0196660774
4,7873,5,78732264111
4,4637,5,4637017423
4,7457,5,7457858918
4,0287,5,028721575
4,0238,5,02380266099
4,4314,5,431455204
4,5804,5,5804025
4,7191,4,71919810529775
4,9141,4,914166656760
4,٠٧٩٩,4,٠٧٩٩٤٣٩٠٨٨
4,6473,4,6473310684
4,8179,4,8179687288
4,8019,4,8019638438
4,0799,4,0799999346
4,9013,4,9013156864
4,7060,4,7060677016
4,0414,4,0414611508
4,0634,4,0634052394
4,4789,4,478915
4,8473,4,847332
4,6471,4,6471231
4,5762,4,5762900
4,5779,4,57796666
4,1055,4,1055404
4,2072,4,2072243
4,3656,4,3656616
4,6079,4,6079864
4,0180,4,01804179
4,3138,4,3138836
4,0701,4,070184
4,6889,4,6889966
4,6794,4,6794715
4,6355,4,6355542
4,7283,4,7283897
4,9565,4,9565789
4,8304,4,8304555
4,6193,4,6193777
4,6188,4,6188788
4,1997,4,1997672
4,7998,4,7998276
4,7568,4,7568047
4,5845,4,5845683
4,9229,4,9229635
4,4677,4,4677950
4,5981,4,5981900
4,0337,4,0337722
4,8276,4,8276705
4,0130,4,013097
4,9907,4,99079229
4,0593,4,05935552
4,9911,4,991100
4,8757,4,875769
4,5607,4,5607804
4,5802,4,5802996
4,3604,4,3604444
4,5482,4,5482874
4,9387,4,9387543
4,4574,4,4574364
4,8386,4,838682
4,8441,4,8441621
4,0842,4,08421000
4,0835,4,0835577124
4,9460,4,9460601
4,7328,4,7328010
4,8754,4,8754321
4,8120,4,8120631124
4,8567,4,8567452
4,9113,4,9113918
4,9917,4,9917710
4,7474,4,7474760
4,7687,4,7687466
4,6072,4,6072065
4,6875,4,6875043
4,9694,4,9694383
4,8377,4,8377700
4,9309,4,9309221
4,9326,4,9326166
4,6065,4,6065120
4,6785,4,6785771
4,5991,4,5991695
4,4757,4,4757358
4,4621,4,4621372
4,5497,4,549779
4,8996,4,8996468
4,8007,4,8007111
4,6700,4,6700612
4,0242,4,02424920
4,7124,4,7124771
4,7685,4,7685017
4,7439,4,7439585
4,0700,4,0700508
4,5767,4,5767387
4,5798,4,5798844
4,8238,4,8238730
4,7649,4,7649760
4,4703,4,4703133
4,8294,4,8294127
4,4618,4,4618520
4,9942,4,9942751
4,6409,4,6409920
4,8422,4,8422898
4,1137,4,1137038
4,0492,4,04925085
4,5756,4,5756181
4,4608,4,460803
4,4892,4,4892000
4,4169,4,4169769
4,0297,4,029718
4,1237,4,123719598
4,5189,4,51895885
4,5388,4,5388232
4,2529,4,252988167
4,4115,4,411518000
4,0150,4,015000
4,4089,4,408939
4,1645,4,164501
4,8208,4,8208820
4,5781,4,578153
4,8206,4,820609
4,9512,4,951234
4,7174,4,717400
4,9412,4,941252
4,0340,4,034000
4,0292,4,029200
4,7324,4,732405
4,7236,4,723602310003
4,1152,4,115201
4,5124,4,512400
4,7620,4,762008
4,4125,4,412500
4,7693,4,769394
4,7258,4,725800
4,8370,4,83703300191
4,1155,4,115501
4,7200,4,720000
4,8608,4,860871
4,7387,4,738738
4,5713,4,571339
4,0768,4,076888
4,9325,4,932503
4,6882,4,68822364
4,8244,4,82444555
4,6850,4,6850358
4,9049,4,904905
4,0247,4,024701
4,8413,4,8413252600
4,6386,4,638600
4,0861,4,086163
4,4604,4,460430000
4,8401,4,840128
4,0592,4,059210000
4,0518,4,0518160
4,4613,4,461308310000
4,4662,4,466237
4,6378,4,637800
4,7580,4,7580111
4,7513,4,751300
4,8203,4,820318
4,7303,4,730335
4,3644,4,3644502
4,8160,4,816000
4,2744,4,274400
4,0751,4,075133
4,8330,4,83301310012
4,8506,4,850610
4,8369,4,8369792
4,5803,4,580327
4,8382,4,838205
4,9530,4,9530023
4,0389,4,038928
4,9551,4,955123
4,3918,4,391880151
4,0756,4,0756114
4,2462,4,246200
4,7201,4,720116
4,4035,4,403519085
4,6181,4,618100
4,0218,4,021815
4,8482,4,848200
4,8307,4,8307813
4,6293,4,629300
4,4739,4,473910603
4,2923,4,292302
4,6713,4,671301
4,7048,4,70486553
4,8239,4,823900
4,0291,4,0291001
4,0684,4,068458
4,4784,4,478402
4,4859,4,4859777
4,0762,4,076250
4,9008,4,900858
4,8428,4,84286364
4,7182,4,7182702
4,4184,4,418400
4,8765,4,876555
4,6846,4,684641
4,9701,4,970198667
4,7171,4,717111
4,1669,4,166997
4,0644,4,064400
4,0327,4,032750
4,0991,4,09910991
4,9995,4,999583
4,1182,4,118200
4,6385,4,638500
4,7373,4,737300
4,4769,4,476900
4,7560,4,756000
4,1169,4,11698666
4,0217,4,0217388
4,8391,4,83911210
4,7557,4,75575731
4,5378,4,537814
4,0365,4,036524
4,4635,4,463500
4,8310,4,831003
4,8392,4,839200
4,0635,4,063500
4,7155,4,715505
4,4914,4,491402
4,8193,4,81938870
4,3914,4,391407
4,7610,4,761028
4,5706,4,570611
4,0941,4,094168
4,1918,4,191867
4,3097,4,30976633
4,3735,4,373502
4,7194,4,719400
4,7536,4,753600
4,6074,4,607455000
4,7318,4,731808
4,8992,4,89929402
4,8353,4,83535050
4,0612,4,061200
4,8919,4,8919213
4,4190,4,41902221000
4,7534,4,753402
4,0221,4,022164
4,5171,4,517100
4,1218,4,1218100101
4,0945,4,094526
4,8347,4,834700
4,5142,4,514200
4,8115,4,811500
4,7514,4,751400
4,0899,4,089960
4,4093,4,409325
4,3691,4,369188
4,8402,4,8402160
4,0234,4,0234444
4,8227,4,8227709
4,0383,4,038300
4,8376,4,83763900
4,1846,4,184602
4,4713,4,471300
4,7263,4,726300
4,4642,4,464207
4,0758,4,0758114
4,5167,4,5167996
4,6086,4,608610
4,0877,4,08772968165
4,0711,4,0711520
4,7209,4,720920
4,4732,4,473200
4,6965,4,69654924
4,7836,4,7836206
4,7041,4,704100083
4,6372,4,637200
4,6874,4,687420
4,9951,4,9951129
4,0643,4,064300
4,8989,4,898989
4,1687,4,168705
4,5938,4,5938285
4,7057,4,705708
4,0764,4,076450
4,5847,4,584750775
4,7223,4,722300
4,8488,4,848898
4,8384,4,838402201204
4,4194,4,419400
4,8081,4,808100080
4,7019,4,7019202
4,1621,4,162101
4,0675,4,067500
4,5462,4,546206
4,6120,4,6120100085
4,9969,4,9969651
4,1167,4,1167210
4,9580,4,958059
4,8380,4,838000
4,7669,4,766988
4,6377,4,637700
4,3884,4,388402
4,0230,4,023000
4,4718,4,471800
4,5401,4,5401430071
4,3541,4,354100
4,7229,4,7229332
4,8312,4,831210
4,1839,4,1839624164
4,9363,4,9363702
4,8936,4,89362659
4,8106,4,8106518
4,7237,4,723725
4,4641,4,464100
4,2931,4,29310001
4,8741,4,87419858
4,0517,4,0517101
4,7405,4,740510
4,7224,4,722405
4,8198,4,81987788
4,6361,4,636150
4,4719,4,471923
4,0614,4,0614035
4,8215,4,821503
4,6723,4,6723188
4,1168,4,116800
4,8737,4,87371137
4,1792,4,1792502
4,0880,4,088000
4,0184,4,018455401
4,6046,4,604605
4,8970,4,8970200
4,7156,4,715601
4,6800,4,680068
4,4755,4,475500
4,6103,4,610306
4,3031,4,3031671
4,9522,4,952211
4,7016,4,701610000
4,7319,4,731922
4,7267,4,7267331
4,5347,4,534710
4,0744,4,0744168
4,8088,4,808818
4,0661,4,066100
4,9691,4,969128
4,7804,4,780418
4,8906,4,8906217
4,5402,4,540228
4,4856,4,48562410423796
4,5719,4,5719904
4,5916,4,591605770
4,1725,4,17255023028
4,7096,4,7096465
4,0580,4,05806547828
4,6879,4,6879546
4,2836,4,283659
4,0570,4,0570059
4,8979,4,8979103
4,5136,4,51361804
4,7549,4,7549856
4,2990,4,29900899
4,7196,4,7196641
4,7589,4,7589820
4,8799,4,8799598
4,7556,4,7556077
4,6739,4,6739464
4,5204,4,52046704
4,6702,4,670204
4,6081,4,6081780
4,6810,4,6810050
4,9544,4,9544012
4,2954,4,2954006
4,7133,4,713333435
4,8804,4,8804234
4,2879,4,28794982
4,5127,4,512706050
4,2872,4,2872445
4,6830,4,6830059
4,5503,4,550397
4,0520,4,05202727522
4,5738,4,573837406
4,3685,4,3685800
4,5739,4,5739933
4,5771,4,577150806
4,5773,4,577330106
4,5979,4,597957790
4,9602,4,9602596
4,9518,4,9518421
4,7752,4,7752870485
4,4834,4,4834837
4,8346,4,834604
4,0640,4,064076
4,7006,4,7006272
4,6367,4,6367971
4,8859,4,8859396
4,9482,4,9482868
4,9590,4,95905559
4,7113,4,7113114
4,9064,4,9064400
4,0806,4,0806050
4,5998,4,5998933
4,5484,4,5484071
4,3748,4,3748819
4,4736,4,4736553
4,4069,4,406956
4,8471,4,8471943
4,6366,4,6366500
4,6709,4,670994
4,8291,3,82914752232
4,8457,3,84573449376
4,8194,3,81946195662
4,8363,3,83636956324
4,8781,3,87814621542
4,1038,3,1038557527810
4,9906,3,9906905848
4,8931,3,8931876
4,6492,3,6492342
4,7198,3,7198847
4,4134,3,4134667
4,8769,3,87691392
4,6054,3,6054976
4,6743,3,6743842
4,1749,3,1749479
4,7004,3,70044445
4,9406,3,9406004
4,7282,3,728290
4,8245,3,8245271
4,6075,3,6075500
4,3098,3,3098028
4,7670,3,7670506
4,6997,3,6997999
4,8042,3,8042336
4,4800,3,4800201
4,8468,3,8468580
4,3887,3,3887776
4,4864,3,4864393
4,7088,3,7088995
4,6201,3,6201168
4,7522,3,7522235
4,8228,3,8228510
4,5971,3,5971222
4,5805,3,5805183
4,9978,3,9978784
4,8939,3,8939292
4,5393,3,53930023
4,8753,3,8753667
4,9904,3,9904402
4,4042,3,40424024
4,9303,3,930323615
4,3792,3,3792726
4,9136,3,91365193
4,2864,3,2864694
4,7678,3,76786286
4,7740,3,7740634099
4,8390,3,8390162
4,8287,3,82871465
4,7662,3,7662607
4,9115,3,9115139
4,8093,3,809317
4,8762,3,87626284
4,1184,3,11844911
4,6805,3,68058856
4,8116,3,8116420
4,8124,3,8124268
4,7875,3,7875416294
4,4854,3,4854445
4,3990,3,3990907
4,8329,3,8329955
4,9271,3,9271900
4,2388,3,2388198
4,6727,3,6727612
4,٠٥٠١,3,٠٥٠١٢٣٤٥٦٧
4,7953,3,79530497168
4,9574,2,9574650195
4,٠٧٩٦,2,٠٧٩٦٣٠٩٧٢١
4,8305,2,8305284199
4,8075,2,8075698245
4,0895,2,089560
4,7306,2,730615655
4,9015,2,9015570480
4,9342,2,9342868
4,9550,2,9550263775
4,9440,2,9440705949
4,9703,2,9703496699
4,8123,2,8123333351
4,9076,2,9076323100
4,8148,2,8148416861
4,9773,2,9773034
4,8485,2,848521
4,8493,2,849351690
4,0836,2,083610
4,1134,2,113479
4,3194,2,319408
4,7477,2,747709
4,7008,2,700811
4,9521,2,95215664
4,6480,2,648084
4,9077,2,9077150047
4,8185,2,8185935672
4,7817,2,781765030
4,7363,2,736369854
4,1879,2,1879189714
4,7583,2,7583714710
4,8297,2,8297019557
4,8399,2,839981070
4,8236,2,823665370
4,7314,2,73141311
4,8472,2,847278566
4,9573,2,9573414170
4,9346,2,9346017555
4,8143,2,8143588886
4,9490,2,9490559435
4,9369,2,93696091
4,7592,2,7592888888
4,7446,2,7446995411
4,7794,2,7794740887
4,7063,2,7063533245
4,7753,2,7753296038
4,7426,2,7426306666
4,8778,2,877862
4,6047,2,6047606668
4,7713,2,7713341597
4,7573,2,7573394149
4,7640,2,764049846
4,9263,2,9263863054
4,8105,2,8105315631
4,9361,2,93618366461
4,9354,2,93544700168
4,5794,2,57949289
4,9884,2,9884534421
4,7800,2,7800661576
4,5329,2,532957433
4,7547,2,754728
4,6196,2,6196842
4,7247,2,7247168
4,7003,2,7003412616
4,9560,2,9560079956
4,9908,2,9908753071
4,8360,2,8360004885
4,9970,2,9970016051
4,7530,2,7530388
4,0110,2,011001
4,8253,2,8253927
4,5423,2,5423777754
4,5942,2,594223998
4,7134,2,7134473435465
4,0622,2,06222296
4,2606,2,260651
4,9546,2,9546085232
4,5397,2,539796
4,9774,2,9774470
4,7854,2,785486
4,1557,2,155724
4,٠١٢٣,1,٠١٢٣٤٥٦٧٨٩
4,0707,1,07071971
4,0227,1,02275663
4,9426,1,9426270093
4,9038,1,90386087683
4,8790,1,879046
4,7797,1,779779938545
4,5493,1,5493413523631
4,8157,1,815712
4,9081,1,9081812560
4,9385,1,938586448712
4,8712,1,871215
4,2429,1,242997136960
4,9356,1,9356576
5,97150,868906,971501055655
5,97155,269854,971552165330
5,97105,198563,97105528005403
5,20200,148002,2020010800
5,97156,142653,971562623823
5,20190,133107,2019010200
5,97152,104999,971529492180
5,20181,84845,2018111700
5,20180,76183,2018082700
5,20170,71573,20170410
5,96650,65408,966505820700
5,20191,52875,2019100500
5,20171,45257,2017101900
5,23480,44057,2348037155010
5,96655,35752,966553737050
5,92300,31632,923008241747
5,97143,30997,971430009474
5,86106,29522,861062196780
5,86108,25285,861084120762
5,97158,24194,971586800125
5,97154,23010,971547623186
5,86755,22845,8675527436916
5,20160,21173,2016012714
5,86216,18655,862165075552
5,96654,17585,966544290290
5,96656,17417,966563922222
5,86215,17179,862156602134
5,97142,16950,97142457300
5,97455,15088,97455694444
5,96605,15033,9660551948459
5,92321,14782,923219498286
5,86139,13811,8613922215163
5,96599,13405,96599860322
5,86138,12688,8613898951953
5,96279,12648,962798206206
5,92333,12566,923332132425
5,96653,11718,966532424114
5,23481,11698,2348107785162
5,23470,11514,2347036499851
5,86571,11243,8657100000000
5,20251,11087,20251103
5,05065,10261,0506558704
5,19122,10224,19122018
5,97104,10200,971042882345
5,96659,9830,966590608025
5,86208,9569,862087377907
5,86135,9136,8613527103404
5,86105,8835,861050600800
5,97144,8711,97144216999
5,05045,8645,0504566401
5,20151,8464,2015100511
5,10008,8296,100081
5,67638,8256,6763897
5,20161,7868,201610
5,86137,7562,8613710585991
5,96899,7537,96899349090
5,96566,7380,96566073106
5,98912,7267,989121725137
5,61920,6960,619202200
5,05064,6537,0506403674
5,86136,6412,8613631482700
5,86288,6229,862885565681
5,05055,6186,0505530202
5,44795,6091,447958348659
5,97100,5917,9710000000000
5,86574,5832,8657462937551
5,05062,5791,0506213224
5,44208,5679,442087494433
5,86203,5635,862033333003
5,10002,5314,100024
5,91982,5287,919820632220
5,86592,5140,865921666922
5,97339,4942,97339900115
5,10000,4863,1000000000
5,86512,4781,8651265550488
5,20150,4752,2015070116
5,97165,4710,97165321293
5,20100,4608,201003713781
5,86133,4553,861336126960
5,91981,4546,919810451200
5,86258,4380,862586611494
5,86769,4327,867692967646
5,44797,4322,447970086581
5,96597,4239,96597202308
5,86532,4049,8653286021111
5,86278,4024,862787588000
5,86577,4023,8657781171157
5,86591,3966,8659122670937
5,97110,3950,9711003874
5,04391,3932,043918400
5,86101,3847,8610123456780
5,17972,3827,1797231
5,23408,3692,23408025056152
5,97433,3658,97433120089
5,92345,3652,923457482936
5,51800,3632,518000
5,96658,3543,966582723135
5,97466,3502,97466670881
5,86222,3444,862224011250
5,91984,3350,919843967214
5,20122,3341,201227983542
5,86130,3335,8613022263377
5,43903,3326,43903333
5,86371,3260,8637166021379
5,44079,3209,4407943230635
5,97151,3148,971512345678
5,86731,3142,867313651586
5,86298,3130,862982091021
5,96477,3067,9647702748080
5,44796,3065,447961696999
5,23490,3064,2349098927605
5,86411,3014,8641182590066
5,97126,3005,97126101277
5,92322,2988,923222590000
5,86579,2967,865795484595
5,44794,2957,447942462261
5,86531,2874,8653186909979
5,97148,2868,97148839000
5,44793,2841,447932340630
5,24991,2820,249914648687
5,44777,2815,447775546524
5,44771,2717,447713137980
5,86236,2665,862362400721
5,86131,2599,8613124855739
5,96657,2596,966577584383
5,96277,2594,962777544455
5,97145,2583,97145078370
5,16903,2580,16903998
5,86134,2544,8613400056889
5,03008,2529,03008243381
5,96550,2521,96550101124
5,11739,2520,11739455
5,92334,2516,923340071115
5,86757,2500,8675786355810
5,29955,2475,299555504
5,44780,2426,447803393769
5,43911,2423,43911111
5,92215,2416,92215845578
5,31001,2404,310012
5,20121,2395,2012120500
5,86551,2380,8655123456
5,97200,2378,97200000000
5,36100,2376,361006
5,86510,2366,8651088711088
5,20000,2354,200000
5,86311,2352,8631187205370
5,20012,2348,200122127332
5,86595,2345,865958592203
5,05061,2341,0506112241
5,88693,2305,886933592509
5,44773,2261,447733895647
5,86159,2250,8615975575240
5,88691,2237,886916221153
5,05044,2226,0504433378
5,97153,2225,9715370330117
5,44787,2222,447876433464
5,05063,2151,0506330999
5,44790,2101,447900386194
5,91989,2072,919895331309
5,92425,2072,92425752522
5,92301,2042,923012191500
5,86186,2030,8618664775453
5,44788,2023,447888681786
5,86576,2023,8657682218678
5,97197,1995,9719745581
5,44798,1988,447984186649
5,10003,1988,100037
5,04881,1983,048814182
5,91987,1951,919876050947
5,96555,1950,96555433999
5,44778,1948,447783715936
5,96560,1936,96560646692
5,91983,1932,919839621313
5,86756,1929,867566658990
5,44776,1927,447760960490
5,24492,1920,244923610936
5,92302,1905,923026347830
5,05050,1897,0505010459
5,86513,1895,8651388089580
5,10001,1884,100011
5,88017,1882,8801771727871
5,96892,1861,96892914667
5,50654,1854,506546394
5,05555,1853,0555585190
5,21000,1850,210008
5,51000,1830,510000
5,44781,1818,447813333009
5,44779,1816,447791319849
5,25191,1811,251911217388
5,97109,1803,971092222797
5,25472,1790,254720675575
5,96475,1777,9647504450243
5,44786,1767,447866666672
5,05042,1765,0504239994
5,97798,1764,9779818067421
5,35000,1758,350007
5,50644,1745,506448097
5,86519,1733,865193888320
5,05046,1730,0504620050
5,98212,1728,982122678091
5,10300,1728,103000000
5,96895,1720,96895853627
5,97179,1717,9717970313
5,96478,1715,9647830620374
5,43673,1700,43673120
5,31000,1696,310000
5,96565,1688,96565920045
5,44783,1685,447830652625
5,96278,1684,962787774555
5,04362,1674,043629863
5,05066,1661,0506662014
5,91988,1655,919885149627
5,55111,1639,551110404
5,20003,1637,200030
5,20120,1622,201200022191
5,17855,1620,17855149
5,86213,1610,862133932678
5,50652,1596,506525844
5,21355,1591,213556423742
5,86158,1589,8615803101676
5,44078,1573,4407834453212
5,05088,1569,0508881169
5,86212,1569,86212418173
5,86451,1536,8645188162389
5,44077,1535,4407798690454
5,49176,1532,4917628323288
5,86871,1532,868718322556
5,05069,1514,0506996255
5,04368,1505,043685555
5,92030,1503,9203042344820
5,86431,1498,8643184658053
5,13705,1484,13705782
5,92214,1483,92214554293
5,92332,1482,923323238683
5,44207,1475,442070298129
5,91944,1472,919444440445
5,86573,1470,865732058880
5,16478,1446,16478898440
5,05087,1439,0508747485
5,44747,1439,447477681442
5,86000,1435,86000000
5,92213,1435,922132453750
5,91999,1421,919991044226
5,13911,1406,13911058576
5,91998,1403,919981399047
5,90532,1399,905327257191
5,05077,1396,0507708999
5,96611,1391,966112791995
5,92331,1391,923319999579
5,97159,1388,971597923333
5,44744,1387,447443149643
5,44784,1387,447848974900
5,44785,1385,447856097765
5,88609,1381,8860916380623
5,50650,1380,506506828
5,50625,1375,506253107
5,86771,1368,867712809925
5,96590,1363,9659053421
5,44020,1363,4402089897309
5,44772,1361,447723812385
5,51803,1360,518030
5,96551,1358,96551255555
5,44791,1356,447919580660
5,20023,1348,200232
5,44750,1346,447501201509
5,58950,1346,589505102
5,97333,1344,97333249777
5,11111,1342,1111111111
5,77017,1341,77017777210
5,12202,1340,122020
5,09715,1337,0971506413546
5,20110,1337,201101
5,97196,1335,9719665588932
5,04390,1331,043905066
5,05034,1323,0503434518
5,86242,1323,862425692034
5,05067,1320,0506776220
5,96170,1312,96170940048
5,88692,1310,886926005792
5,50655,1309,506556808
5,91994,1306,919948387
5,97336,1306,97336677337
5,86248,1305,862488618851
5,10798,1301,1079809949
5,12369,1298,12369294
5,86754,1297,867545710043
5,49172,1289,491726235076
5,05588,1281,0558807956
5,05048,1273,0504820250
5,51805,1270,518054
5,86132,1268,8613291805722
5,91990,1268,919906373505
5,51900,1256,519000
5,97164,1251,9716451086
5,92308,1250,923080808297
5,05560,1242,0556038123
5,96594,1241,96594989545
5,86516,1230,8651683106831
5,11010,1228,1101003
5,86255,1220,862552984767
5,10007,1216,100071
5,86852,1216,8685229510212
5,91996,1214,919967939633
5,45000,1212,450001
5,50651,1210,506510197
5,38050,1198,380503129554
5,86535,1196,86535811449
5,86228,1194,862283520588
5,92033,1193,9203335100900
5,88698,1192,886988967083
5,96207,1191,9620799219426
5,14168,1189,14168271966
5,50645,1187,506450701
5,86898,1178,8689866668989
5,92346,1177,923461607137
5,50559,1176,505598851
5,05053,1172,0505341134
5,86575,1169,865752657388
5,92312,1167,923124336173
5,50641,1165,506410212
5,63415,1164,63415032
5,91991,1162,919910288713
5,50624,1158,506249186
5,05623,1158,0562371857
5,86102,1156,861022898800
5,98218,1154,98218433
5,92212,1153,92212724706
5,86791,1152,867917152912
5,05084,1151,0508482545
5,86752,1148,867522351751
5,30082,1147,3008280486
5,16475,1142,16475008461
5,50551,1142,505513415
5,86750,1142,867503161906
5,44770,1141,447702577726
5,50550,1140,505502454
5,05078,1138,0507898939
5,05072,1134,0507256534
5,97450,1132,97450917578
5,50653,1131,506539843
5,10004,1130,100043
5,05510,1129,0551006600
5,13910,1127,13910710752
5,21266,1118,212666156660
5,44740,1117,447405261500
5,91992,1107,919920010305
5,44789,1107,447896997957
5,10010,1106,100101
5,91971,1104,919711111621
5,44774,1103,447749288999
5,44782,1100,447824644450
5,85290,1097,85290158802
5,97137,1097,97137670619
5,86514,1096,86514749552
5,50455,1094,504555953
5,96612,1094,966127432700
5,92323,1093,92323661
5,97161,1088,9716157511
5,05085,1086,0508588408
5,20111,1084,201117739990
5,91997,1083,919979417000
5,05056,1082,0505685781
5,50454,1080,504545810
5,85228,1078,85228844
5,50558,1075,505585702
5,99450,1074,994502118700
5,86760,1074,867603389333
5,20005,1073,200051
5,86351,1070,863518911111
5,05024,1062,0502471887
5,11738,1056,11738921
5,97125,1055,97125910107
5,05039,1055,0503918564
5,50658,1054,5065885
5,20004,1050,200042
5,48812,1045,48812222
5,05049,1043,0504977655
5,20202,1040,202020
5,20006,1034,200060
5,05668,1029,0566813906
5,20201,1029,202013
5,96596,1026,96596607708
5,50646,1024,506462781
5,44075,1021,4407538212000
5,12099,1020,12099783
5,86276,1020,862761483
5,86536,1016,865367565935
5,03002,1013,03002293233
5,16479,1011,16479555378
5,05025,1011,0502515916
5,44753,1009,447534418719
5,92336,1008,923361761100
5,05035,1006,0503511118
5,22177,1006,221773164112
5,86312,1005,863123335876
5,97162,1004,9716256625
5,86185,997,8618520764447
5,91974,995,919746715515
5,31202,995,312020
5,05015,988,0501579945
5,44792,983,447920486800
5,50656,982,506568894
5,96598,981,96598850887
5,97444,975,97444996538
5,92313,975,923133989999
5,97192,974,97192224516
5,85225,970,85225725211
5,91942,969,919428360172
5,86150,965,8615058677388
5,92304,965,923043883678
5,97167,964,97167483078
5,50659,962,506591163
5,16472,959,16472343970
5,21366,959,213661939939
5,52800,954,528004270
5,86523,954,865233849848
5,85296,953,85296992046
5,96700,951,967000000000
5,05074,948,0507485770
5,50458,947,504589863
5,92032,944,9203215096567
5,50456,943,504560078
5,96896,943,9689689933333
5,20043,938,200433
5,43007,938,430073
5,23324,937,233244718699
5,05099,937,0509937723
5,05577,936,0557777281
5,96136,935,9613640033
5,05068,933,0506810310
5,44074,932,4407477068455
5,05022,932,0502253397
5,04708,928,047082140
5,97430,927,97430448074
5,44741,926,447411748808
5,13901,926,13901114491
5,11212,925,1121201
5,05054,917,0505441111
5,86103,916,86103410731
5,97477,915,97477897750
5,86533,910,865336298333
5,91900,909,919004919985
5,96893,909,96893423372
5,97130,907,9713049990
5,50444,907,504445684
5,97177,907,9717755300
5,20033,905,200336
5,13513,904,13513138
5,86317,902,863177729968
5,50457,899,504578723
5,50640,898,506400242
5,97106,895,971065335533
5,35387,894,353879782801
5,91963,892,919637124565
5,88690,892,886901333933
5,99890,888,998901876207
5,49152,885,491523724081
5,86515,884,865158345291
5,04222,882,042223333
5,05028,880,0502866388
5,91986,877,919869802107
5,61000,876,610000
5,05011,874,0501114011
5,05091,873,0509161888
5,05071,869,0507186616
5,86206,869,862062694626
5,05014,866,0501423666
5,85223,863,85223620281
5,96614,861,96614350000
5,22202,860,222020
5,05052,858,0505271993
5,96894,856,96894186517
5,04352,854,043525919
5,91993,853,919936542260
5,05010,846,0501000675
5,92314,843,923149000602
5,16904,840,16904000
5,05075,838,0507555177
5,50626,837,506267396
5,05552,836,055526635
5,05070,828,0507058166
5,41000,828,410000
5,49151,827,491514533353
5,20002,827,200029
5,96567,825,96567676418
5,97140,825,9714007442
5,50553,822,505539078
5,04226,821,042268161
5,38067,819,380674832163
5,39335,818,39335257331
5,85292,816,85292827523
5,85291,814,85291598259
5,97133,814,9713333067055
5,97102,804,971026341751
5,44757,798,447575343923
5,51802,796,518021
5,96171,795,96171303080
5,24493,794,244930859301
5,96897,793,96897427128
5,10005,792,100054
5,86851,791,868515521107
5,44754,790,447540686159
5,86511,790,865115810022
5,92303,789,923039100185
5,05617,789,0561706264
5,24202,788,242020
5,92335,787,923350401834
5,10009,787,100093
5,05522,786,0552215300
5,20010,784,2001097149060
5,91932,781,919328822244
5,27202,779,272020
5,05079,778,0507952482
5,91976,777,919769739337
5,85227,776,85227454303
5,62812,774,6281236114600
5,51804,772,518048
5,05660,768,0566061224
5,97111,767,971116449
5,86202,767,862023310520
5,50450,764,504502857
5,05550,760,055509786
5,91955,758,919554214555
5,12345,754,123456789
5,05027,753,0502788129
5,04331,753,0433184767
5,56412,749,564126010
5,44745,748,447455055002
5,32500,748,325000
5,51810,746,518101
5,09714,745,097143434080
5,05037,744,0503767109
5,05036,743,0503652837
5,05076,742,0507645031
5,05047,740,0504754961
5,90533,740,905330458163
5,51063,740,510630
5,61004,740,6100411
5,97172,739,97172461461
5,91941,738,919414495775
5,91943,738,919437318071
5,05081,736,0508102276
5,05051,736,0505159260
5,44775,735,447757943194
5,85297,734,85297476210
5,05595,732,0559576837
5,86578,730,865785113727
5,92344,722,923441195523
5,96600,722,9660096650000
5,05095,721,0509517887
5,50622,721,506229296
5,05566,718,0556668953
5,21210,718,212102
5,04361,712,043618003
5,91995,711,919951793603
5,92343,710,923433507096
5,43329,709,43329204
5,97132,705,9713212433221
5,05073,705,0507356000
5,97191,705,9719193139963
5,88697,702,886975868681
5,35386,702,353868559127
5,50452,700,504522572
5,23407,699,23407052528205
5,20106,698,20106193636
5,16476,698,16476279945
5,20109,692,201091950280
5,65812,692,6581238888
5,21500,692,215000
5,50453,691,504536789
5,05058,691,0505853131
5,04344,689,043448684
5,86539,686,865397162591
5,05598,685,0559869000
5,44116,684,441162710047
5,05512,682,0551244364
5,05086,681,0508612505
5,46704,680,46704610707
5,91101,680,911010101010
5,50600,679,506006533
5,25578,679,255784786309
5,81020,678,8102018
5,03212,678,03212775185
5,86316,677,8631659761160
5,97178,674,9717880655
5,92315,669,923150305521
5,96569,668,96569000891
5,86758,666,867584822969
5,50451,665,504510109
5,11313,665,1131312
5,04000,665,040000000
5,05564,664,0556460989
5,50611,664,506116690
5,97124,663,97124994337
5,14202,662,142020
5,11515,661,1151504
5,96613,659,966138322724
5,11414,657,1141406
5,55603,656,556036745
5,92320,655,923200060001
5,03332,654,03332510667
5,29202,654,292020
5,86537,650,865377296557
5,04332,649,043325656
5,88001,648,88001844460360
5,20013,648,200135
5,05029,647,0502954375
5,96626,646,96626910703
5,24491,644,244912496369
5,05547,643,0554723021
5,05012,642,0501211911
5,86538,642,865388688917
5,97470,641,97470217407
5,12100,641,12100020
5,05280,640,0528002244
5,05090,640,0509076134
5,23202,640,232020
5,44746,639,447463647867
5,44755,638,447557991916
5,13810,637,13810479705
5,53715,636,53715016
5,43636,636,43636888
5,91965,634,919654508567
5,05038,634,0503838554
5,25473,634,254735953601
5,86315,634,863152319955
5,18611,633,18611526888
5,16202,633,162020
5,44749,632,447493684217
5,92307,631,923070210324
5,31500,630,315000
5,98913,630,989132044500
5,20007,630,2000771
5,05094,626,0509432679
5,97134,625,9713438949
5,96522,624,96522574824
5,44742,624,447429349900
5,05080,623,0508058276
5,50552,623,505529869
5,86991,620,869912870394
5,91098,614,9109880801100
5,04343,613,043439844
5,04360,611,043609640
5,86518,610,8651882132121
5,04367,609,0436765817790
5,05031,608,0503156922
5,91916,608,919167944590
5,55600,608,556004006
5,86211,608,862112345678
5,16474,607,16474600057
5,05057,606,0505761548
5,05020,605,0502092005
5,96132,604,9613231190
5,50888,604,508888968
5,97252,603,972524843333
5,97166,602,9716689667
5,05059,602,0505944529
5,99897,602,998974424845
5,50662,601,506628872
5,97157,601,971570044783
5,20008,598,200083
5,05665,595,0566562294
5,11440,595,11440061
5,91888,594,918888667435
5,86572,594,865722572345
5,50459,592,504598498
5,13811,591,13811059963
5,96824,590,96824499520
5,18180,589,181803
5,49171,589,491713740973
5,97250,589,972505711199
5,44121,589,441214724723
5,21010,588,2101005
5,15150,588,151501
5,23230,587,232305
5,91889,587,918897553337
5,50050,585,500503116008
5,44748,584,447481612013
5,97174,582,9717434361
5,15202,582,152020
5,86773,582,867737705170
5,05021,579,0502177830
5,96898,578,96898986995
5,05599,578,0559988889
5,05092,578,0509288296
5,97169,577,9716917558
5,11000,576,1100000
5,62813,576,6281314415468
5,14169,575,14169898138
5,04295,575,042959816
5,07192,575,07192020
5,97188,573,9718892228
5,05299,573,0529954588
5,27837,572,27837789364
5,92347,571,923474747479
5,05030,570,0503076619
5,77015,570,77015559582
5,21111,570,2111103
5,97059,569,970599310552
5,97205,569,9720528614234
5,92512,568,92512652525
5,27985,568,27985501
5,86772,568,867722103100
5,05554,566,0555422709
5,91985,566,919855095011
5,50657,566,506570855
5,50666,566,506667281
5,26607,566,266071
5,50634,565,506343577
5,38063,565,380631892116
5,50698,563,506986857
5,97146,563,9714646538
5,91958,562,919581119389
5,62720,561,6272020
5,97101,560,97101555954587
5,30202,560,302020
5,13202,559,132020
5,04353,559,043534055
5,86596,558,865966249214
5,55552,557,555520073
5,50700,557,507000103
5,91960,557,919606364454
5,04351,557,043510588
5,05611,556,0561117103
5,86189,556,8618971908923
5,44192,556,441924502259
5,39338,555,393386320591
5,11616,555,1161605
5,16047,553,16047606668
5,05521,552,0552162280
5,91934,550,919340626
5,96525,550,96525241429
5,20102,549,201022838772
5,10087,548,100873
5,86631,548,866315217777
5,05565,547,0556587716
5,92311,546,923114288208
5,86123,544,8612345678
5,04266,544,042664742
5,43000,542,43000000
5,88696,542,886966775961
5,97175,541,9717553243
5,50776,540,507769836
5,86214,538,862147483647
5,86275,538,8627595013058
5,50500,535,505008008
5,79037,535,79037262717
5,33651,535,33651872948
5,18610,534,18610164764
5,25677,532,256772581025
5,17202,532,172020
5,12120,531,121201
5,05545,530,0554544126
5,05610,530,0561013102
5,13601,529,13601351359
5,50343,528,503438654
5,21202,528,212020
5,29122,528,29122502
5,50628,527,506281617
5,92426,526,92426668006
5,04228,524,042280420
5,12121,522,121210
5,11202,522,112020
5,44799,520,447990557642
5,85294,520,85294607717
5,04282,519,042820007
5,05544,519,0554461089
5,55520,519,555208855
5,86286,518,862866706002
5,04359,517,043593591
5,91919,517,91919820846882
5,04347,516,043475955
5,04394,516,043944620
5,86335,515,863357920599
5,96891,513,96891405750
5,09710,512,09710506460808
5,96777,512,967771269369
5,36200,512,362000
5,32200,512,322000
5,23417,511,23417761909
5,04225,511,042252913
5,40000,510,400007
5,97254,510,972546728022
5,21001,510,210016
5,02135,508,02135845467
5,86238,508,862386203466
5,05018,507,0501899705
5,21212,505,2121202
5,86759,505,867596776230
5,10202,505,102020
5,19190,502,191909
5,11602,502,116025
5,14036,501,14036905210
5,25000,501,250000
5,85293,500,85293462006
5,50442,499,504428183
5,50632,499,506324716
5,11110,499,111109
5,52300,496,523000
5,05575,495,0557571969
5,51062,494,510620
5,97338,493,97338119458
5,05677,492,0567754626
5,05669,492,0566918131
5,04335,490,043355654
5,86931,490,869318521610
5,04321,489,043210800
5,05538,488,0553864056
5,20009,488,200092
5,05016,487,0501688272
5,05032,487,0503257648
5,10110,485,101101
5,39339,485,393394061266
5,85224,485,85224416899
5,86156,484,8615638218437
5,05290,484,0529086296
5,43830,484,43830082
5,50642,483,506421166
5,44161,482,441619282686
5,41792,480,41792110627
5,86107,480,861079128080
5,13801,479,13801073078
5,26600,479,266000
5,55100,478,551000846
5,05089,478,0508989445
5,91880,477,918800257540
5,14167,477,14167866667
5,35840,475,358405551050
5,26202,475,26202000
5,25675,474,256751342787
5,04397,473,043972444
5,50616,472,506166200
5,44127,471,441274732675
5,24240,471,242403
5,91306,471,913062
5,12020,471,1202001
5,85298,470,85298313830
5,98917,469,989173793390
5,44759,468,447595174928
5,91979,468,919797216737
5,92306,467,923064456702
5,61666,467,616667025
5,44800,466,448000000000
5,19202,466,192020
5,49177,465,491776536888
5,77772,465,77772634040
5,25001,464,250013
5,49173,462,491733604413
5,50462,461,504621201
5,13501,460,13501088828
5,92423,459,924236667325
5,50505,459,505050
5,50851,459,508519750
5,44170,459,441708347326
5,97199,454,9719988840
5,14162,454,14162872222
5,17170,454,171708
5,97198,453,9719867621
5,50631,453,506316222
5,50900,453,509004219
5,86471,452,864716350015
5,50100,451,501004967
5,44739,450,4473995397150
5,49170,449,491709144968
5,91972,449,919725009729
5,97317,448,97317232444
5,22220,448,222202
5,51066,448,510660
5,86593,446,865932870116
5,05291,445,0529160888
5,92305,444,923052192760
5,91966,444,919664559536
5,91812,443,918127333311
5,04338,443,043381779
5,97170,442,9717037837
5,05540,442,0554031287
5,04355,441,043555353
5,05556,440,0555631094
5,86188,439,8618826402881
5,96638,439,96638571200
5,04447,439,044473573
5,04420,438,0442089972300
5,98915,437,989155740104
5,31653,436,31653181129
5,05523,436,0552340500
5,55000,436,55000920
5,97135,435,9713598399
5,91956,435,919560034445
5,50554,433,505547599
5,18910,433,18910528833
5,97195,431,97195957951
5,04334,431,043346269
5,97332,431,97332398276
5,04285,429,042859728
5,86594,429,865942221535
5,97186,428,971866799525
5,04398,428,043980990
5,10006,428,100062
5,86635,428,866358225521
5,44737,426,447378658855
5,97122,426,9712239567
5,18601,426,18601089875
5,05060,426,0506007688
5,50297,425,502970014
5,13701,424,13701132917
5,11600,424,116001
5,20101,423,201019099992
5,25670,423,256702973885
5,51811,422,518110
5,21400,422,214001
5,23320,421,233209592257
5,91968,421,919685195455
5,16477,421,16477733841
5,96479,420,9647901393247
5,86379,420,8637965357119
5,05026,418,0502633888
5,21300,418,213000
5,11717,417,1171705
5,05033,416,050333222
5,92341,416,923416116053
5,04299,416,042996378
5,44758,415,447588492052
5,88695,415,886953186836
5,86412,415,864123196152
5,39348,414,393485522364
5,77272,414,77272569728
5,10220,414,102208
5,05532,413,0553299174
5,15000,413,15000783001
5,05292,413,0529232895
5,20127,411,201270255546
5,92310,411,923102869989
5,97190,410,9719012564
5,05533,410,0553333589
5,44751,409,447513127438
5,92324,409,923248471847
5,33000,409,330000
5,91964,408,919646691971
5,55902,408,559020367
5,05000,408,050000
5,10085,408,10085901
5,86180,407,8618072939222
5,04341,407,043410517
5,14166,407,14166665614
5,82101,407,821012
5,23500,406,2350000000000
5,65972,406,6597274941
5,35799,406,35799808862
5,04337,403,043376935
5,49178,402,491785830116
5,10100,402,101003
5,55558,401,555589640
5,41798,401,41798871353
5,04224,401,042247321
5,43946,400,43946115
5,86318,400,863186015050
5,55550,399,555505349
5,05017,399,0501755308
5,11919,399,1191901
5,04348,399,043480
5,55777,397,557777314
5,11818,397,1181801
5,14140,397,141406
5,86552,397,8655267221912
5,26599,397,265991122991
5,05511,396,0551182020
5,97121,395,9712110346050
5,86310,395,863106053100
5,50876,395,508766467
5,50000,395,500000000
5,86734,394,867348875599
5,44752,393,447523474353
5,04363,393,043636846
5,05557,392,0555764728
5,50502,392,50502248
5,27270,392,272701
5,43991,392,43991113
5,25202,392,252020
5,05043,391,0504334333
5,92342,391,923425428515
5,79857,391,79857624292
5,86733,391,867336570598
5,37529,390,375292677786
5,37129,390,37129224449
5,97149,388,9714967466
5,18600,388,18600717150
5,23000,387,23000000000
5,49174,387,491743533633
5,04340,387,043405333
5,97147,386,971475768666
5,96137,386,9613770335
5,86377,386,8637766054839
5,97118,385,9711883648
5,98711,385,9871108787
5,43688,384,43688808
5,91773,384,917738660080
5,91949,384,919492824134
5,27973,384,27973563
5,86226,384,862260251186
5,04454,383,044548792
5,96773,382,967733216396
5,88130,381,8813000
5,52900,381,529007925
5,17460,380,17460002
5,04330,380,043300086
5,50613,379,506136622
5,05098,379,0509820333
5,91970,379,919701974598
5,50882,379,508828564
5,26096,378,260966783007
5,55200,378,552002444
5,04294,377,042944478
5,28969,377,28969270
5,05286,376,0528631207
5,86951,376,869515043313
5,39111,375,3911111
5,26400,375,264000000000
5,50886,374,508860491
5,50926,374,509266404
5,90542,374,905423973175
5,32182,374,3218246769
5,05568,373,0556836682
5,05553,373,055535223
5,97139,373,97139973095
5,04223,373,042233411
5,05519,373,0551927820
5,25470,373,254708343282
5,16160,372,161605
5,21313,372,2131305
5,30000,372,300000
5,93700,371,93700805019
5,05590,371,0559004731
5,37369,371,37369296454
5,65900,370,6590078811
5,05559,370,0555961394
5,04339,370,043390760
5,94777,370,94777374349
5,50661,370,506614084
5,31501,370,315010
5,86459,370,864595997888
5,86768,370,867682869216
5,97103,369,971037667466
5,91977,369,919773477811
5,04399,369,043994050
5,20114,368,201144440072
5,22600,368,226001
5,04329,368,043291337
5,03000,366,03000281373
5,31002,366,310023203
5,55884,365,558844738
5,05524,365,0552435893
5,50441,365,504414176
5,92923,365,9292336162200
5,91951,365,919511859962
5,33330,365,3333051511
5,04287,365,04287027
5,92034,364,9203444444381
5,43699,364,4369911166663
5,50355,364,503555343
5,91959,363,919591276634
5,86838,363,868382274206
5,04885,363,048851555
5,31504,362,315040
5,35350,361,353504
5,44014,361,4401472882187
5,27828,361,27828125777
5,44141,361,441413536727
5,43622,360,43622292
5,50636,360,506364962
5,43664,360,436642253000
5,91953,360,919535200115
5,10017,360,1001796698
5,50443,359,504433185
5,65985,358,6598588600
5,05558,358,0555833129
5,44016,358,4401689823988
5,05614,357,0561447101
5,05622,357,0562265781
5,04288,357,042888305
5,22507,356,22507936061
5,97120,355,9712047269
5,12222,355,1222208
5,13535,353,13535906559
5,21779,353,21779347
5,91950,352,919501082020
5,96407,352,96407704488609
5,50172,352,501721222
5,04227,351,042276331
5,50676,351,506765356
5,74957,351,749577626265
5,21891,350,218910126789
5,05082,350,0508287236
5,88019,350,8801915859
5,24381,349,243817518798
5,50675,349,506755143
5,05520,348,0552054449
5,12626,348,1262607
5,55645,347,556453178
5,30697,347,306974965677
5,44447,347,44447802830258
5,04333,347,043335118
5,05578,346,0557859228
5,65983,345,6598330869
5,35699,345,35699987279
5,29290,344,292906
5,86717,344,867176572412
5,96524,343,96524726888
5,91917,343,919173908898
5,56997,343,56997991268
5,49157,343,4915751455799
5,21377,342,213770933933
5,05561,342,0556129439
5,50612,342,506127847
5,41796,342,41796583547
5,86546,342,865468391865
5,38006,341,3800675555551
5,65096,341,65096364072
5,44032,341,44032254
5,86391,340,863911826577
5,04395,340,043958322
5,20001,340,200010
5,91902,340,919029083352
5,04427,340,044270711
5,55881,339,55881593
5,97117,339,9711711723456
5,25575,339,255754305270
5,14165,338,14165771179
5,32560,338,325604
5,91921,337,919215806001
5,97160,337,971602228596
5,86013,337,8601377057345
5,43951,336,43951119
5,37256,336,37256812252
5,50621,336,506212120
5,86632,336,866325525937
5,88018,335,8801819256995
5,77019,334,7701911194
5,46705,334,46705880368
5,04393,334,043939519
5,86553,334,865535771358
5,96133,333,9613351173
5,25571,333,255713438055
5,85265,332,85265415964
5,27824,332,27824946460
5,55119,332,5511997882717
5,05277,332,052778940
5,86373,332,863732110691
5,12899,331,12899800149
5,97182,331,9718233782
5,30300,331,303002
5,50667,330,506670371
5,86187,330,8618701803336
5,50688,330,506882593
5,71006,330,710061
5,86109,330,861095050774
5,96103,329,96103618630
5,50307,329,503073311
5,97366,329,97366664666
5,33061,328,330614050442
5,05581,327,0558131999
5,50496,327,504966316
5,50635,327,506357813
5,96176,327,96176379039
5,04267,327,042676638
5,30022,326,300222
5,86775,326,867752681533
5,86633,326,866332636666
5,55551,324,555511710
5,05041,324,0504111808
5,91903,324,919033000744
5,03333,324,03333563033
5,35191,323,351912517273
5,97181,323,971810100132
5,05585,322,055854033
5,56179,322,561795274
5,91701,322,917019393266
5,77012,322,77012257782
5,30007,322,3000703171
5,86570,322,865704032406
5,65968,321,6596867527
5,50300,321,503008305
5,50465,321,504659514
5,05667,320,0566765796
5,47018,320,47018111
5,56681,320,566813482
5,20011,320,2001128904653
5,13131,320,131312
5,53000,320,530000000
5,74959,319,74959358200
5,96696,319,966966504580700
5,27825,319,27825697729
5,44019,319,4401923260173
5,04264,319,042646778
5,05580,318,055800001
5,50426,318,504260171
5,77011,318,7701166600
5,86668,318,866683100316
5,50482,317,504828904
5,44073,317,4407367320200
5,44738,317,447380380839
5,55454,317,554544126
5,05573,317,0557309021
5,40722,317,40722346638
5,44175,316,4417525
5,13552,316,13552206292
5,24499,316,244993014893
5,91702,316,917025555560
5,86556,316,865568459728
5,86797,316,867978133453
5,25420,315,25420781346
5,50378,315,503787275
5,55470,315,554705043
5,98911,315,989111511210
5,97334,314,97334187404
5,05093,314,0509374485
5,13311,314,13311394921
5,50356,314,503561725
5,46707,314,46707317911
5,86816,314,868162377880
5,91810,313,918106388910
5,04421,313,044211596
5,04221,312,042210264
5,91887,312,918879230928
5,13522,312,13522134138
5,13232,312,1323201
5,98214,312,982144634908
5,55555,311,555555380
5,50400,311,504002206
5,85226,311,85226816888
5,05267,310,0526745022
5,50468,310,504680097
5,16316,310,163169
5,77777,309,77777170
5,92031,309,9203138948942
5,05537,308,0553744563
5,36101,308,361012
5,05288,307,0528860778
5,85221,307,85221047
5,50466,306,504666669
5,12323,306,1232307
5,50859,306,508597826
5,91789,306,917899933173
5,37370,306,373701
5,13130,305,131303
5,55557,305,555578155
5,99655,305,996554266000
5,31310,305,313106
5,96134,305,9613481726
5,97128,305,9712892955
5,33322,305,3332268560
5,32130,305,3213041903
5,16138,304,16138522618
5,22100,304,221000
5,86792,304,867928128508
5,86598,304,8659881582988
5,86234,304,8623463311111
5,25250,303,252508
5,41786,303,41786534061
5,91946,303,919464278157
5,39340,303,393409000878
5,27829,303,27829325132
5,04229,302,042291295
5,75000,302,7500075
5,61400,302,61400749451
5,79859,302,79859707638
5,85260,302,85260315719
5,04396,302,043967139
5,71418,301,714183050
5,13665,301,136650059
5,05593,301,0559350583
5,91967,301,919676946226
5,91805,301,918050000300
5,20032,300,20032003
5,28280,300,282804
5,50755,300,507555177
5,50871,300,508710106
5,50150,300,501503444
5,55556,300,555569707
5,50220,300,502206612
5,05570,300,0557065082
5,86416,300,864162829060
5,86580,300,865802031360
5,33609,299,33609055706
5,04324,299,043243330
5,04336,299,043368427
5,32100,299,321000
5,97185,298,9718526544
5,05582,298,0558289366
5,49160,298,491608965457
5,05530,298,0553080666
5,86732,298,8673211111111
5,91973,297,919739566577
5,50481,297,504813455
5,04349,297,043498440
5,13065,297,13065203803
5,17778,296,17778355
5,96850,296,968509926400
5,86517,296,865173669588
5,50678,296,506785723
5,91931,296,919313822623
5,35269,295,352691341431
5,34340,295,343401
5,93799,294,93799336645
5,56686,294,566861480
5,50200,294,502007008
5,86372,294,863720
5,86218,294,862188918508
5,50617,293,506178911
5,04235,293,042351816
5,41787,293,41787283872
5,33333,293,3333346234
5,25078,292,250788501043
5,91906,292,919062459001
5,28023,292,28023833
5,86888,292,868886662343
5,91799,291,91799832
5,85269,291,85269008356
5,97184,291,9718414962
5,41797,291,41797623337
5,65918,291,6591815740
5,13434,291,1343402
5,20128,291,201288522912
5,79162,291,79162121030
5,05551,291,0555111995
5,50440,290,504401087
5,31919,290,3191905
5,04345,290,043452414
5,04431,290,044315131
5,05541,289,0554149123
5,50159,289,501591521
5,92427,289,92427634011
5,91980,289,919809041052
5,05263,288,0526333341
5,96139,288,9613981289
5,27827,288,27827887786
5,51504,288,5150451
5,53002,288,530021
5,05529,287,0552986262
5,44743,287,447432801976
5,20093,287,200935
5,14164,286,14164601611
5,04262,286,042629700
5,50708,286,507085729
5,50105,286,501059950
5,05635,286,0563587099
5,13333,286,1333303
5,21414,286,2141402
5,25884,286,258843093380
5,39334,286,393349513415
5,44200,286,442000000000
5,50557,285,505578172
5,50495,285,504959251
5,86472,285,8647222819
5,31621,285,31621842742
5,07204,285,072041111
5,85229,285,85229754422
5,86555,284,865555
5,25010,284,250100
5,97337,283,97337778969
5,50777,283,507779304
5,91770,283,917702883701
5,50541,282,505414611
5,86716,282,8671612345678
5,04268,282,042683768
5,50350,281,503509723
5,65000,281,6500000
5,50424,280,504243481
5,40001,280,400010
5,17537,280,175370071
5,54100,280,541001
5,50544,278,505442442
5,50677,278,506772539
5,91777,278,9177753502
5,50713,278,507134001
5,20140,278,20140039
5,91918,278,91918508500002
5,86796,278,8679685218098
5,23769,278,237691757645
5,44017,278,4401753526293
5,86753,278,867532327118
5,13939,277,1393902
5,04286,277,042867739
5,50189,277,501890693
5,55889,277,558897673
5,33614,277,33614286095
5,32320,277,3232073574
5,97141,276,9714142212
5,50699,276,506999206
5,05576,276,0557611794
5,50633,276,506339167
5,15148,276,15148927226
5,86534,276,865342666216
5,43001,276,430015
5,05591,275,0559129437
5,50296,275,502965055
5,85256,274,85256104747
5,05666,274,0566665999
5,23354,274,233540925817
5,18202,274,182020
5,97163,273,9716309400
5,50770,273,507707666
5,65938,273,6593869630
5,03003,273,03003572347
5,05672,273,0567290639
5,52888,272,528883777
5,96393,272,96393311311
5,50525,272,505257797
5,99899,272,998998939939393
5,04457,272,044579128
5,29118,272,29118575
5,25471,271,254719865483
5,79219,271,79219198919
5,26260,271,262603
5,97112,271,9711219182
5,50794,270,507944640
5,26097,270,260978786100
5,91734,270,917349545481
5,33658,270,33658900907
5,71609,269,71609810
5,50800,269,508004738
5,91897,268,918977492
5,55954,268,559546889
5,46708,268,46708998883
5,22500,268,225000000000
5,25500,268,255000000000
5,37100,268,37100000000
5,86313,268,863130657330
5,39390,267,393902
5,65969,267,6596930120
5,12828,267,1282802
5,98217,267,982172172
5,44018,267,44018011
5,91800,266,918007731942
5,50548,266,505489469
5,96265,266,96265535454
5,50447,265,504478450
5,55900,265,559003210
5,32475,265,32475710390
5,04202,265,042027
5,03009,264,03009225573
5,86719,264,8671960
5,29103,264,29103195
5,86530,264,865305621111
5,91957,263,919573262836
5,16473,263,16473310684
5,43676,263,436765264750
5,49175,263,491756611567
5,05083,263,0508349996
5,04269,263,042692226
5,50614,262,506144525
5,50845,262,508455504
5,96595,262,96595594000
5,04452,262,044522118
5,85268,261,85268093838
5,91808,261,918089521004
5,38093,261,380934952120
5,61410,261,614106058
5,05019,261,0501938791
5,41794,261,41794471556
5,14035,261,14035547575
5,31910,261,31910491
5,50668,260,506685898
5,61001,260,610017
5,40003,260,400032
5,10391,260,103915496
5,91860,260,918608080000
5,52830,260,528307480
5,32222,259,3222204
5,36360,259,363606
5,85252,259,85252756445
5,30023,259,3002346616
5,44015,259,4401582413943
5,27833,258,27833000673
5,05279,258,0527995900
5,94717,258,94717478955
5,86432,258,864322091200
5,99559,257,995599954315
5,05584,257,0558441974
5,90545,257,905455345091
5,28202,257,282020
5,65622,257,6562296050
5,50685,256,506859673
5,43513,256,43513777
5,97129,255,9712926262
5,38395,255,383952
5,20112,254,201120111109
5,05097,254,0509710456
5,39347,254,393473706020
5,38380,254,383805
5,86319,254,863193051687
5,50545,253,505451730
5,50912,253,509126362
5,60122,253,60122266561
5,96131,253,9613110350
5,38099,253,380992404857
5,04501,253,045015000
5,39466,252,39466499
5,26377,252,263774935195
5,86779,252,867797290472
5,12727,252,1272704
5,21698,252,21698482982
5,35987,251,359876805065
5,61426,251,61426821178
5,50568,250,505681973
5,33671,250,33671701098
5,33627,250,33627304305
5,03218,250,03218527771
5,33323,250,3332324449
5,86376,250,863766849999
5,86527,250,865274465158
5,50884,249,508849550
5,96500,249,9650096599
5,05023,249,0502337658
5,98311,249,983112338200
5,12929,249,1292904
5,91099,248,9109967176666
5,50922,248,509229311
5,55544,248,555444064
5,55559,248,555598990
5,96559,248,965597946680
5,86745,248,867457310848
5,04263,248,042639391
5,97131,247,9713152758
5,50857,247,508572060
5,86370,246,8637051
5,97127,246,9712777763
5,85261,246,85261053876
5,91807,246,918075823491
5,04323,246,043236245
5,70000,246,7000000
5,03042,246,03042021
5,40740,245,40740161115
5,05298,245,0529872482
5,27760,245,277604065
5,79184,245,79184304190
5,04422,245,044221676
5,12424,244,1242401
5,33620,244,33620663777
5,55103,244,551032444
5,33613,244,33613734141
5,10392,244,103921418
5,39349,244,393493695306
5,21002,244,210029
5,05569,242,055694444
5,05516,242,0551687434
5,50725,242,507254602
5,52902,242,529026479
5,15149,242,15149226704
5,31400,242,314000
5,52840,242,528400
5,92337,242,923372102106
5,31010,242,3101057925
5,65962,241,6596235987
5,10020,241,1002000
5,83433,241,83433479
5,50242,241,502428522
5,91948,241,919486647784
5,31212,241,3121204
5,33618,240,33618005531
5,50754,240,507541446
5,42190,240,421903803203
5,44440,240,444404
5,43956,240,43956916
5,44023,240,44023763
5,65633,240,6563314222
5,86710,240,867108390926
5,16132,239,16132196112
5,20115,239,201154500700
5,50623,239,506230755
5,55553,239,555530299
5,56115,239,561152420
5,91750,239,917506498741
5,44148,239,441483827050
5,91904,238,919041642220
5,97136,238,9713608160
5,91905,238,919056581710
5,52811,238,528111131
5,37368,238,37368568075
5,51806,238,518060
5,23409,237,23409090069205
5,50875,237,508750121
5,18911,237,18911999040
5,86235,237,8623562356000
5,04883,237,048836800
5,05592,236,0559232465
5,90535,236,905353601055
5,05664,236,0566471231
5,56682,236,566822477
5,41410,236,414103
5,50879,236,508792366
5,11001,236,1100100
5,03052,236,03052223774
5,86818,236,868186243227
5,85231,236,85231860780
5,97113,235,971138356000
5,63917,235,639177798717
5,21919,235,2191902
5,50427,235,504276725
5,13636,234,1363602
5,91809,234,918097786000
5,50728,234,507289629
5,15145,234,15145606060
5,39328,234,393284217202
5,44012,234,4401214491856
5,50872,234,508725852
5,61450,234,61450643584
5,33611,234,33611300661
5,05528,234,0552844479
5,02012,234,0201222191140
5,79161,233,79161343773
5,13581,233,13581515585
5,91844,233,918444933344
5,15146,232,15146598789
5,88016,232,880166204
5,55887,232,558874701
5,79166,232,79166722070
5,33607,232,33607974842
5,21200,232,21200000000
5,31968,232,31968099
5,30045,232,3004545
5,86256,232,862568859178
5,05264,231,0526450298
5,96181,231,96181641331
5,91842,231,918427238039
5,44190,231,441902885377
5,67387,230,6738749991
5,19057,230,19057834567
5,41514,230,415145833
5,83000,230,830001
5,05596,230,0559695501
5,31200,230,312002
5,03222,230,03222055515
5,73272,230,73272642877
5,86356,230,863565883156
5,90530,229,905308346059
5,56683,229,566836180
5,50798,229,507988428
5,85267,229,85267627231
5,16464,229,16464791111
5,33652,229,33652406408
5,50252,228,502520936
5,97183,228,9718344040
5,50788,228,507889099
5,79200,228,792003
5,31859,228,31859364
5,19112,228,19112019
5,50273,227,502737020
5,91886,227,918866979786
5,50751,227,507517106
5,97168,227,9716865460
5,50251,227,502511318
5,05513,226,0551361272
5,61003,226,610031
5,61425,226,61425220707
5,15147,226,1514717
5,51060,226,510600
5,04423,226,044239988
5,13105,225,131052
5,50395,225,503958850
5,50233,225,502338484
5,91933,225,919335995563
5,19152,225,191523620
5,23131,225,2313107
5,44736,225,447367324844
5,42191,225,421917578785
5,21261,225,212619209887
5,99455,224,994558950520
5,65966,224,6596655179
5,49017,224,4901712860388
5,52907,224,529075405
5,04453,224,044534667
5,05597,224,0559788877
5,22200,224,2220000000000
5,97115,223,9711500084
5,79036,223,79036928135
5,43430,223,434306
5,50241,223,502414942
5,13475,223,13475474995
5,30020,223,3002000262
5,14525,223,145253
5,05013,222,0501328392
5,50709,222,507097500
5,10260,222,1026019
5,41763,222,41763653362
5,18322,222,18322170911
5,39393,222,393936657219
5,88888,222,888888
5,04451,222,044512000
5,85262,221,85262138672
5,65963,221,6596374450
5,79852,221,79852110540
5,50464,221,504642027
5,77013,221,77013754380
5,74955,221,7495581147
5,79629,220,79629546561
5,55108,220,551085691
5,22111,220,221110
5,65945,220,6594597850
5,13466,220,13466570970
5,50702,220,507027200
5,96077,220,9607775030
5,33762,220,33762243725
5,31530,220,3153061115
5,86833,220,868335830266
5,86663,220,866638677512
5,86427,220,864277806178
5,86375,220,863753389039
5,50281,219,502819676
5,91901,219,919019194891
5,05626,219,0562630287
5,05621,219,0562178896
5,50115,218,501151118
5,50315,218,503156623
5,36222,218,3622292
5,46736,218,46736990800
5,50154,218,501547090
5,50250,218,502506261
5,51510,218,515101
5,01042,218,01042021
5,02042,218,02042021
5,03032,218,03032021
5,79122,217,79122421552
5,52692,217,526924817
5,44138,217,4413836
5,44113,217,441132813197
5,04430,217,044309363
5,04366,217,043660000
5,05539,216,0553991139
5,05562,216,0556264982
5,97187,216,9718714444
5,50556,216,505561880
5,41764,216,41764501750
5,41779,216,41779837322
5,56000,216,560000000
5,86550,216,865507022139
5,86736,216,867367305568
5,30694,215,306941537004
5,18612,215,18612770097
5,36500,215,36500153
5,65911,215,65911806664
5,50719,215,507196145
5,44730,215,447305503567
5,05674,215,0567480159
5,50881,214,508811081
5,04432,214,044326276
5,50320,214,503207972
5,05594,214,0559418490
5,91050,214,910504307244
5,19174,214,19174281168
5,55755,214,557555303
5,04261,214,042616222
5,01052,214,01052021
5,33621,213,33621895134
5,04425,213,044251111
5,50627,213,506272041
5,50538,213,505383031
5,91940,213,919407299999
5,92000,213,920000000000
5,75035,213,750355375
5,96771,213,967712312212
5,27118,213,2711842401081
5,33321,213,3332191533
5,50432,212,5043214442
5,50584,212,505842480
5,50449,212,504499819
5,65811,212,6581134919
5,05678,212,0567857735
5,91875,212,918755089196
5,91924,212,919249547080
5,86662,212,8666215957
5,33660,212,33660483147
5,47470,212,474701
5,90053,211,9005339382787
5,97123,211,9712367598024
5,86153,211,861535898188
5,04234,211,042349755
5,96130,211,9613014498
5,91700,211,917007510826
5,86359,210,863596373456
5,50161,210,501616143
5,55222,210,552224204
5,81901,210,819019998902
5,44152,210,441527402758
5,86597,210,8659722333220
5,02052,210,02052021
5,33331,209,3333158726
5,86554,209,8655456810810
5,50696,209,506969645
5,50780,209,507807651
5,33666,209,33666472198
5,32121,209,3212195004
5,17802,209,17802899269
5,04443,209,044432720
5,97114,208,971146977454
5,50842,208,508427786
5,33668,208,33668752427
5,15151,208,1515101778
5,91939,208,919399951103
5,91704,208,917042850135
5,45700,208,4570000000
5,44203,208,442036051941
5,71000,208,710000
5,21502,208,215021
5,26420,208,264200
5,31717,207,3171705
5,97171,207,9717159168
5,56177,207,561775517
5,56655,207,566557499
5,91813,207,918139037747
5,33646,207,33646774519
5,31624,207,31624401818
5,40400,207,404005
5,04374,207,043747237
5,46460,207,464601
5,13838,206,1383801
5,64785,206,6478543369
5,86314,206,863146961394
5,86558,206,865584822925
5,19178,205,19178925431
5,55440,205,554400193
5,50506,205,50506930
5,50911,205,509117630
5,50294,205,502946900
5,86476,205,86476210531
5,31137,205,31137853
5,31651,205,31651324459
5,34444,205,3444470621
5,05613,205,0561372044
5,04392,205,043927677
5,31111,205,3111101
5,04814,205,048141111
5,50564,204,505648152
5,05525,204,0552553526
5,42223,204,42223333
5,50880,204,508802900
5,23232,204,2323201
5,05526,204,0552639633
5,30092,204,3009255981
5,20301,204,2030115
5,04289,204,042899375
5,15198,204,15198978474
5,24112,204,24112019
5,04052,204,04052021
5,05616,203,0561631431
5,92340,203,923400068053
5,24912,203,249123039899
5,91962,203,919624399993
5,21717,203,2171702
5,55105,203,551059610
5,05536,203,0553635136
5,65979,202,6597914670
5,27082,202,270827416870
5,33616,202,33616911281
5,33640,202,33640612217
5,13718,202,13718545841
5,55449,202,554497377
5,33642,202,33642235417
5,34545,202,3454505
5,35001,202,350011
5,51007,202,510070
5,81903,202,819032560666
5,56216,202,562167047
5,79035,202,79035548314
5,05514,202,0551405258
5,86599,202,865995177070
5,22222,201,2222209
5,05579,201,0557983940
5,93786,201,93786353434
5,05620,201,0562045798
5,62853,200,6285334653493
5,91954,200,919544024091
5,22110,200,221108
5,61424,200,61424295988
5,98916,200,989161111505
5,50841,200,508418605
5,55880,200,558800943
5,21003,200,210038
5,17538,200,175380985
5,29930,200,29930980
5,49101,200,491010101010
5,91882,200,918825064332
5,91797,200,917973583554
5,23767,200,237676127649
5,19095,200,19095761691
5,03452,200,03452964971
5,31515,200,3151503
5,31580,200,315809
5,86418,200,864182286086
5,91837,199,918374215172
5,91814,199,918145617734
5,05278,199,0527843810
5,55513,199,555133354
5,65978,199,6597810689
5,33003,199,330033620873885
5,97193,199,9719382715
5,45450,199,454504
5,50155,198,501557680
5,65901,198,6590111368
5,50425,198,504254819
5,62818,198,62818712838
5,42420,198,424201
5,13000,198,130000
5,86151,197,8615160089474
5,32473,197,32473288428
5,50718,197,507181079
5,04346,197,043466252
5,50475,197,504754961
5,18500,197,18500226800
5,50950,197,509506860
5,30021,197,3002121539
5,05625,197,0562537729
5,09712,197,097125500000
5,50979,196,509797260
5,05546,196,0554604602
5,50333,196,503337062
5,50368,196,503681230
5,91913,196,919130165955
5,33610,196,33610665866
5,05542,196,0554238588
5,05695,196,0569558631
5,86917,196,86917521875
5,30019,196,300192
5,85362,195,85362835115
5,65984,195,6598459159
5,86830,195,868300941
5,86739,195,867397780007
5,33615,195,33615775869
5,50376,195,503767109
5,27826,195,27826411116
5,04364,195,043640027
5,97189,194,9718999523
5,50515,194,505158072
5,43002,194,430022
5,50765,194,507650900
5,44101,194,441010101010
5,44122,194,441229587077
5,44120,194,441204654479
5,94773,193,94773597513
5,15688,193,15688341
5,55241,193,552410885
5,05679,193,0567918732
5,55508,192,555082278
5,50487,192,50487874525
5,13512,192,13512928
5,41795,192,41795772495
5,50598,192,505988699
5,44507,192,44507454556
5,96601,192,9660138809097
5,50889,192,508898348
5,50806,192,508061896
5,33650,192,33650419212
5,90536,192,905369529571
5,33077,192,330770360037
5,35262,192,352621297817
5,77770,192,77770130091
5,32626,192,3262601
5,29142,192,29142750
5,31921,192,31921855
5,96523,192,96523943108
5,52520,192,525201
5,93152,192,93152123573
5,86728,192,867288688587
5,86762,192,867623388825
5,41001,192,410011
5,04272,192,042728807
5,50255,191,502554903
5,50508,191,505080226
5,13488,191,13488722955
5,50379,191,503790439
5,31140,191,31140522
5,38098,191,380985060660
5,44158,191,441586250007
5,50222,190,502221722
5,50795,190,507950432
5,15144,190,15144677181
5,13366,190,13366127101
5,05531,190,0553177682
5,50504,190,505043479
5,91937,190,919370002231
5,79262,190,79262843817
5,33622,190,33622026256
5,86374,190,86374976725
5,86799,190,867996822170
5,65674,190,6567411332
5,85251,189,85251157379
5,85295,189,85295174355
5,38095,189,380951848088
5,33612,189,33612465924
5,50695,189,506956983
5,03018,189,03018281031
5,33030,189,3303002
5,22121,188,2212111
5,50445,188,504458698
5,55700,188,557006147
5,50786,188,507868371
5,50509,188,505098160
5,48706,188,48706150
5,45005,188,450051
5,90505,188,905056389725
5,31540,188,3154000090
5,31800,188,31800000000
5,86813,188,868134658005
5,86751,188,867516369368
5,86352,188,8635227862133
5,50955,187,509550855
5,86157,187,8615769696769
5,56398,187,563987983
5,35196,187,351964096895
5,79139,187,79139930303
5,56603,186,566030321
5,55300,186,553005944
5,50643,186,506436438
5,50735,186,507350333
5,86225,186,862255697
5,32474,186,32474069462
5,77712,186,77712088486
5,33637,186,33637705815
5,25230,186,2523056433
5,97176,186,971767830278
5,91653,186,9165322771
5,22577,185,225770
5,52777,185,527777866
5,12528,185,125289141
5,96652,185,96652346253
5,22221,185,222216
5,22462,185,224622646123
5,31300,185,3130000959
5,04325,185,043250049
5,29506,184,2950664538
5,65906,184,6590617638
5,50585,184,505852130
5,79039,184,79039479332
5,50855,184,508558429
5,50749,184,507492481
5,50566,184,505664771
5,50966,184,509660066
5,50270,184,502706706
5,50511,184,505111787
5,50535,184,505355535
5,54500,184,545000000
5,71007,184,710075
5,24990,183,249908377787
5,31313,183,3131301
5,50775,183,507750379
5,99290,183,992907011111
5,49490,183,494901
5,86155,182,8615558192119
5,50446,182,504466144
5,55106,182,551065817
5,51600,182,516000
5,12012,182,12012599103
5,20020,182,200201027402403
5,05699,182,0569910787
5,92524,182,92524261697
5,62811,182,628111118445
5,04388,182,043887800
5,51040,182,510401
5,86395,182,863956166369
5,86715,182,867155600211
5,17789,181,17789283682
5,44300,181,44300956
5,33636,181,3363655195
5,30693,181,306936276916
5,34609,181,34609800665
5,05629,181,0562998176
5,32124,181,3212400996
5,86543,181,865433406108
5,91222,181,912226328611
5,65629,181,6562932800
5,50422,180,504227942
5,47081,180,47081561
5,05583,180,0558345566
5,52911,180,529119320
5,64229,180,642292109
5,50920,180,509201189
5,56100,180,561000
5,22929,180,2292907
5,14037,180,14037087004
5,79156,180,79156535589
5,33719,180,337198023
5,30038,180,3003817363
5,71662,180,7166224374
5,10073,180,100738
5,23002,180,230020
5,27729,179,27729850462
5,38066,179,380663367396
5,27822,179,27822255625
5,50858,179,508582898
5,05096,179,0509699363
5,30182,179,3018235070
5,53530,179,535301
5,85263,178,85263043279
5,50714,178,507141650
5,32047,178,320477599525
5,93792,178,93792492222
5,33764,178,33764482549
5,37494,178,37494990991
5,04508,178,045082234
5,86724,178,867242366663
5,43006,178,430065
5,86393,178,8639320963
5,04203,178,042030162
5,17143,177,17143004780
5,55220,177,552200087
5,50461,177,504612083
5,15210,177,15210108921
5,13737,177,1373701
5,50381,177,503818142
5,55853,177,558536740
5,65976,177,6597694562
5,50844,177,508440449
5,05543,177,0554322700
5,24918,177,249183461166
5,55554,176,555545256
5,50476,176,504765635
5,65973,176,6597399007
5,98547,176,9854745
5,05627,176,0562733248
5,21515,176,2151507
5,91961,176,919619909044
5,32520,176,325200
5,27600,176,276000
5,31620,176,31620003064
5,30025,176,3002517364
5,21100,176,2110064
5,05589,176,0558990630
5,91094,176,9109437411839
5,03343,176,03343229082
5,33232,176,3323201
5,04358,176,043589996
5,61005,176,610054
5,14163,175,14163258055
5,12149,175,12149915936
5,62899,175,628991378655
5,50565,175,505653731
5,05535,175,0553535880
5,18310,175,18310767324
5,55626,175,556264622
5,52690,175,526908456
5,50663,175,506637874
5,91779,175,917798889909
5,42060,175,420602640597
5,04379,175,043793816
5,50469,174,504694155
5,50288,174,502886688
5,19191,174,191917
5,50811,174,508115244
5,51034,174,510343591
5,49179,174,491797033401
5,35988,174,359887918123
5,44125,174,4412512
5,21004,174,21004809
5,86793,174,867935970659
5,86246,174,862462566318
5,86563,174,865636038333
5,50257,173,502578088
5,13520,173,13520021374
5,05254,173,0525435588
5,86794,173,867940033
5,90555,173,905555526145
5,55219,173,552198880
5,41791,173,41791738748
5,61101,173,611010101010
5,91858,173,918589835570
5,79272,173,79272772932
5,44179,173,4417942207717
5,05563,173,0556399956
5,04271,173,042717172
5,85254,172,85254230123
5,50561,172,505612806
5,50276,172,502769639
5,50711,172,507116175
5,18324,172,18324840555
5,55255,172,552554569
5,91720,172,917204901272
5,50342,172,503421613
5,50397,172,503975759
5,52919,172,52919886
5,31681,172,31681010038
5,30698,172,306981098359
5,32020,172,3202001
5,18112,172,1811202
5,17805,171,17805451231
5,55213,171,552135899
5,55997,171,559975210
5,05636,171,0563603669
5,98216,171,982166926009
5,04442,171,044420564
5,50503,170,505037527
5,79562,170,7956259234
5,50123,170,501234615
5,18511,170,18511198865
5,05287,170,0528741832
5,86812,170,8681206048
5,50394,170,503948688
5,04441,170,044419683
5,50113,169,501131166
5,50111,169,501116033
5,94426,169,944266113
5,63186,169,631860877
5,50674,169,506742761
5,91936,169,919363102488
5,91055,169,910558515068
5,03062,169,03062322122
5,97353,169,973533652555
5,04201,169,042014545
5,16048,168,16048768769
5,97453,168,9745326341938
5,91751,168,917516305326
5,25151,168,251511205810
5,50148,168,501486205
5,13001,168,13001977088
5,65093,168,65093867698
5,50435,168,504356628
5,51140,168,511400
5,86853,168,868533233603
5,61007,168,610072
5,46733,168,46733701259
5,31612,168,31612457812
5,33695,168,33695339186
5,50929,168,509299988
5,16082,168,16082888
5,07100,168,071000
5,50534,167,505343871
5,55390,167,553904650
5,50478,167,504781595
5,79670,167,79670617170
5,61040,167,610402706758
5,94232,167,9423224011913
5,67388,167,6738834605
5,31628,167,31628968899
5,32120,167,3212066241
5,22525,167,2252502
5,97446,167,9744678886
5,34343,167,3434301
5,56372,166,563726241
5,11151,166,11151115
5,50682,166,506824693
5,34424,166,344241504
5,78632,166,78632459690
5,17809,166,17809048834
5,50808,166,508085383
5,62100,166,621000
5,50821,166,508215217
5,32220,166,3222055515
5,91969,166,919699036070
5,33101,166,331010101010
5,49163,166,491636410988
5,86774,166,867743889131
5,21688,166,2168888
5,90600,165,9060000000
5,50510,165,505103150
5,65878,165,6587833491
5,33782,165,33782898963
5,05645,165,0564548754
5,05216,165,0521663230
5,19059,165,19059527692
5,86394,165,863942637060
5,34647,165,34647726000
5,50734,165,507348324
5,90534,165,905345522255
5,91755,165,917559814755
5,46700,165,46700321400
5,04342,165,043420524
5,56361,164,563611622
5,91910,164,919100952572
5,19055,164,19055159070
5,15601,164,15601663388
5,05641,164,0564125021
5,24494,164,244946006000
5,65623,164,65623879
5,33667,164,33667710246
5,86237,164,862372866333
5,86354,164,863546215444
5,51801,164,518014
5,65003,164,650031
5,86415,164,864153145018
5,86201,164,8620139295415
5,86832,164,8683258234750
5,50387,163,503876470
5,41793,163,41793104505
5,78916,163,789163419035
5,18510,163,18510587141
5,21818,163,2181804
5,35844,163,358447150297
5,19028,163,19028776050
5,50399,163,5039983430
5,50398,163,503983824
5,50202,163,502021227
5,96135,163,9613525316
5,46739,163,46739188144
5,79851,163,79851740059
5,91909,162,919096713067
5,22020,162,2202009
5,22530,162,225300
5,86410,162,864102890200
5,55444,162,554440988
5,56700,162,567000085
5,52100,162,521008785
5,92399,162,9239928198919
5,44144,162,441442398008
5,58833,162,5883338
5,51812,162,518126
5,20024,162,200240
5,04273,162,042733755
5,19053,161,19053304788
5,50910,161,509101155
5,91735,161,917356793583
5,21367,161,213672564094
5,05676,161,0567644446
5,63947,161,639473811657
5,04450,161,044504102
5,23008,161,230082338738
5,79265,160,79265850345
5,50428,160,504288772
5,55221,160,552215649
5,55566,160,555668064
5,43623,160,43623796
5,97107,160,971072445140
5,86419,160,8641916482389
5,56644,160,566446237
5,50731,160,507311222
5,50812,160,508126021
5,17536,160,175369131
5,17539,160,175395461
5,17540,160,175405989
5,44232,160,44232879
5,32476,160,32476914488
5,51050,160,510504615
5,31120,160,3112028793
5,05571,160,0557190245
5,11003,160,110034
5,21530,160,215300
5,04297,160,042970084
5,05293,159,0529382911
5,22727,159,2272701
5,55910,159,55910371
5,50744,159,507442453
5,31614,159,31614826002
5,79217,159,79217777008
5,98863,159,9886348763
5,50312,159,503123193
5,44153,159,441539823674
5,65673,159,6567341233
5,35351,158,353512
5,04304,158,043043622
5,99893,158,998933991000
5,04455,158,044558888
5,49162,158,491621901100
5,11220,158,112200124
5,46723,158,46723706139
5,77052,158,77052773027
5,79055,158,79055190515
5,37493,158,37493300000
5,32499,158,32499735761
5,05549,158,0554998046
5,86738,158,867386742513
5,86634,158,866348800088
5,86746,158,86746746327
5,85281,158,85281404
5,50341,157,503419285
5,27722,157,27722248279
5,38164,157,381641078185
5,18515,157,18515491693
5,62679,157,626799371
5,16500,157,1650098096
5,91820,157,918209311993
5,79128,157,79128174350
5,50615,157,506158925
5,50302,157,503025615
5,05675,157,0567545922
5,05587,157,0558779633
5,17058,157,17058083805
5,90543,156,905432396239
5,33624,156,33624180231
5,50789,156,507897677
5,97138,156,9713801838760
5,22941,156,2294105706
5,50887,156,508875627
5,22323,156,2232307
5,86455,156,864555622118
5,06500,156,065000
5,50914,156,509140798
5,33638,156,33638659199
5,65628,156,6562891989
5,05612,156,0561229991
5,44151,156,441515200815
5,05567,156,0556727793
5,21512,156,215129
5,31005,156,310051
5,05673,156,0567338953
5,50846,155,508464400
5,56789,155,567898722
5,92515,155,92515154741
5,99412,155,994125339900
5,55953,155,559532530
5,21211,155,212113
5,71010,155,71010101010
5,61405,155,61405806733
5,05289,155,0528906726
5,04265,155,042652229
5,05527,154,0552723855
5,44396,154,443967991
5,50121,154,501217917
5,55950,154,559506981
5,79053,154,79053366700
5,96394,154,963944254746
5,52500,154,525000000
5,86735,154,867356396007
5,86844,154,8684472063
5,86737,154,867375230518
5,20324,153,2032416
5,67999,153,6799907361
5,39873,153,398735277
5,12525,153,1252505
5,12312,153,123123
5,41765,153,41765854003
5,99677,153,996779500050
5,91771,153,917710013330
5,05639,153,0563945768
5,26663,153,26663123123
5,04369,153,043691701
5,74951,153,74951301088
5,22400,153,224001
5,12022,152,12022560363
5,50283,152,502836692
5,55664,152,556640044
5,50724,152,507244472
5,04283,152,042830770
5,07956,152,07956693790
5,37125,152,37125944534
5,33078,152,330788370
5,05281,152,0528126806
5,28177,152,2817777065
5,47100,152,471000
5,16788,152,16788962468
5,27100,152,271006401
5,05296,152,0529643625
5,44100,152,4410000000000
5,36300,152,363000
5,10130,152,101300
5,05276,151,0527617321
5,90539,151,905398881556
5,81902,151,819022923606
5,65923,151,6592398065
5,55936,151,559364734
5,78129,151,78129210191
5,82104,151,821047077277
5,33662,151,33662455176
5,50494,151,504946421
5,05534,151,0553411155
5,55122,150,551223334
5,77074,150,77074277909
5,13381,150,13381186633
5,13301,150,13301316993
5,50153,150,501531098
5,82102,150,821026387483
5,57315,150,573152694156
5,55400,150,554002516
5,12677,150,12677771554
5,41768,150,41768010888
5,79651,150,79651808396
5,79255,150,79255002911
5,33066,150,330662787546
5,55500,150,555009767
5,51009,150,510097156
5,50885,150,508858655
5,04258,150,042585544
5,44178,150,441784460567
5,97458,150,9745888090
5,44118,150,441189817687
5,86730,150,867308522373
5,86795,150,867955280000
5,86722,150,867227078333
5,22888,150,2288848
5,33769,149,33769605142
5,50152,149,501522334
5,50272,149,502722692
5,65929,149,6592995673
5,67680,149,67680702
5,31611,149,31611364036
5,98937,149,989376528202
5,04428,149,044288600
5,65922,148,6592216808
5,50874,148,508744466
5,56221,148,562210959
5,52529,148,525293387
5,50927,148,509276016
5,50437,148,504370601
5,25192,148,251925508585
5,72861,148,728613
5,92421,148,9242111333000
5,17807,148,17807002889
5,21550,148,215500
5,18868,148,188688
5,23412,147,23412669970
5,96890,147,96890103011
5,91703,147,917033367828
5,50576,147,505766585
5,55104,147,551049848
5,55107,147,551072300
5,50518,147,505189948
5,01001,147,01001719102
5,55825,147,558253188
5,22758,147,2275806
5,79287,147,79287678777
5,25050,147,2505001
5,44851,147,4485151
5,47400,146,4740056264
5,55883,146,558837969
5,96505,146,965050
5,96264,146,96264625161
5,05637,146,0563700205
5,56775,146,567756339
5,50114,146,501142844
5,50351,146,503519662
5,55644,146,556442467
5,99894,146,998946118777
5,15811,146,15811095526
5,50840,146,508408185
5,77888,146,7788824786
5,50055,146,500554704969
5,24992,146,249922171722
5,97194,146,97194760103
5,79127,146,79127839349
5,86718,146,867188962035
5,86557,146,865573035669
5,86839,146,868395512933
5,50420,145,504206661
5,50870,145,508707967
5,74110,145,741109
5,56688,145,566886746
5,55353,145,553535694
5,55808,145,558088711
5,80268,145,8026842256
5,50414,145,504142444
5,91767,145,917675803666
5,50245,145,502455684
5,04405,145,044058000
5,21078,145,2107890786
5,90544,144,905447634029
5,22575,144,225750
5,04440,144,044403126
5,91790,144,917907499350
5,99883,144,9988350001
5,22115,144,22115169
5,38096,144,3809641
5,86861,144,86861357158
5,39345,144,393458581962
5,49491,144,49491632991141
5,86822,144,8682291
5,74952,144,74952215875
5,44189,144,441895812462
5,77018,144,77018878178
5,04456,144,044568465
5,09665,144,096650584
5,36270,144,362700
5,21009,144,210095
5,86183,143,8618351002939
5,91727,143,917276116895
5,05662,143,0566215615
5,97180,143,9718042374
5,15011,143,15011587101
5,47496,143,474964098
5,99999,143,9999999
5,55932,143,559327082
5,45645,143,4564564564
5,99670,143,996707977475
5,24382,143,243821526019
5,79250,143,79250689988
5,22508,143,22508626895
5,37377,143,37377845040
5,32424,143,3242401
5,04435,143,044357460
5,33633,143,33633702461
5,09042,143,09042021
5,85266,142,85266430733
5,50694,142,506944673
5,50347,142,503478335
5,50346,142,503468534
5,50354,142,503540574
5,14379,142,14379918538
5,50883,142,508838999
5,34858,142,34858425
5,64210,142,642103413
5,32477,142,32477812144
5,50588,142,505889062
5,44756,142,447562729718
5,79104,142,79104572009
5,86453,142,864538614888
5,71004,142,710043
5,85222,142,85222804
5,22334,141,2233445
5,55501,141,55501529
5,05271,141,0527188777
5,04429,141,044292999
5,56263,141,562633182
5,91947,141,919470901902
5,13521,141,13521250246
5,24141,141,2414105
5,33606,141,33606662250
5,20182,141,20182018
5,56538,141,565381553
5,55994,141,559945556
5,04296,141,0429636167
5,44129,141,441297625429
5,23003,141,230031
5,86454,141,864546569224
5,04880,141,048806674
5,91922,140,919220942934
5,52666,140,526668448
5,43902,140,43902282
5,50738,140,507385513
5,34985,140,349858425
5,06100,140,061000
5,56546,140,565469810
5,55525,140,555257001
5,50590,140,505907141
5,55441,140,554410873
5,56406,140,564066714
5,43687,140,43687292
5,27614,140,2761483
5,59399,140,593995130384
5,96138,140,9613809210
5,50507,140,505077818
5,50530,140,505303055
5,96871,140,96871500082
5,86891,140,868918880090
5,51064,140,510640
5,86713,140,867134200000
5,86776,140,867763885881
5,65964,139,6596405094
5,05515,139,055152725
5,65902,139,6590228937
5,50158,139,501585718
5,05858,139,0585837411
5,65965,139,6596569731
5,99293,139,992939242414
5,39320,139,393201419022
5,33768,139,33768415669
5,79671,139,79671913990
5,05273,139,0527303070
5,31818,139,3181801
5,34888,139,348882304
5,21892,138,218923812763
5,05586,138,0558662182
5,55549,138,555493118
5,90537,138,905370585137
5,50818,138,508189981
5,27813,138,27813498260
5,62822,138,6282227708875
5,78818,138,788185289
5,18618,138,18618255019
5,24040,138,2404003
5,55882,138,558826725
5,50587,138,505876501
5,97050,138,970508800168
5,91630,138,916305963425
5,31642,138,31642436734
5,91870,138,91870888514
5,09716,138,09716513199
5,06300,138,063000
5,51061,138,510610
5,86562,138,865623822298
5,55800,137,55800037
5,50367,137,503673430
5,50949,137,509491032
5,61043,137,610434662929
5,50357,137,503573337
5,15110,137,15110254791
5,65981,137,6598170075
5,55886,137,558862266
5,52639,137,526398484
5,56474,137,564742508
5,33076,137,330766489378
5,05548,137,0554870574
5,10201,136,102019
5,27842,136,27842992613
5,14077,136,14077582149
5,77073,136,77073233300
5,38097,136,380972584800
5,12453,136,124530080
5,50246,136,502462888
5,50712,136,507123266
5,40002,136,400020
5,39448,136,39448762
5,50581,136,505811914
5,50582,136,505826186
5,24107,136,24107243257
5,25577,136,25577689779
5,31003,136,310031641208224
5,86111,136,8611112222
5,36305,136,36305298618
5,55345,136,553456456
5,51008,136,510086137
5,03213,136,03213766560
5,44162,136,441622672176
5,11601,136,116011
5,40006,136,400065
5,73000,136,730000
5,04220,136,042205014
5,21938,136,2193888
5,55415,135,554153098
5,85255,135,85255172317
5,65913,135,6591380692
5,53241,135,532411358
5,98277,135,982775248
5,12406,135,12406453050
5,56446,135,564462272
5,44343,135,44343020
5,98091,135,9809121228522
5,27823,135,27823893541
5,79278,135,79278916050
5,79099,135,79099455224
5,79054,135,79054760935
5,23737,135,2373701
5,04373,135,043731000
5,66222,135,66222341198
5,96553,134,965538
5,39392,134,39392000
5,50345,134,503459875
5,55669,134,556692666
5,56666,134,566668517
5,50546,134,505463160
5,50759,134,507595347
5,17703,134,17703504720
5,86380,134,863801235120
5,52609,134,526094400
5,91895,134,918957279076
5,34798,134,3479862334
5,50543,134,505438601
5,56470,134,564709174
5,91878,134,918780008253
5,91112,134,911129826224
5,31652,134,31652004206
5,33661,134,33661685851
5,33664,134,33664861314
5,62852,134,6285234005261
5,05275,134,0527531444
5,79031,134,79031144333
5,44173,134,441732464014
5,05624,134,0562475538
5,31560,134,3156063
5,55771,133,557718068
5,56173,133,5617366991
5,50429,133,504290099
5,14079,133,14079773753
5,14088,133,14088872389
5,44004,133,4400445762986
5,05517,133,0551728319
5,22509,133,22509103139
5,20131,133,2013132060
5,44191,133,441914874598
5,22576,132,225763
5,91978,132,919789774926
5,06557,132,065573215
5,50542,132,505422658
5,50254,132,502547775
5,96872,132,96872223789
5,35445,132,354452868
5,05295,132,0529519922
5,14040,132,1404002
5,50473,132,504735318
5,74912,132,749129
5,55662,132,556620577
5,91830,132,9183055
5,95546,132,9554688
5,61416,132,61416850490
5,55545,132,55545868
5,33626,132,33626491551
5,50710,132,507105557
5,33433,132,3343347120
5,04434,132,044343990
5,23030,132,2303002
5,03028,132,03028282073
5,33434,132,3343403
5,21402,132,214028
5,86254,132,862547279190
5,50591,131,505919683
5,50188,131,501885978
5,50877,131,508772234
5,50362,131,503628115
5,15901,131,15901302021
5,50953,131,509533126
5,44330,131,44330700
5,98887,131,988871017
5,90344,131,903448729
5,97309,131,973099568
5,90500,131,905005167
5,93919,131,939196579
5,55606,131,556068673
5,50474,131,504741935
5,91815,131,918156939842
5,41799,131,41799090526
5,91935,131,919350525073
5,91786,131,917860777000
5,33698,131,33698275188
5,34678,131,34678338986
5,04424,131,044243774
5,97456,131,97456256644
5,04357,131,043577957
5,07052,131,07052021
5,92216,130,92216649586
5,97445,130,9744552092
5,22165,130,221650
5,36197,130,361977604
5,91798,130,917980820598
5,37580,130,37580291817423
5,55602,130,556029896
5,56174,130,561747070
5,12815,130,12815656687
5,91881,130,918810406116
5,17215,130,17215279339
5,32478,130,32478520910
5,39344,130,393441943044
5,19788,130,19788078584
5,05040,130,0504007996
5,22211,130,222114404
5,44011,130,4401159609666
5,44292,130,442920343376
5,86971,130,869714918588
5,06574,130,065745151
5,65627,130,6562729988
5,50771,129,507710661
5,55761,129,557616414
5,91891,129,918910017078
5,52989,129,529897752
5,94774,129,94774027120
5,50352,129,503529369
5,50484,129,504843948
5,11063,129,110635275
5,71050,129,710501
5,41222,129,412229065
5,50689,129,506894488
5,33608,129,33608697755
5,52712,129,527127175
5,56350,129,563504812
5,52551,129,525518493143
5,31414,129,3141401
5,24545,129,2454501
5,35110,129,351100
5,43629,128,43629342
5,50629,128,506299308
5,40723,128,40723220024
5,12845,128,1284538891
5,55712,128,557127983
5,10520,128,1052008
5,61006,128,610064
5,17171,128,171713
5,56204,128,562045798
5,55608,128,556088282
5,50421,128,504217115
5,44000,128,44000000
5,91852,128,918520214355
5,99298,128,992988880044
5,33338,128,3333886788
5,79015,128,79015102685
5,37981,128,3798139
5,44322,128,44322760
5,23300,128,2330000000000
5,86660,128,866606633375
5,32580,128,325800
5,31802,128,318024
5,10221,128,102218
5,51006,128,510060
5,19888,128,198888
5,81000,127,8100000000
5,55653,127,556531356
5,65977,127,6597707922
5,55560,127,555608786
5,61045,127,610455044144
5,17710,127,17710721613
5,92797,127,927975727
5,61452,127,61452086881
5,91769,127,917696070084
5,33634,127,33634510849
5,77775,127,77775995745
5,30084,127,3008488638
5,44130,127,441305785231
5,28991,127,289911904
5,04354,127,043547444
5,18134,126,18134743193
5,36361,126,363610
5,50316,126,503169669
5,79561,126,7956129390
5,24206,126,242066501094
5,15810,126,15810068625
5,33665,126,33665206584
5,86152,126,8615216691042
5,50165,126,501654278
5,90952,126,9095271044
5,50547,126,505474286
5,44270,126,44270312
5,15008,126,1500888888
5,37491,126,37491808888
5,50748,126,507480290
5,05615,126,0561514628
5,90299,126,9029996049
5,02627,126,026276010
5,86855,126,868555
5,06526,126,065263995
5,33737,126,3373701
5,24646,126,2464601
5,94440,126,9444075051
5,86817,126,868175593360
5,86561,126,865613358583
5,04311,126,043113064
5,23022,126,23022020
5,65917,125,6591799832
5,22104,125,221040
5,50784,125,507840268
5,12818,125,12818259174
5,65098,125,65098577474
5,31618,125,31618998653
5,50773,125,507732228
5,17804,125,17804907770
5,16363,125,16363578125
5,50234,125,502342443
5,31644,125,31644944113
5,96556,125,96556557139
5,22828,125,2282801
5,85235,125,85235104
5,05574,124,055742213
5,22103,124,221034
5,54911,124,549113096480
5,50764,124,507640950
5,50528,124,505289605
5,50280,124,502800559
5,50537,124,505379860
5,50238,124,502384031
5,05694,124,0569479600
5,50248,124,502487375
5,50212,124,502121660
5,33063,124,330632637199
5,52928,124,529286688
5,57000,124,570000
5,86766,124,867662981885
5,50852,124,508526692
5,99442,124,99442475
5,39029,124,390293799212
5,94711,124,94711330331
5,18623,124,1862337869
5,91740,124,917404138525
5,46703,124,46703888159
5,39329,124,393292210977
5,33778,124,33778812498
5,42077,124,420778019425
5,33335,124,3333518366
5,05644,124,0564469125
5,05640,124,0564066714
5,44247,124,442476595926
5,06600,124,066000
5,26610,124,266100
5,21501,124,215011
5,42100,124,421001
5,28740,124,2874040
5,19179,123,19179162527
5,55985,123,559855260
5,43660,123,436602126655
5,50244,123,502447924
5,50258,123,502588910
5,33783,123,33783793539
5,65982,123,6598243462
5,25184,123,25184992
5,95401,123,954019149
5,98343,123,983437029
5,91192,123,911926965
5,97591,123,975914349
5,93930,123,939300005
5,92250,123,922500724
5,95550,123,955508380
5,91287,123,912877774
5,93664,123,936646552
5,16046,123,16046579318
5,56228,123,562289447
5,90541,123,905413264452
5,87975,123,879759833
5,33623,123,33623497264
5,50567,123,505672235
5,29666,123,296665804
5,46722,122,46722713494
5,56113,122,561135977
5,55123,122,551235345
5,50805,122,508058276
5,61402,122,61402828703
5,05647,122,0564738746
5,05449,122,0544969944
5,06534,122,065341315
5,98611,122,986113370347
5,95947,122,9594774067
5,12262,122,12262896206
5,86831,122,8683174570
5,86910,122,869103532621
5,66279,122,662799995361
5,06531,122,065318442
5,50348,121,503488889
5,50745,121,507454443
5,55355,121,553558747
5,65912,121,6591251728
5,75026,121,750265437
5,73553,121,735531124
5,55998,121,559980070
5,55535,121,555359395
5,91816,121,918169422852
5,25109,121,2510914124214
5,56981,121,569819362
5,52922,121,529220788
5,62823,121,6282347329569
5,98511,121,985117625099
5,04438,121,044382061
5,62821,120,6282180026666
5,92309,120,923097447524
5,27856,120,27856094
5,05282,120,0528245353
5,26089,120,260894
5,26090,120,260900
5,26091,120,260910
5,26092,120,260920
5,26085,120,260850
5,26086,120,260860
5,26093,120,260930
5,26087,120,260870
5,26088,120,260880
5,23400,120,2340047
5,22105,120,221050
5,22106,120,221060
5,22109,120,221090
5,22574,120,225740
5,50826,120,5082646314
5,18701,120,18701207862
5,58329,120,583299266
5,74372,120,743724736
5,42347,120,42347021
5,67011,120,67011555
5,42351,120,42351337
5,38100,120,3810009797
5,19172,120,19172094788
5,24205,120,242053550790
5,31610,120,31610908016
5,55909,120,559099689
5,05650,120,0565011150
5,95821,120,958216600
5,27835,120,27835000079
5,28039,120,28039878
5,05228,120,0522833237
5,56565,120,565654438
5,02681,120,026816105
5,46074,120,46074735
5,41200,120,412000
5,86458,120,864583971500
5,13002,120,130022
5,10011,120,10011003
5,04298,120,042988205
5,04232,120,042328080
5,16042,119,16042714112
5,18201,119,18201279866
5,50660,119,506608852
5,50277,119,502774820
5,56674,119,566744228
5,79289,119,79289539494
5,27713,119,27713172286
5,16178,119,16178516816
5,25678,119,256788704141
5,32123,119,3212323822
5,05632,119,0563222681
5,05572,119,0557252903
5,34040,119,3404001
5,02062,119,0206253672
5,06062,119,06062021
5,50195,118,501953514
5,33603,118,33603811132
5,52906,118,529061215
5,50986,118,509868686
5,55496,118,554965176
5,42027,118,42027174
5,05222,118,0522234555
5,50228,118,502288126
5,96458,118,9645875724
5,55908,118,559087931
5,77078,118,77078395132
5,50684,118,506844624
5,97506,118,97506566791
5,15201,118,1520199588
5,22548,118,22548158001
5,19012,118,19012993293
5,79202,118,79202126533
5,62878,118,6287878653050
5,33334,118,3333456567
5,25200,118,252003
5,55786,118,557866620
5,51030,118,510300
5,57020,118,570203
5,04306,118,043067777
5,55714,117,557140801
5,50647,117,506476833
5,50185,117,501854291
5,15910,117,15910977787
5,18811,117,18811539063
5,30674,117,30674055
5,50486,117,504862908
5,50295,117,502956312
5,18905,117,18905310818
5,26588,117,265888321965
5,22559,117,22559030362
5,35385,117,353858744245
5,33674,117,33674984092
5,50211,117,502118546
5,44177,117,44177295
5,32929,117,3292901
5,25353,117,2535302
5,86182,116,8618210138113
5,50746,116,507460351
5,55546,116,555462161
5,22112,116,221121
5,04239,116,042397755
5,05693,116,0569371836
5,56170,116,561701590
5,55666,116,556666890
5,17600,116,176000
5,79028,116,79028414959
5,61152,116,611526215
5,79820,116,798202231
5,78987,116,789872927327
5,79854,116,79854126040
5,85288,116,8528866642115
5,19360,116,1936047175
5,31750,116,317500
5,40004,116,400042
5,50687,116,506873128
5,86181,116,8618164538228
5,17806,116,17806956495
5,33678,116,33678542926
5,14038,116,14038916709
5,77075,116,77075555666
5,56600,116,566006606
5,50822,116,508222857
5,05653,116,0565381126
5,97350,116,973507750643
5,44132,116,441322665746
5,44124,116,441248384384
5,65860,116,6586085681
5,05600,116,056006
5,86912,116,869123882297
5,01012,116,010123456
5,99463,116,99463444442
5,77927,116,779277486
5,28878,116,288783804
5,10042,116,10042021
5,25263,115,252633504522
5,97431,115,97431292930
5,56102,115,561026115
5,50956,115,509561293
5,50865,115,508655848
5,50349,115,503494217
5,50679,115,506796342
5,50620,115,506208373
5,55642,115,556420858
5,50861,115,5086138
5,50766,115,5076669968
5,32496,115,32496254488
5,50499,115,50499914875
5,19058,115,19058698355
5,33062,115,330622793304
5,19177,115,19177508560
5,56624,115,566246416
5,79165,115,79165950328
5,25522,115,255222761000
5,83262,115,8326284743
5,02032,115,020322
5,55399,114,553991139
5,72200,114,722004
5,55223,114,552230499
5,36000,114,3600000
5,39388,114,393886251929
5,15001,114,15001007355
5,65090,114,65090168718
5,52865,114,528658577
5,55234,114,552340623
5,55380,114,553804894
5,52645,114,526455871
5,55518,114,555187282
5,18582,114,18582478549
5,55303,114,553032191
5,56254,114,562544704
5,52187,114,521877503
5,91737,114,917373539
5,81802,114,818028885496
5,33663,114,33663032913
5,23327,114,233270560841
5,18628,114,18628012305
5,22626,114,2262603
5,05670,114,05670352
5,51143,114,511430
5,11002,114,110024
5,86253,114,86253492018
5,86398,114,863986855538
5,86417,114,864178900260
5,21618,114,2161888
5,55587,113,555879713
5,55999,113,559993989
5,55955,113,559556209
5,91828,113,918282827647
5,98200,113,9820000000
5,15801,113,15801253242
5,18518,113,18518501965
5,24071,113,240718647
5,88655,113,88655508380
5,52522,113,525224075
5,55810,113,558109900
5,61451,113,61451719161
5,13109,113,13109236619
5,21369,113,213696893689
5,61418,113,61418411774
5,30027,113,3002705695
5,92614,113,92614582624
5,26655,113,266557804
5,34341,113,343410
5,04284,113,042840773
5,10012,113,100121
5,04042,113,0404210911
5,65646,113,6564631220
5,24999,112,249999999338
5,43663,112,43663683
5,56261,112,562613370
5,50758,112,507584302
5,03067,112,03067426795
5,52866,112,528667788
5,50361,112,50361013
5,82107,112,821075774679
5,50198,112,501981013
5,52920,112,529208888
5,32510,112,325102
5,96688,112,9668847200
5,21628,112,21628627627
5,45293,112,4529374460
5,50167,112,501676706
5,77072,112,77072444496
5,18457,112,18457054472
5,77773,112,77773117596
5,91884,112,918849118377
5,21269,112,212693128942
5,91914,112,919145638681
5,77714,112,77714873231
5,79167,112,79167990159
5,56105,112,561057380
5,52767,112,527676811
5,50703,112,507036586
5,27629,112,27629925018
5,98228,112,982289333
5,91714,112,917142857
5,93214,112,932149334
5,32323,112,3232316561
5,99621,112,9962119445
5,92533,112,92533510165
5,05654,112,0565458910
5,79098,112,790980818
5,55448,112,554483291
5,51813,112,518131
5,86433,112,86433258448
5,15178,112,151788
5,04386,111,043862346
5,56206,111,562060506
5,97335,111,97335097203
5,56109,111,561090900
5,05630,111,0563000000
5,15321,111,15321514159
5,55672,111,556727793
5,38640,111,38640207365
5,24389,111,243899182880
5,79636,111,79636115599
5,21378,111,213780053464
5,50796,111,507960777
5,79248,111,79248751080
5,02100,111,02100000045
5,44142,111,441424848915
5,33833,111,3383339
5,39445,111,39445382732
5,96826,111,9682655550
5,09072,111,09072021
5,96622,110,96622566183
5,50768,110,507689758
5,55868,110,558684909
5,41630,110,41630036
5,74953,110,74953608502
5,50999,110,509992530
5,18311,110,18311000608
5,85209,110,852092737971
5,50275,110,502753128
5,27834,110,27834491188
5,24399,110,243998405636
5,21306,110,2130662721392
5,77010,110,77010000001
5,77051,110,77051191661
5,50149,110,501495998
5,50774,110,507746289
5,55527,110,555272229
5,92523,110,92523399566
5,37376,110,37376069909
5,30699,110,306995383426
5,05661,110,0566126174
5,93509,110,93509942596
5,51065,110,510655
5,86210,110,862105718892
5,86856,110,8685653860
5,78978,110,789788911183
5,44033,110,4403333448485
5,06533,110,065332434
5,28702,110,287025404
5,04603,110,046033024
5,20178,110,2017888
5,12062,110,12062017
5,06072,110,06072017
5,80600,109,8060000000
5,55211,109,552111675
5,55209,109,552099266
5,51269,109,51269221
5,15252,109,1525202
5,79579,109,7957900192
5,55169,109,551695655
5,98935,109,989359759866
5,62081,109,62081385768700
5,96227,109,9622777998800
5,97173,109,9717351924
5,28747,109,287474804
5,26084,108,260841
5,50638,108,506381000
5,42011,108,42011111
5,22475,108,224750
5,46729,108,46729094191
5,25882,108,258820208291
5,50721,108,507212727
5,05284,108,0528421667
5,55592,108,555927758
5,50218,108,502186009
5,52904,108,529046927
5,44289,108,44289488
5,50715,108,507150557
5,42269,108,42269763
5,91855,108,918555878627
5,55568,108,555681295
5,65625,108,6562533288
5,15199,108,15199098203
5,13661,108,13661658467
5,13816,108,13816589298
5,56404,108,564040587
5,50423,108,504230110
5,56729,108,567290639
5,50895,108,508953055
5,44550,108,44550157
5,91780,108,917800009492
5,98939,108,989393111215
5,98914,108,989147600227
5,19173,108,19173551563
5,21622,108,21622547273
5,32488,108,32488034380
5,21267,108,212675808415
5,79205,108,79205608878
5,79872,108,79872282898
5,27728,108,27728773962
5,09222,108,092222270
5,65910,108,6591002222
5,97443,108,9744393122
5,05003,108,050031
5,51027,108,510275
5,86566,108,865662023150
5,86743,108,867433506111
5,86378,108,863785958555
5,86714,108,867145308578
5,86712,108,867123228988
5,40040,108,400400
5,16123,108,16123456789
5,77653,108,7765304645
5,18458,108,1845888
5,23648,108,2364888
5,08072,108,08072017
5,01032,108,01032021
5,50756,107,507564785
5,04326,107,043265168
5,50142,107,501422204
5,50583,107,505833351
5,50359,107,503595519
5,50804,107,508046375
5,14039,107,14039039988
5,61432,107,61432093968
5,17787,107,17787889342
5,01197,107,011975
5,17034,107,17034733929
5,55240,107,552403168
5,97116,107,9711608049
5,24909,107,2490912679477
5,33535,107,3353501
5,49093,107,4909341895990
5,12032,107,1203218
5,04302,107,043028544
5,08042,107,08042021
5,23406,106,234064526209
5,23448,106,23448037879883
5,50993,106,509932932
5,50529,106,505294738
5,55514,106,55514880
5,34649,106,34649397993
5,43650,106,436507755840
5,55807,106,558072226
5,55770,106,55770762
5,55313,106,553130037
5,50479,106,504790253
5,79882,106,79882333868
5,96822,106,96822310619
5,23350,106,233502749625
5,50009,106,500097155
5,22558,106,22558060606
5,32249,106,3224949200
5,15316,106,15316559661
5,93608,106,936080541
5,05221,106,0522121157
5,03232,106,03232494724
5,26601,106,266012
5,51901,106,519015
5,99037,106,9903777300
5,04886,106,04886235
5,04365,106,043657909
5,21072,106,21072021
5,33761,105,33761051555
5,50539,105,505399908
5,50639,105,506391530
5,96592,105,96592575924
5,65881,105,6588114161
5,52831,105,52831739
5,50807,105,508073307
5,61420,105,61420644436
5,19546,105,19546510620
5,33680,105,33680964144
5,13018,105,13018021182
5,38641,105,38641509732
5,33617,105,33617809828
5,98918,105,989186942360
5,27836,105,27836091008
5,30039,105,3003922223
5,05671,105,0567198485
5,34141,105,3414102
5,34242,105,3424202
5,23838,105,2383801
5,12721,105,127212
5,07206,105,072068666
5,04448,105,044488555
5,91819,104,918194925702
5,50848,104,508484055
5,50555,104,505555745
5,50292,104,502926262
5,50124,104,501244848
5,44274,104,44274500
5,55336,104,553362244
5,17039,104,17039536363
5,79781,104,79781358760
5,15848,104,15848187777
5,56139,104,561396903
5,56484,104,564842621
5,65943,104,6594300525
5,65092,104,65092242855
5,55186,104,551865020
5,15088,104,15088083544
5,90596,104,9059653520
5,56344,104,563448166
5,55363,104,553636338
5,55542,104,555423278
5,55543,104,555434708
5,77758,104,77758232223
5,21262,104,212626550574
5,79771,104,79771751060
5,79268,104,79268886888
5,50782,104,507822366
5,15048,104,15048627713
5,93392,104,933925922
5,95365,104,953654213
5,98956,104,989560526
5,95553,104,955536807
5,98830,104,988309307
5,92893,104,928931057
5,93130,104,931300586
5,03458,104,03458272321
5,12296,104,1229658984
5,03312,104,03312947510
5,05262,104,0526279922
5,24488,104,24488799
5,33002,104,330029
5,86396,104,863963963861
5,51500,104,515000
5,47300,104,473000
5,86293,104,86293222175
5,10062,104,100621
5,20130,104,201300
5,86565,104,865652311630
5,86744,104,867448233898
5,08052,104,08052021
5,80222,103,8022228921
5,50344,103,50344499
5,91226,103,912266661166
5,12146,103,12146745954
5,42222,103,42222126
5,05649,103,0564922093
5,55899,103,558995533
5,31615,103,31615386755
5,91783,103,91783859491
5,62881,103,628819961266
5,25407,103,2540722229323
5,50772,103,507720787
5,38009,103,3800933920928
5,92418,103,92418753289
5,79182,103,79182041826
5,44163,103,441635867724
5,65677,103,656774
5,02666,103,026666944
5,20242,103,202422
5,60111,102,601112820922
5,97474,102,97474787194
5,91088,102,9108882284002
5,35389,102,353894126
5,60011,102,6001125807821
5,50151,102,501513514
5,50353,102,503531915
5,50375,102,503756774
5,55277,102,552777867
5,50448,102,504480507
5,55102,102,551021119
5,91586,102,9158635280
5,25174,102,2517408001
5,50957,102,509572646
5,05634,102,0563423777
5,13761,102,13761111305
5,56362,102,563628858
5,55177,102,551775771
5,70997,102,70997444
5,17204,102,17204092934
5,91821,102,918217590165
5,23410,102,2341010101010
5,22546,102,22546111111
5,44477,102,444773662112
5,19734,102,19734441415
5,96660,102,9666086727
5,10438,102,1043867741
5,25377,102,25377555401
5,50824,102,508241796
5,50592,102,505929369
5,35908,102,3590883388861
5,79046,102,79046719348
5,12405,102,12405583754
5,43005,102,430052
5,33200,102,332000
5,26603,102,266031
5,24100,102,241008
5,86874,102,868743360530
5,86475,102,864752355911
5,86873,102,8687378173
5,44700,102,447000000000
5,12092,102,1209254716
5,07042,102,07042021
5,65915,101,6591598365
5,56759,101,567590530
5,65882,101,6588214909
5,91822,101,918220844430
5,77789,101,77789480007
5,15712,101,15712853052
5,18588,101,185884101
5,55918,101,559183853
5,91776,101,917763945814
5,22300,101,223000
5,56188,101,561888728
5,50915,101,509154354
5,21307,101,2130771594614
5,99891,101,998911905946
5,50522,101,505223910
5,05265,101,0526588887
5,51010,101,5101002
5,37544,101,375445787177
5,98210,100,9821004809
5,55665,100,556650570
5,05619,100,0561926808
5,55231,100,552319151
5,03420,100,03420993336
5,35989,100,359897000000
5,46738,100,46738396605
5,13051,100,13051292997
5,72111,100,7211167
5,55279,100,552790007
5,55366,100,553663753
5,56705,100,567055833
5,50383,100,503839278
5,50831,100,508316911
5,31139,100,31139710
5,10393,100,103935236
5,34569,100,3456900
5,50279,100,5027947
5,42995,100,42995555
5,31648,100,31648970589
5,19143,100,19143206088
5,55726,100,557269359
5,55633,100,556330759
5,30030,100,3003086383
5,32192,100,3219289050
5,40005,100,4000500
5,05297,100,0529767347
5,92009,100,920092300
5,07790,100,07790052737
5,44028,100,4402894469465
5,50933,100,509334487
5,23434,100,2343407
5,04446,100,044462954
5,31760,100,317609
5,86281,100,8628135456411
5,25002,100,250022
5,41110,100,411100
5,21560,100,215600
5,86467,100,864672323723
5,86877,100,868772072117
5,04380,100,043801393
5,09032,100,09032021
5,15010,99,15010311116
5,65967,99,6596743262
5,50940,99,509405956
5,50729,99,507293792
5,68512,99,685128
5,67383,99,6738327911
5,52674,99,526747286
5,10353,99,103534238
5,50868,99,508686266
5,50101,99,501011531
5,36829,99,368293904
5,36261,99,362613204
5,91636,99,916361572106
5,23330,99,2333022502453
5,27832,99,27832515497
5,77071,99,77071076141
5,79103,99,79103379039
5,77077,99,77077596714
5,46762,99,46762199179
5,05663,99,0566329842
5,13072,99,13072229268
5,05283,99,0528383440
5,44123,99,441234752423
5,92503,99,92503339103614
5,20304,99,203040
5,12894,99,12894897635
5,80776,98,8077697301
5,50921,98,509215570
5,60193,98,60193134000
5,50540,98,505409420
5,55597,98,555979937
5,15028,98,1502818259
5,41626,98,41626018
5,50325,98,503256800
5,85360,98,85360715434
5,14444,98,1444401
5,98287,98,982875888
5,25771,98,25771952733
5,50594,98,505940424
5,50135,98,501355241
5,97055,98,9705566
5,50492,98,504925273
5,36303,98,36303040505
5,79995,98,79995494679
5,91865,98,918651036131
5,79212,98,79212622919
5,91848,98,918489884883
5,21621,98,21621941115
5,33628,98,33628783426
5,27798,98,27798090049
5,18326,98,18326306658
5,33629,98,33629513851
5,77021,98,77021301104
5,78701,98,787013331980
5,05518,98,0551828918
5,05446,98,0544614250
5,79100,98,79100000000
5,77172,98,77172299246
5,86413,98,86413155061
5,86355,98,863552073953
5,86559,98,865592320200
5,86429,98,864293880833
5,10208,98,1020838
5,02677,98,026779912
5,65866,97,6586608765
5,12518,97,12518953498
5,50847,97,508476925
5,40074,97,400742877728
5,50856,97,508566067
5,15877,97,15877785562
5,13918,97,13918202166
5,65852,97,6585234875
5,05727,97,0572727659
5,50726,97,507268854
5,56417,97,564175360
5,33760,97,33760350022
5,79119,97,79119271037
5,56146,97,561466030
5,55890,97,558904424
5,50944,97,509445512
5,50436,97,504363688
5,56724,97,567241769
5,18181,97,181810
5,32525,97,3252504
5,45351,97,453510
5,09713,97,097137834130
5,31700,97,3170000000
5,30090,97,300900
5,33700,97,337000
5,23444,97,234444
5,04882,97,048823618
5,65634,97,6563443597
5,46070,96,460701
5,91854,96,9185405754
5,50575,96,505751838
5,26094,96,260940
5,50144,96,501440145
5,13057,96,13057943784
5,56171,96,561712441
5,55850,96,558501850
5,42944,96,42944400
5,56685,96,566851811
5,50140,96,501405201
5,56737,96,5673736856
5,55629,96,556299591
5,55451,96,554516768
5,96470,96,9647035967
5,33377,96,3337779
5,85264,96,85264467272
5,10101,96,101019
5,56172,96,561723623
5,25003,96,250033
5,60000,96,600001
5,56765,96,567659620
5,55992,96,559924398
5,50336,96,503363000
5,79510,96,7951063339
5,52829,96,528294168
5,50603,96,506038404
5,35266,96,35266152
5,55146,96,55146327
5,46019,96,46019359
5,42257,96,42257516
5,31622,96,31622469937
5,77785,96,77785393439
5,99650,96,996500010100
5,77055,96,77055537543
5,65832,96,6583217683
5,52820,96,528207890
5,50513,96,505139676
5,12398,96,123987
5,27628,96,27628181919
5,77000,96,77000000000
5,03465,96,03465098781
5,03219,96,03219210508
5,96625,96,966250560144
5,12030,96,120305
5,43003,96,430030
5,61800,96,618000
5,11660,96,116600
5,23006,96,230061
5,69000,96,6900082800
5,79294,96,79294500009
5,67986,96,6798616105
5,16426,96,16426536262
5,33655,96,33655362536
5,66952,96,66952677431
5,12048,96,12048902705
5,50785,95,507858418
5,92317,95,923173178885
5,55594,95,555940007
5,12673,95,12673569823
5,65621,95,6562124656
5,13951,95,13951715700
5,65511,95,6551125
5,24862,95,248622163
5,15142,95,15142241794
5,22424,95,2242406
5,11223,95,112233
5,52946,95,529461443
5,55652,95,556529757
5,50954,95,509546865
5,39101,95,3910117880
5,39911,95,3991113
5,43431,95,43431000
5,35850,95,358505959492
5,47913,95,4791345592
5,13108,95,13108673009
5,33625,95,33625377809
5,32101,95,321010101010
5,50747,95,507472238
5,44024,95,4402476749541
5,35300,95,35300000000
5,05294,95,0529419348
5,36260,95,362600
5,27281,95,272815304
5,09228,95,092283556
5,05274,94,0527428645
5,46076,94,460763394847
5,63921,94,639213156901
5,18583,94,18583652418
5,26269,94,262692602062
5,50649,94,506496464
5,94776,94,94776232421
5,55686,94,556868790
5,56654,94,566544922
5,15004,94,1500484007
5,30341,94,3034165
5,06556,94,065566588
5,65082,94,65082289767
5,55996,94,559968616
5,55109,94,551098234
5,50737,94,507374461
5,56612,94,56612613326
5,50340,94,503405468
5,33439,94,3343939
5,55414,94,554147818
5,13917,94,1391766723
5,13107,94,13107401215
5,35383,94,353834720436
5,22610,94,2261010101010
5,12069,94,12069992600
5,91839,94,918391000001
5,27083,94,270835070049
5,91929,94,919291607078
5,21310,94,2131010101010
5,91781,94,917814184071
5,23057,94,23057444953
5,46730,94,46730389800
5,35193,94,351937442524
5,50520,94,505204613
5,34521,94,3452126284
5,33282,94,3328293920
5,33939,94,3393901
5,97497,94,97497477868
5,86777,94,867772366123
5,86414,94,864143610371
5,86564,94,8656431399990
5,40763,94,40763124769
5,04250,94,042502553
5,04032,94,04032021
5,05266,93,0526637779
5,55993,93,559938686
5,55575,93,555751157
5,79033,93,7903331836
5,49449,93,4944955
5,55283,93,552835648
5,56120,93,561206270
5,56265,93,562656642
5,44315,93,44315800
5,33044,93,3304458099
5,55519,93,5551999097171
5,50103,93,501038688
5,32125,93,3212525950
5,23231,93,232312
5,50488,93,504880404
5,61002,93,610021
5,86878,93,868783117916
5,12068,92,12068512131
5,05642,92,0564265015
5,10113,92,1011330
5,32484,92,32484086542
5,50146,92,501465415
5,42266,92,42266485
5,52717,92,527178793
5,91879,92,918792405561
5,61401,92,61401725749
5,55181,92,551812229
5,13683,92,13683192789
5,10440,92,1044092
5,55719,92,557196145
5,50166,92,501668601
5,50577,92,505771020
5,50799,92,507990993
5,56414,92,564146340
5,50863,92,508634512
5,48837,92,48837334
5,50501,92,50501307979
5,91845,92,918451918522
5,18186,92,1818668905
5,91915,92,919158023139
5,56114,92,561148057
5,55225,92,552258688
5,25478,92,254788909900
5,03362,92,03362295870
5,05692,92,0569217245
5,66666,92,666666666666
5,50549,92,505490878
5,03001,92,030012
5,30005,92,300050
5,45500,92,455000
5,21540,92,215400
5,15804,92,158046
5,31061,92,310615364184
5,04312,92,043125000
5,06553,92,065533714
5,16598,92,1659888
5,05697,91,0569794774
5,55533,91,55533474
5,66000,91,66000950
5,50997,91,509975522
5,50697,91,506975110
5,24055,91,2405583754
5,56784,91,567840994
5,03462,91,03462779332
5,39287,91,39287067051
5,60176,91,60176672027
5,13716,91,13716433255
5,57754,91,57754221
5,50366,91,503669060
5,86282,91,86282255698
5,92050,91,920507530082
5,55383,91,553832800
5,55624,91,556249492
5,41788,91,41788221595
5,32494,91,32494242283
5,79266,91,79266987570
5,32485,91,32485278199
5,50519,91,505193111
5,21660,91,216600
5,07244,91,072446533
5,21358,91,2135874603
5,20241,91,202415
5,06052,91,06052021
5,19176,90,19176128842
5,39327,90,393276959472
5,55377,90,553775928
5,39050,90,390500904
5,65818,90,6581811077
5,50574,90,505740704
5,50240,90,502402035
5,03012,90,03012000514
5,05400,90,0540050522
5,50310,90,503108554
5,41633,90,41633984
5,24385,90,243851777368
5,18210,90,18210198189
5,11364,90,113648952
5,11237,90,112377285
5,50739,90,507398439
5,04320,90,043202856
5,02672,90,026727698
5,56930,90,569300473
5,50903,90,509039222
5,55828,90,558289366
5,56353,90,563534338
5,56659,90,566597191
5,27799,90,27799587646
5,55293,90,552930993
5,50127,90,501277157
5,79667,90,79667200548
5,12023,90,12023044508
5,50141,90,501414811
5,35307,90,35307388
5,91784,90,917840053398
5,26095,90,260955912207
5,36703,90,36703203296
5,31650,90,31650854911
5,60162,90,60162646464
5,77028,90,77028901111
5,25479,90,254790094957
5,55943,90,559438222
5,55651,90,556513116
5,55522,90,555226188
5,11100,90,1110008020
5,20105,90,201050138
5,78620,90,7862000
5,44143,90,441437711035
5,24241,90,2424109
5,51001,90,510010
5,34100,90,341000
5,11032,90,110324
5,86434,90,86434242
5,04255,90,042552707
5,04327,90,043273700
5,04403,90,044030300
5,26275,90,262759604
5,15228,90,1522888
5,55730,89,557307823
5,90546,89,905462021954
5,33381,89,3338111
5,33148,89,3314884
5,44558,89,44558455
5,65948,89,6594870226
5,50107,89,501076461
5,35098,89,35098310
5,15166,89,15166737837
5,24106,89,24106802000
5,33337,89,3333760438972
5,50980,89,509803678
5,50498,89,504987388
5,30093,89,3009312601
5,18587,89,18587714356
5,54540,89,545402
5,27200,89,272000
5,65644,89,6564470095
5,85230,89,85230147685
5,55503,88,55503525
5,66807,88,66807287
5,50707,88,507070056
5,22554,88,225540
5,04408,88,044087000
5,55506,88,555069788
5,50104,88,501047380
5,44212,88,44212599
5,43674,88,43674339
5,31686,88,3168677177
5,41631,88,41631070
5,56696,88,566967268
5,28801,88,2880156115
5,65097,88,65097888630
5,65658,88,656582721935
5,50197,88,501979888
5,55854,88,558542308
5,36110,88,361101
5,53600,88,536000
5,21450,88,214500
5,52400,88,524000
5,23001,88,230011
5,56607,88,566074592
5,52878,88,528787557
5,55964,88,559641005
5,27794,88,27794619074
5,52112,88,521120766
5,42394,88,42394007
5,43990,88,43990220
5,27845,88,27845140703
5,91876,88,918762719520
5,21354,88,213549189202
5,14417,88,14417077780
5,34666,88,34666868505
5,33435,88,3343516996
5,50579,88,505796855
5,91093,88,9109377732424
5,32122,88,3212244393
5,56560,88,565605085
5,17818,88,17818992655
5,33600,88,33600000000
5,79300,88,79300000000
5,44504,88,44504458563
5,65927,88,6592716752
5,44147,88,441472313762
5,20240,88,2024071500
5,32400,88,324000
5,24600,88,246003
5,05001,88,050011
5,31180,88,311800
5,36102,88,361021
5,86392,88,863922171399
5,37086,88,370862013777
5,20208,88,2020888
5,55773,87,557730033
5,55956,87,55956997
5,30210,87,302109490279
5,15168,87,15168511960
5,61421,87,61421927314
5,27812,87,27812715559
5,18818,87,18818572145
5,65974,87,6597458740
5,52877,87,528778242
5,50210,87,502105855
5,55957,87,559571348
5,55438,87,554386143
5,25565,87,255658883333
5,60126,87,60126668666
5,91843,87,918433517323
5,91544,87,91544915594
5,34101,87,341010101010
5,31657,87,31657110954
5,79637,87,79637579139
5,79647,87,79647777375
5,79150,87,79150031787
5,99653,87,996533228295
5,16466,87,16466205187
5,52635,87,526358888
5,62817,87,62817702933
5,25252,87,2525201
5,79129,87,79129566194
5,04328,87,043280104
5,44327,87,44327972
5,04384,87,043848888
5,04254,87,04254684
5,20072,87,20072017
5,04072,87,04072021
5,06042,87,06042021
5,99365,86,99365703010
5,50524,86,505248804
5,33787,86,33787550628
5,23566,86,23566293652
5,94715,86,94715199076
5,65980,86,6598067651
5,32232,86,322322
5,05817,86,0581771247
5,30040,86,300400
5,18513,86,18513507998
5,13905,86,13905580795
5,50411,86,504115964
5,55926,86,559265862
5,10340,86,1034007
5,10301,86,1030118
5,26261,86,262611
5,30016,86,300160
5,86334,86,86334369934
5,56788,86,567888355
5,55836,86,558368522
5,27732,86,27732012074
5,50825,86,508251744
5,66326,86,66326100
5,98196,86,9819652456
5,10088,86,10088043
5,52930,86,5293006065
5,56588,86,5658806
5,55655,86,55655712
5,44503,86,44503581
5,91907,86,919078162259
5,44056,86,440561192300
5,97258,86,972587853050
5,52982,86,529829328
5,50580,86,505808495
5,50284,86,502842343
5,20092,86,20092004
5,34455,86,344551504
5,47943,86,4794324646
5,02665,86,026655447
5,31278,86,31278204
5,23108,86,2310888
5,39333,85,393336652491
5,23484,85,23484232784
5,87669,85,876698
5,50835,85,508350556
5,50157,85,501577171
5,41500,85,4150000
5,56605,85,566050429
5,82109,85,821095551678
5,13269,85,13269257705
5,65197,85,65197252792
5,50589,85,50589003
5,92162,85,921627395
5,80121,85,8012153487
5,50184,85,501840007
5,78796,85,7879650515
5,24185,85,24185101
5,49159,85,4915901081088
5,91811,85,918111986677
5,91626,85,916263833046
5,77026,85,77026452333
5,56122,85,561220955
5,24201,85,242019
5,05638,85,0563811771
5,33111,85,33111111111
5,31521,85,3152170005
5,21042,85,2104261
5,04252,85,042525787
5,04385,85,043855438
5,04251,85,042516857
5,28922,85,2892218
5,20022,84,20022003
5,62082,84,62082146089023
5,22474,84,224743
5,22181,84,221812
5,50706,84,507061578
5,50907,84,509079172
5,44037,84,44037777
5,50282,84,502823069
5,43619,84,43619346
5,43324,84,43324000
5,33777,84,337772104
5,16137,84,16137700141
5,52846,84,528460312
5,77024,84,77024431343
5,18801,84,18801205608
5,99665,84,996655
5,06573,84,065738312
5,65094,84,65094482529
5,65083,84,65083613114
5,65086,84,65086608009
5,65668,84,6566801536
5,32727,84,3272707
5,55764,84,557648245
5,55668,84,556684628
5,52288,84,522880850
5,55650,84,556500628
5,55292,84,552920281
5,13907,84,1390748381
5,86121,84,8612119099
5,91787,84,917878790127
5,98093,84,9809306149241
5,16044,84,16044014697
5,17033,84,17033008516
5,12819,84,12819228513
5,96552,84,96552228958
5,17184,84,17184147816
5,50527,84,505279216
5,50216,84,502160739
5,50322,84,503224206
5,30282,84,3028225286
5,30024,84,3002422024
5,23535,84,2353501
5,24343,84,2434301
5,24444,84,2444401
5,24747,84,2474701
5,24949,84,2494901
5,31520,84,315207
5,32501,84,325011
5,21110,84,211101
5,86913,84,869132990560
5,86296,84,862968888423
5,86835,84,8683579118
5,71005,84,710054
5,86421,84,864217812883
5,26411,84,26411217
5,22624,84,2262415
5,39817,84,3981754
5,65828,83,6582880600
5,55528,83,55528527
5,04280,83,042802225
5,56175,83,561757566
5,56274,83,562741475
5,57200,83,572002
5,18328,83,18328933330
5,50873,83,508738738
5,22117,83,2211773164112
5,15313,83,15313779870
5,50787,83,507870594
5,04887,83,048873890
5,13008,83,13008888913
5,55911,83,559117533
5,56669,83,566690640
5,16462,83,16462861243
5,25568,83,255683145858
5,27721,83,27721279423
5,34346,83,3434622851352
5,52961,83,529619888
5,88383,83,883838
5,86886,83,868865200559
5,77014,83,77014413143
5,29733,83,297331104
5,16161,83,161610
5,96648,83,966483924829
5,34488,83,344883904
5,02644,83,026440903
5,65684,83,6568484248
5,56728,82,567287801
5,22108,82,221085
5,50286,82,502868571
5,55752,82,557527810
5,56650,82,5665069721
5,55333,82,553330055
5,13621,82,13621135691
5,18810,82,18810822250
5,18001,82,18001134084
5,36632,82,366321
5,52910,82,529109698
5,13030,82,1303002
5,56940,82,569403314
5,56363,82,563631512
5,56711,82,567116100
5,27820,82,27820440996
5,55335,82,553354152
5,91775,82,917757915999
5,33689,82,33689841452
5,61411,82,61411693432
5,44408,82,444088356563
5,27768,82,27768243712
5,34699,82,34699890118
5,13016,82,13016530663
5,31468,82,3146898087
5,86390,82,863902235732
5,98101,82,9810156900
5,13126,82,13126590778
5,33682,82,33682309870
5,56413,82,564130461
5,50056,82,500565079
5,50958,82,509586032
5,50995,82,509956888
5,55879,82,558795680
5,30029,82,3002945978
5,05646,82,0564602411
5,39874,82,398748838
5,55475,82,5547575
5,79185,82,79185582995
5,72386,82,72386786
5,65632,82,6563232793
5,55330,81,553304688
5,27846,81,27846083821
5,50790,81,507901253
5,55317,81,553179837
5,04004,81,0400402388
5,18519,81,18519396238
5,50225,81,502252896
5,25380,81,2538076
5,45601,81,4560153443
5,55216,81,552167798
5,54496,81,544969944
5,79303,81,7930392486
5,15358,81,1535898188
5,55705,81,55705135
5,91850,81,918507461604
5,99898,81,998983144446
5,79175,81,79175798397
5,46709,81,46709596933
5,50672,81,506720218
5,55901,81,559010088
5,05687,81,0568771367
5,05633,81,0563301340
5,19076,81,190765
5,50994,81,509940962
5,97400,81,97400000000
5,25251,81,252511
5,44441,81,444410
5,36296,81,3629696
5,44294,81,44294444
5,01000,81,01000163059
5,04207,81,042075400
5,02445,81,024455471
5,09062,81,09062021
5,11415,80,1141574648
5,10060,80,1006072680
5,77054,80,770544368
5,24911,80,249118224666
5,91096,80,9109695499991
5,91869,80,918698784121
5,55204,80,552048666
5,50597,80,505975112
5,50271,80,502711050
5,12043,80,12043962002
5,56991,80,569918965
5,56537,80,565375567
5,27765,80,27765064301
5,56101,80,561017440
5,55306,80,553063747
5,50532,80,505322987
5,52133,80,521338687
5,48813,80,48813000
5,13823,80,1382338314
5,55541,80,5554105900
5,44273,80,44273176
5,13902,80,1390288642
5,39342,80,393428354776
5,93797,80,93797226065
5,35567,80,355676737153
5,91738,80,917387868086
5,91760,80,917600421715
5,79163,80,79163849208
5,79517,80,79517267846
5,70237,80,7023736191
5,33632,80,33632390284
5,14078,80,14078644254
5,63929,80,639296197883
5,16201,80,162019
5,78602,80,786022
5,23364,80,23364993
5,35400,80,354000000000
5,19052,80,1905201004
5,97500,80,97500000000
5,30180,80,3018015617
5,44522,80,44522202
5,44168,80,441689823947
5,51003,80,510030
5,21440,80,214400
5,86765,80,867656634805
5,41008,80,410082
5,51051,80,510515
5,20303,80,203030704
5,02444,80,024448888
5,04809,80,048094603
5,04804,80,048045500
5,15658,80,1565888
5,10168,80,1016888
5,10278,80,1027888
5,07032,80,07032021
5,55574,79,555748010
5,51170,79,511700
5,50569,79,505695281
5,13671,79,13671249715
5,79188,79,79188458183
5,82112,79,82112710200
5,61437,79,61437289979
5,19050,79,190501
5,55431,79,554319653
5,50306,79,503065599
5,26658,79,26658185528
5,79024,79,79024725038
5,96100,79,961009613922550
5,39366,79,393665482148
5,38163,79,381631481469
5,92055,79,920558418625
5,77754,79,77754319779
5,15129,79,15129024566
5,55722,79,557221892
5,55325,79,553259929
5,55118,79,551182077
5,50318,79,503188363
5,50219,79,502199594
5,33320,79,3332055530
5,33223,79,3322331547
5,88912,79,8891207
5,44512,79,44512000
5,44114,79,441142436621
5,26771,79,26771325473
5,38044,79,380442516846
5,28755,79,2875513
5,٠١٢٧٧,79,٠١٢٧٧٧١٧٥٨
5,86221,79,862212345678
5,26220,79,262200
5,34408,79,344088104
5,02558,79,025583383
5,04313,79,043132021
5,09022,79,09022021
5,33221,78,332211
5,96666,78,966664794675
5,97454,78,974540
5,52646,78,526466100
5,50781,78,507815179
5,16507,78,16507418493
5,55691,78,556913642
5,33400,78,3340000000
5,15300,78,15300886352
5,10902,78,1090256929
5,52312,78,52312008
5,85602,78,8560219681
5,21406,78,214067878
5,58546,78,585463009
5,56665,78,5666513450
5,56415,78,564152855
5,32497,78,32497737735
5,94967,78,9496710415
5,55935,78,559352860
5,52113,78,521130120
5,42280,78,42280557
5,43400,78,43400700
5,65570,78,65570000
5,44539,78,44539118
5,22890,78,22890285279
5,97377,78,973777500566
5,33619,78,33619089623
5,91952,78,919526206633
5,54115,78,541151833388
5,77020,78,77020002300
5,79687,78,79687397000
5,40742,78,40742659845
5,77721,78,7772108974
5,37477,78,37477001200
5,33630,78,33630720887
5,55561,78,555617518
5,50943,78,509433744
5,50897,78,508976860
5,50727,78,507272168
5,79968,78,799687572
5,34530,78,3453073966
5,30012,78,300128
5,11213,78,1121396817
5,15378,78,15378788322
5,05682,78,0568240892
5,85300,78,85300000000
5,09733,78,097339934442
5,99366,78,99366300314
5,49015,78,49015254123901
5,51017,78,510170
5,10140,78,101407
5,99604,78,99604733
5,04219,78,042197000
5,15318,78,153184375
5,19568,78,1956888
5,21678,78,2167888
5,23698,78,2369888
5,07884,77,07884229
5,96395,77,963958208677
5,55972,77,559729006
5,42665,77,42665866
5,50259,77,502595677
5,50905,77,509050786
5,39038,77,3903899
5,43617,77,43617753
5,55130,77,551307552
5,05883,77,0588318879
5,91945,77,919459575812
5,79196,77,79196307307
5,56829,77,568297198
5,86610,77,866105931221
5,90566,77,905663261
5,62523,77,6252333
5,55536,77,555367069
5,50285,77,502857615
5,52633,77,526333111
5,96663,77,9666369779348
5,56225,77,56225676040
5,14042,77,14042959217
5,61433,77,61433711699
5,91146,77,9114699996664
5,55720,77,557201188
5,50224,77,502242795
5,05444,77,0544400432
5,65831,77,6583132978
5,20204,77,202044
5,50665,77,506650358
5,44508,77,44508427990
5,44154,77,441543300828
5,65987,77,6598799511
5,96250,77,962505546805
5,27110,77,271100
5,76650,77,76650002
5,10988,77,109886999
5,55337,76,553370009
5,05226,76,0522688176
5,22613,76,226130
5,44471,76,44471448
5,55432,76,554325122
5,55114,76,551140364
5,50365,76,503651302
5,50261,76,502610039
5,18301,76,18301228661
5,17783,76,17783133068
5,13146,76,13146178022
5,70051,76,700516
5,74855,76,7485538
5,53700,76,537000
5,58750,76,5875004844
5,56746,76,567467210
5,50334,76,503343012
5,56929,76,569297999
5,50531,76,505314642
5,44706,76,447068054890
5,52948,76,529484000
5,50263,76,502638541
5,55361,76,553611800
5,42260,76,42260062
5,42290,76,42290441
5,50174,76,5017478
5,11917,76,119179996581
5,19082,76,19082409804
5,36202,76,36202888999
5,24397,76,243974857912
5,77779,76,77779679393
5,12027,76,12027019710
5,46721,76,46721454861
5,60112,76,601123786727
5,13477,76,13477278983
5,55287,76,552876938
5,52950,76,529508160
5,52895,76,528953187
5,50987,76,509874532
5,50902,76,509024068
5,50360,76,503601568
5,50182,76,501828732
5,50948,76,509481030
5,27710,76,27710695670
5,58103,76,581034603
5,30035,76,3003511119
5,03005,76,03005011455
5,55840,76,558409211
5,79000,76,79000000000
5,03072,76,03072774376
5,75070,76,7507017017
5,04818,76,048183111
5,31510,76,3151068023
5,51580,76,515800
5,45300,76,453000
5,11603,76,116031
5,57012,76,570125
5,52842,76,528421
5,31130,76,311300
5,86859,76,868595886
5,31450,76,314500
5,27400,76,274000
5,52824,76,528247
5,86358,76,863587321009
5,02563,76,025631515
5,04511,76,0451196334
5,28447,76,2844759
5,15258,76,1525888
5,33001,75,3300100
5,56234,75,562341686
5,56133,75,561338
5,55952,75,559523327
5,17788,75,17788362654
5,10131,75,1013141
5,41010,75,4101002
5,56145,75,561456995
5,55307,75,553071371
5,55198,75,5519878
5,12052,75,12052837680
5,35679,75,35679209391
5,20103,75,20103631030
5,34300,75,343009251165463
5,55989,75,559895578
5,55584,75,555846066
5,33388,75,3338813744
5,24941,75,249411699
5,64695,75,64695035
5,14578,75,1457843182
5,10122,75,101222
5,39800,75,39800000000
5,55294,75,552945923
5,90312,75,903125556785
5,38381,75,383810
5,40401,75,404010
5,39300,75,393000000000
5,74954,75,74954162827
5,28877,75,288773004
5,04506,75,045066000
5,34033,75,340336304
5,39444,75,394441204
5,98213,75,982133947339
5,04884,75,048841601
5,35318,75,35318217375
5,56673,74,566734589
5,50463,74,504630595
5,50223,74,502230367
5,61467,74,61467878028
5,57357,74,5735709
5,44542,74,44542096
5,50249,74,502490560
5,12024,74,12024926673
5,05363,74,0536391629
5,12300,74,123000000
5,91847,74,918474836674
5,02255,74,0225533
5,29675,74,2967519411
5,41616,74,41616822
5,26111,74,261116904
5,13011,74,13011151012
5,09586,74,0958683686
5,09391,74,0939196579
5,56511,74,565110107
5,55702,74,557028084
5,52992,74,529929172
5,74542,74,7454278387
5,55516,74,555164973
5,44253,74,44253880
5,52818,74,5281863
5,36705,74,36705389662
5,25779,74,25779299299
5,33751,74,33751591322
5,13014,74,13014661651
5,79045,74,79045444443
5,79160,74,79160379129
5,79626,74,79626047788
5,79789,74,79789577485
5,24022,74,240222276498
5,21192,74,211928455084
5,55228,74,552281588
5,52102,74,521028258
5,50971,74,509718770
5,50483,74,504837840
5,50978,74,509780914
5,30026,74,3002612112
5,77766,74,7776636
5,07491,74,07491227192
5,03459,74,03459662100
5,05651,74,0565110107
5,86862,74,868627183322
5,50671,74,506716717
5,02547,74,0254700024755
5,26666,74,26666083
5,56755,74,567559558
5,06572,74,065722826
5,92547,74,92547707394
5,91892,74,918921729908
5,55215,74,552152222
5,92219,74,92219151766
5,06522,74,065222075
5,69988,74,699888
5,51028,74,510280
5,52390,74,523900
5,86602,74,86602836466
5,86438,74,864385322106
5,86827,74,868270000000
5,86456,74,864568288163
5,52604,74,526040
5,11012,74,110121
5,12461,74,1246136
5,19729,74,19729788960
5,14568,74,1456899217
5,04212,74,042123510
5,28505,74,285055204
5,19388,74,1938888
5,19418,74,1941888
5,15288,74,1528888
5,24428,74,2442888
5,96888,74,968888
5,15408,74,1540888
5,24008,74,2400888
5,24368,74,2436888
5,25718,74,2571888
5,07022,74,07022021
5,85282,74,85282003812
5,13124,73,13124988888
5,70400,73,7040000000
5,55229,73,552295533
5,49596,73,495962
5,50235,73,502356765
5,50705,73,507058317
5,55343,73,553435327
5,56130,73,561301325
5,33686,73,336868022417
5,15330,73,15330258385
5,18211,73,18211011750
5,55515,73,555155038
5,60305,73,6030558
5,50199,73,501993894
5,55731,73,557317873
5,52110,73,521104757
5,22557,73,2255786
5,22501,73,2250141
5,85236,73,85236978311
5,12891,73,1289189944
5,90850,73,908505600750
5,99654,73,996541779922
5,26876,73,26876237866
5,35526,73,35526644554
5,39331,73,393318254543
5,14045,73,14045805185
5,31685,73,31685143150
5,33699,73,33699263534
5,33605,73,33605981743
5,56693,73,566939958
5,55055,73,550556030
5,39396,73,393960
5,33436,73,3343674393
5,30031,73,3003186100
5,07061,73,07061984
5,74722,73,74722578529
5,79261,73,79261560291
5,79263,73,79263563741
5,28281,73,282810
5,45451,73,454510
5,20017,73,2001710
5,04553,73,045530749
5,45401,73,4540114999
5,65975,73,6597501661
5,33821,73,338217204
5,12548,73,1254874953
5,79568,72,7956842387
5,27844,72,27844425363
5,92348,72,923482787926
5,50767,72,50767972137
5,55904,72,559043444
5,56307,72,563072087
5,42252,72,42252909
5,55790,72,557906800
5,33696,72,336968104
5,91758,72,917584814432
5,55874,72,55874684
5,41617,72,41617950
5,41618,72,41618044
5,41632,72,41632574
5,52507,72,525075568
5,91975,72,919755155786
5,56328,72,563282823
5,14545,72,1454509
5,13127,72,131272
5,98490,72,9849062184
5,56962,72,569624165
5,32137,72,3213742482
5,56466,72,5646646
5,42251,72,42251498
5,38012,72,3801215295
5,96510,72,9651010101010
5,23308,72,2330898529260
5,23499,72,2349976113499
5,91883,72,918837777919
5,91733,72,917330808910
5,33602,72,33602717581
5,79061,72,79061370777
5,79109,72,79109719509
5,17174,72,1717429783
5,16506,72,16506311089
5,53348,72,5334803873
5,41767,72,41767353786
5,91054,72,910544030004
5,19493,72,19493825127
5,33766,72,33766449894
5,91635,72,916355782453
5,19498,72,1949887731
5,14695,72,14695973509
5,27678,72,27678238705
5,56480,72,564805775
5,50145,72,501452508
5,52641,72,526415266
5,55436,72,554365382
5,97901,72,979016653
5,05269,72,0526908340
5,05272,72,0527259583
5,60123,72,60123711903
5,36297,72,362978504
5,43237,72,43237427
5,45400,72,4540000000
5,05618,72,0561887221
5,19032,72,190323
5,31440,72,314400
5,51026,72,510260
5,26104,72,261041
5,61008,72,610081
5,36400,72,364000
5,51902,72,519020
5,11004,72,110045
5,52841,72,528415
5,06700,72,067000
5,51018,72,510180
5,86400,72,864008281111
5,04426,72,044268888
5,06558,72,065582234
5,19608,72,1960888
5,19358,72,1935888
5,24848,72,2484888
5,15058,72,1505888
5,24978,72,2497888
5,07710,71,0771063286
5,33826,71,33826754
5,05442,71,0544274849
5,56360,71,563607739
5,27640,71,27640741927
5,94112,71,94112360608
5,56460,71,564608223
5,55649,71,556495556
5,61412,71,61412888292
5,10752,71,1075233
5,20133,71,2013311
5,55299,71,552992950
5,18605,71,1860513777
5,50526,71,50526136262
5,45402,71,4540232
5,33068,71,33068903
5,64272,71,64272460341
5,61438,71,61438366235
5,64274,71,64274499286
5,34618,71,34618650007
5,91831,71,918318035567
5,88050,71,880506974479
5,35796,71,35796512000
5,31655,71,31655836388
5,52608,71,526081688
5,56408,71,564083607
5,91016,71,910165822
5,32321,71,3232108378
5,96630,71,9663084
5,62857,71,6285742005858
5,26419,71,26419778
5,44160,71,441604705249
5,28571,71,285711904
5,09821,71,0982122705101
5,26516,71,2651645645
5,33004,71,330046
5,53233,71,532334564
5,12813,71,12813132755
5,04012,71,04012021
5,19727,70,19727554147
5,65830,70,6583078325
5,52781,70,527811888
5,36173,70,361739204
5,56210,70,562109370
5,52644,70,526444142281
5,50106,70,501065794
5,55194,70,551948459
5,50599,70,505999022
5,10171,70,1017181
5,36871,70,3687166
5,55360,70,553601888
5,93583,70,93583731
5,13745,70,13745698
5,58778,70,5877843867
5,56255,70,562554044
5,56491,70,564917161
5,50864,70,508640487
5,55464,70,554647366
5,52660,70,526609333
5,15875,70,1587504844
5,55378,70,5537878000
5,50204,70,502047681
5,50108,70,5010893887
5,91898,70,918983335083
5,26371,70,263712604643
5,91563,70,91563313031
5,18192,70,18192162274
5,91725,70,917250750550
5,27731,70,27731797786
5,93787,70,93787838499
5,91846,70,918469737366
5,93794,70,93794797313
5,33750,70,33750420769
5,94009,70,940094771119069
5,37443,70,37443000007
5,33795,70,337956100964
5,33340,70,333408575044
5,21226,70,21226141079
5,87023,70,87023391651
5,34667,70,34667365357
5,79213,70,79213103388
5,17148,70,1714824915
5,17488,70,1748872494
5,23058,70,23058134219
5,18327,70,18327621921
5,55995,70,559953310
5,50209,70,502091054
5,56118,70,561188093
5,33065,70,330651793447
5,25035,70,250350
5,43562,70,4356225
5,07769,70,07769278
5,30438,70,304386524
5,11408,70,1140878151
5,37966,70,379660907
5,70697,70,706970068
5,55396,70,553962468
5,05004,70,0500490307
5,65961,70,6596196505
5,10788,70,1078835523
5,53001,70,530012
5,86857,70,868578302609
5,86691,70,866912148003
5,86586,70,86586524360
5,51073,70,510730
5,86252,70,8625210000
5,86826,70,868262256123
5,86834,70,868343518758
5,26651,70,266510
5,86243,70,862431049998
5,36636,70,366368
5,51575,70,51575670
5,08080,70,080808
5,28544,70,285448804
5,28746,70,287464504
5,63355,70,63355804
5,28757,70,287570704
5,39844,70,398449904
5,29663,70,296635104
5,04236,70,042368620
5,02443,70,024439445
5,98215,70,982155636341
5,39839,70,398394604
5,28511,70,2851199
5,65638,70,6563878050
5,26455,70,264553904
5,21908,70,2190888
5,19778,70,1977888
5,18598,70,1859888
5,13168,70,1316888
5,13338,70,1333888
5,65678,70,6567848682
5,92200,69,922000771
5,91829,69,91829094
5,44137,69,441372724085
5,31883,69,318833304
5,50327,69,503273672
5,43212,69,4321212356
5,65833,69,6583309465
5,17803,69,17803991190
5,22131,69,2213164112
5,27466,69,2746608
5,21410,69,214100
5,50169,69,501698628
5,50102,69,501022901
5,99015,69,99015150
5,55196,69,551961923
5,66850,69,66850000415
5,56137,69,561378
5,35308,69,3530827722
5,44444,69,44444444
5,16312,69,16312415777
5,15086,69,15086272110
5,96079,69,9607903799
5,25679,69,256794694650
5,99470,69,994702345969
5,79126,69,79126207047
5,14243,69,14243028770
5,48601,69,48601150999
5,55978,69,559788283
5,50226,69,502268888
5,55750,69,557500588
5,20155,69,201556633330
5,11218,69,1121882200
5,25441,69,254412006201
5,86880,69,868806350
5,43957,69,43957002
5,02010,69,0201001610173
5,79652,69,79652857325
5,79600,69,79600303999
5,47471,69,474710
5,91097,69,9109747333323
5,44483,69,44483904
5,44502,69,44502384816
5,56411,69,564113860
5,44890,69,448904176596
5,28745,69,2874553
5,26338,69,263389504
5,02634,69,026349000
5,34883,69,348836304
5,65647,69,6564710786
5,65645,69,6564580611
5,05260,68,0526096888
5,32267,68,3226770956
5,17134,68,17134923460
5,96309,68,9630933452123
5,55563,68,55563154
5,43388,68,43388885
5,55101,68,5510153
5,55115,68,5511502
5,76364,68,7636483
5,43326,68,43326552
5,48861,68,48861379
5,43494,68,43494444
5,50854,68,508547717
5,52999,68,529999616
5,55580,68,555809319
5,43387,68,43387899
5,52101,68,521010415
5,41621,68,41621130
5,10120,68,101200
5,56501,68,565016302
5,13818,68,13818003589
5,18888,68,18888841550
5,50866,68,508664505
5,86522,68,8652203700
5,50147,68,501471944
5,19822,68,198227
5,52705,68,527056781
5,55857,68,558577977
5,50134,68,501342232
5,76099,68,760999103
5,55239,68,552396893
5,13600,68,1360043008
5,43300,68,43300033
5,44081,68,44081000
5,44541,68,44541911
5,44201,68,44201913
5,42295,68,42295228
5,50221,68,50221251
5,52552,68,525521281454
5,52199,68,5219983940020
5,34698,68,34698220818
5,16463,68,16463393058
5,91834,68,918349000429
5,39337,68,39337785532
5,96855,68,96855999704
5,15044,68,15044508263
5,44013,68,4401383413606
5,23723,68,237237677117902
5,60113,68,601133364388
5,37410,68,3741010101010
5,46701,68,46701459873
5,17332,68,173322077285
5,79148,68,79148158347
5,12489,68,12489822772
5,77999,68,7799919915
5,33659,68,33659832912
5,96178,68,96178800807
5,26776,68,26776781585
5,55338,68,553386877
5,52988,68,529886655
5,52921,68,529211645
5,50752,68,507527839
5,50253,68,502534639
5,52822,68,528227115
5,50274,68,502747636
5,55688,68,556882866
5,26134,68,261340507786
5,33197,68,331971
5,77720,68,777200
5,22288,68,222888
5,31522,68,3152255861
5,03215,68,03215144197
5,05252,68,0525277375
5,88486,68,8848653
5,03214,68,03214622001
5,50467,68,504672388
5,50323,68,503231163
5,35316,68,35316347015
5,44193,68,441932841929
5,35340,68,35340783
5,36035,68,360357604
5,54300,68,543000000
5,04303,68,043035555
5,43008,68,4300874
5,43683,68,43683193
5,06555,68,065553677
5,05648,68,0564802630
5,20828,68,2082819402
5,04314,68,043142396
5,42284,68,422845042
5,65636,68,65636172
5,19528,68,195283991
5,52385,68,523853
5,41400,68,414000
5,32540,68,325404
5,05300,68,053000
5,41020,68,410205
5,36240,68,362400
5,05002,68,050021
5,86938,68,86938689936
5,42300,68,423000
5,86836,68,868362
5,26604,68,266041
5,06530,68,065300
5,92915,68,92915273218
5,66818,68,66818204
5,04217,68,042177777
5,19668,68,1966888
5,13158,68,1315888
5,13408,68,1340888
5,17268,68,1726888
5,65648,68,6564817162
5,13802,67,13802785171
5,50945,67,509450973
5,91509,67,91509867621
5,55291,67,552915718
5,46702,67,46702674958
5,06554,67,065545482
5,22580,67,2258080
5,50813,67,508133067
5,61284,67,6128407
5,33648,67,33648306730
5,14890,67,1489064340
5,50232,67,502327474
5,64351,67,6435188
5,98921,67,989213173986
5,31138,67,31138033
5,56982,67,56982389
5,57313,67,573132843673
5,49016,67,4901602007717
5,91502,67,91502364068
5,46769,67,46769495851
5,13012,67,13012660351
5,33688,67,3368856387
5,96610,67,9661010101010
5,17065,67,1706565065
5,79131,67,7913152629
5,77058,67,77058262222
5,50962,67,509626090
5,50208,67,502083579
5,52938,67,529382911
5,50214,67,502144410
5,62858,67,6285876117126
5,15033,67,15033879630
5,81803,67,818035849366
5,87973,67,8797372
5,64200,67,642004
5,04439,67,044392230
5,34433,67,344330704
5,79172,67,79172241268
5,52711,67,527116477
5,27271,67,272710
5,92211,67,9221111125000
5,22650,67,226500
5,31148,67,31148604
5,94779,66,94779514422
5,20083,66,200832
5,92505,66,925054620
5,97452,66,974525585912
5,56950,66,569500042
5,13439,66,13439087448
5,13511,66,13511063771
5,13598,66,13598796021
5,10778,66,107783161533
5,56488,66,564886478
5,65681,66,6568187008
5,43927,66,439276202
5,55787,66,557876198
5,52799,66,527994346
5,34646,66,3464613
5,61610,66,616106
5,74709,66,7470913
5,52655,66,526555579
5,55915,66,559156547
5,55907,66,559071024
5,55942,66,559425000
5,55925,66,559256898
5,52105,66,521059004
5,55207,66,552075603
5,97550,66,975504556759
5,96206,66,962064630070
5,50171,66,501711905
5,55132,66,551325709
5,56771,66,567710142
5,56298,66,562987675
5,14047,66,14047909584
5,41412,66,41412403588
5,17247,66,17247994170
5,86989,66,86989331301
5,27789,66,27789186504
5,33757,66,33757421543
5,24555,66,245554561265
5,91835,66,918359962890
5,91859,66,918591885920
5,17756,66,17756227080
5,66439,66,6643905585
5,27718,66,27718662289
5,37498,66,37498601760
5,55179,66,5517997855367
5,33677,66,33677876322
5,17874,66,17874364181
5,10019,66,10019497519299
5,56660,66,566608018
5,55892,66,558925566
5,50762,66,507620788
5,55323,66,553237001
5,78678,66,786786786
5,16789,66,16789072298
5,31319,66,3131982
5,33533,66,3353388024
5,30083,66,3008377567
5,33224,66,3322487767
5,10900,66,1090049
5,89287,66,89287678777
5,99238,66,9923811
5,89055,66,89055794850
5,58145,66,581453
5,35017,66,350179
5,35315,66,3531578310
5,41326,66,413265674
5,40750,66,407503289
5,52442,66,524420522
5,14747,66,1474703
5,55246,66,552468539
5,04436,66,044363740
5,56629,66,566297814
5,55944,66,559441
5,86507,66,865076669968
5,24052,66,24052017
5,36191,66,3619177
5,92432,66,92432550090
5,04350,66,043503555
5,04238,66,042384444
5,86217,66,8621769527
5,22568,66,22568321162
5,96665,66,9666555191221
5,11400,66,114001
5,51011,66,510110
5,86297,66,862978808862
5,13005,66,130051
5,86439,66,864393399902
5,86452,66,8645222333677
5,86251,66,862511111111
5,86627,66,8662724040247
5,86790,66,867905897366
5,86916,66,869162606726
5,86876,66,8687664727
5,86470,66,864706765762
5,23528,66,235289804
5,34442,66,3444252
5,04557,66,045578300
5,04445,66,044454774
5,04706,66,047063333
5,65686,66,6568625252
5,20528,66,2052888
5,23558,66,2355888
5,22008,66,2200888
5,23638,66,2363888
5,65626,66,6562653788
5,23418,65,23418055024914
5,85366,65,85366669465
5,97119,65,9711977566
5,13175,65,13175028704
5,91508,65,91508855063
5,05631,65,0563103079
5,18189,65,18189832760
5,88741,65,8874127466
5,44592,65,44592527
5,15311,65,15311916713
5,18136,65,18136636979
5,98910,65,98910869
5,66899,65,66899039903
5,14034,65,14034641149
5,12403,65,12403179612
5,13135,65,13135153444
5,41916,65,41916482389
5,90531,65,905318114206
5,79222,65,79222722229
5,22176,65,221763011126
5,37061,65,37061777678
5,50981,65,509818579
5,54455,65,544555000
5,14320,65,14320011
5,33375,65,3337575520
5,32175,65,3217555000
5,06701,65,0670140
5,52308,65,523083577
5,74200,65,742003
5,78123,65,78123881505
5,92519,65,92519272736
5,23450,65,234501
5,44009,65,4400920735
5,52353,65,523532
5,30001,65,300010
5,32210,65,322100
5,10108,65,10108998
5,02641,65,026411217
5,26499,65,264998804
5,34451,65,344516504
5,26950,65,269505004
5,34411,65,344117304
5,34459,65,344599504
5,35221,65,352217304
5,33152,65,331526704
5,98761,65,987616677505
5,04309,65,043091006
5,34878,65,3487877
5,28585,65,285852304
5,18038,64,18038334533
5,65942,64,6594200717
5,43592,64,43592892
5,50139,64,501391011
5,50304,64,503040695
5,50215,64,5021548758
5,46442,64,46442633
5,55618,64,556183026
5,50904,64,509044000
5,50586,64,505866349
5,50269,64,502690600
5,91868,64,918684897786
5,50363,64,503634412
5,41622,64,41622916
5,56749,64,567498126
5,05430,64,0543059923
5,13800,64,138000
5,50917,64,509173886
5,14669,64,1466911363
5,14646,64,1464603
5,55472,64,554725478
5,17144,64,17144159897
5,97564,64,97564423480
5,47941,64,4794112324
5,52706,64,527066706
5,50314,64,503146614
5,42799,64,4279988
5,13916,64,1391662791
5,13768,64,137684777
5,26276,64,26276808
5,42281,64,42281239
5,13174,64,13174571946
5,13616,64,13616486949
5,49342,64,493423453
5,91600,64,916002755756
5,46734,64,46734184951
5,91824,64,918247642825
5,23054,64,23054213563
5,31617,64,31617630180
5,16518,64,16518950994
5,16043,64,16043662424
5,31627,64,31627838972
5,79038,64,79038270233
5,99319,64,99319193
5,96396,64,963968630687
5,19175,64,19175492364
5,33767,64,33767684615
5,56455,64,564556615
5,56111,64,561118888
5,55620,64,556200300
5,50928,64,509288795
5,50460,64,504603350
5,55848,64,558486655
5,52730,64,527309815
5,14604,64,1460498303
5,31616,64,3161615506
5,79900,64,79900000000
5,96300,64,9630000000000
5,50311,64,503111304
5,03337,64,03337100999
5,44462,64,44462756
5,79048,64,79048702667
5,92412,64,92412644190
5,43476,64,43476557
5,44240,64,44240577
5,28836,64,2883620
5,05412,64,0541231894
5,33069,64,330695161882
5,51080,64,510800
5,51042,64,510425
5,01002,64,010020
5,86868,64,868686868686
5,65022,64,650228
5,86684,64,8668410808
5,31805,64,318058
5,21301,64,213017
5,86104,64,861041223250
5,50493,64,504932802
5,98327,64,9832722
5,04206,64,042066666
5,18568,64,18568033537
5,32480,64,324800004
5,05285,64,0528531676
5,20688,64,2068888
5,15678,64,1567888
5,18428,64,1842888
5,18528,64,1852888
5,21748,64,2174888
5,13368,64,1336888
5,19878,64,1987888
5,55855,63,558550200
5,50989,63,509891517
5,91885,63,918856999082
5,19752,63,19752003
5,54761,63,5476175455
5,55523,63,555236361
5,55443,63,554433969
5,55232,63,552324200
5,44218,63,44218642
5,61434,63,61434497172
5,65826,63,6582660678
5,32495,63,32495264698
5,32489,63,32489541406
5,21360,63,21360123446
5,61413,63,61413048688
5,32487,63,32487022395
5,21263,63,212639560684
5,50338,63,503382633
5,55822,63,558228463
5,50191,63,501919669
5,55202,63,5520202
5,96617,63,966173312222
5,36502,63,365027
5,44169,63,441691661126
5,03082,63,03082220660
5,24242,63,2424201
5,79050,63,79050082244
5,29291,63,292910
5,30301,63,303010
5,31311,63,313110
5,37371,63,373710
5,42421,63,424210
5,46461,63,464610
5,48480,63,484801
5,44133,63,441332521764
5,79173,63,79173531717
5,45111,63,45111712
5,39059,63,39059909071
5,65676,63,656766833
5,04458,63,044589848
5,28744,63,2874472
5,34944,63,349440104
5,06538,63,065388664
5,26438,63,264389104
5,91849,62,918492032536
5,56056,62,560560500
5,04209,62,042099787
5,50412,62,504127427
5,50595,62,505954617
5,50892,62,508925141
5,30148,62,3014843874
5,20057,62,200572564523
5,14044,62,14044838618
5,52207,62,5220713595
5,96255,62,962550096279
5,15888,62,15888656139
5,10350,62,1035010
5,10281,62,1028136
5,77800,62,7780007
5,52997,62,529979686
5,52957,62,529578707
5,55604,62,556042935
5,86650,62,8665004425
5,26021,62,260211272683
5,18177,62,18177367214
5,61759,62,6175941032
5,50593,62,505935385
5,55407,62,554077663
5,40838,62,4083821568
5,55463,62,554638407
5,55962,62,559625569
5,52731,62,5273147480
5,52926,62,529266503
5,86115,62,8611585081
5,93774,62,93774848802
5,91772,62,917729867351
5,96870,62,9687008713032
5,23477,62,2347752114689
5,23445,62,23445520423
5,91728,62,917286891211
5,76553,62,7655328997
5,32665,62,32665322236
5,91562,62,91562897410
5,24256,62,242563345660
5,61404,62,61404353420
5,90055,62,9005550004737
5,92549,62,925492991998
5,91566,62,91566270933
5,26772,62,26772302334
5,77029,62,77029992933
5,91757,62,917575007577
5,16513,62,16513661874
5,17023,62,17023718774
5,30085,62,3008550236
5,79051,62,79051366215
5,50160,62,501608049
5,50573,62,505730298
5,50984,62,509847548
5,58289,62,582891417
5,50742,62,507423756
5,50681,62,506810310
5,41120,62,411206
5,32420,62,3242019
5,22225,62,2222540
5,05652,62,0565204437
5,64451,62,6445124
5,55498,62,554986203
5,50769,62,507690786
5,33292,62,332928201
5,50533,62,505339442
5,12812,62,12812161236
5,91114,62,911145102289
5,28776,62,287768604
5,39065,62,39065412075
5,31698,62,3169819
5,20052,62,20052003
5,86292,62,862921115988
5,31110,62,311100
5,86821,62,8682162748
5,34000,62,340000
5,58117,62,581171993
5,24638,62,2463888
5,14588,62,1458888
5,23618,62,2361888
5,13608,62,1360888
5,22478,62,2247888
5,18968,62,1896888
5,17748,62,1774888
5,56198,61,5619882050
5,30333,61,30333476
5,50619,61,506198889
5,14157,61,14157358914
5,35357,61,353572504
5,22785,61,2278556
5,98300,61,983008233222
5,36635,61,3663593
5,98902,61,989023415608
5,79521,61,79521103333
5,05698,61,0569844025
5,77751,61,77751440036
5,78474,61,7847470847
5,43965,61,439657422
5,11094,61,1109458688
5,55811,61,558111555
5,55218,61,552189654
5,55920,61,559203748
5,18122,61,181220079
5,10025,61,1002510505
5,21005,61,21005559933
5,38111,61,381112135040
5,22699,61,2269921
5,60177,61,60177770488
5,16786,61,16786222731
5,61403,61,61403431015
5,16176,61,16176714751
5,37495,61,37495338333
5,77747,61,7774773707903
5,89219,61,89219950706
5,89098,61,89098541955
5,79058,61,79058771050
5,31683,61,31683383125
5,93793,61,93793353409
5,46760,61,46760241985
5,34679,61,34679888710
5,50380,61,503803930
5,50291,61,502917355
5,50138,61,501381905
5,56676,61,566763254
5,03338,61,03338527771
5,03004,61,03004726
5,50330,61,5033098
5,12036,61,12036855320
5,79959,61,7995977535
5,23898,61,238989
5,74956,61,74956872650
5,44140,61,441402067
5,44150,61,441502585263
5,44134,61,441344750491
5,75077,61,7507721285
5,05683,61,0568344633
5,32165,61,321654
5,43515,61,43515010
5,39052,61,390521239293
5,98131,61,981317233163
5,19739,61,19739301815
5,65868,61,6586872466
5,06577,61,065774624
5,44126,61,441268457581
5,51200,61,512000
5,27682,61,276826
5,34400,61,344000
5,34518,61,3451842
5,19198,61,19198510280
5,23458,61,234582902648
5,65672,61,656723581
5,55578,60,55578053
5,50837,60,508374727
5,50947,60,509477085
5,91890,60,918909402744
5,20041,60,200415
5,55577,60,555777516
5,42733,60,42733939
5,55471,60,554710271
5,44544,60,44544556
5,43942,60,43942850
5,43905,60,43905898
5,42977,60,42977477
5,50998,60,509987502
5,43519,60,43519400
5,42250,60,42250520
5,42880,60,42880186
5,03363,60,03363480684
5,15083,60,15083331058
5,60149,60,60149185620
5,14372,60,14372131887
5,78432,60,78432906285
5,55585,60,555851616
5,47952,60,4795257749
5,13641,60,13641244034
5,50384,60,503849266
5,86666,60,86666668
5,19820,60,19820622
5,50358,60,503584976
5,50761,60,507616740
5,56247,60,562475538
5,56454,60,564540156
5,50946,60,509465747
5,52759,60,527592875
5,42802,60,4280282
5,42744,60,4274403
5,29931,60,29931777
5,69820,60,6982000
5,55906,60,5590688
5,55346,60,55346188
5,56153,60,56153876
5,13651,60,1365108
5,13564,60,1356449427
5,13524,60,1352473339
5,13061,60,1306186677
5,42262,60,42262827
5,42264,60,42264208
5,43697,60,43697591
5,42517,60,42517176
5,42518,60,42518258
5,27114,60,27114405656
5,30013,60,3001321328
5,33169,60,33169620
5,13888,60,1388813971
5,13806,60,1380610798
5,85000,60,8500032857
5,19196,60,19196369090
5,12025,60,12025506856
5,77883,60,7788356558
5,88967,60,88967698687
5,33681,60,33681691779
5,46793,60,46793337824
5,47468,60,4746820324
5,91204,60,912042912956
5,49030,60,4903092217008
5,96750,60,967505272328
5,17035,60,17035096572
5,17277,60,17277773837
5,95523,60,9552340500
5,55489,60,5548999258218
5,79141,60,79141813970
5,33683,60,33683890286
5,33055,60,33055939378
5,65861,60,6586179120
5,56116,60,561167588
5,55888,60,558889458
5,52980,60,529809692
5,52810,60,528107931
5,50919,60,509194959
5,50289,60,502899803
5,50131,60,501311277
5,15105,60,15105080413
5,55667,60,556677
5,78120,60,781204
5,33313,60,3331344480
5,34435,60,3443579800
5,24122,60,24122012
5,01401,60,014016774
5,96509,60,965098577474
5,60124,60,60124161978
5,45579,60,4557949
5,05822,60,0582237828
5,39555,60,3955520
5,36388,60,3638891
5,10119,60,1011999
5,56300,60,563000000
5,39438,60,39438998170
5,97000,60,9700000000
5,44722,60,4472214151
5,14838,60,1483824577
5,65682,60,6568285109
5,43066,60,4306642582586
5,67420,60,6742004
5,19602,60,19602000
5,20044,60,200443
5,51022,60,510220
5,24400,60,244000
5,41030,60,410300
5,30011,60,300110
5,43500,60,435000
5,31160,60,311600
5,31600,60,316000
5,05005,60,050051
5,05009,60,050091
5,31230,60,312300
5,16100,60,161000
5,32300,60,323000
5,86763,60,867636620088
5,71003,60,710032
5,19848,60,198483
5,44245,60,44245679
5,64545,60,6454513050
5,33159,60,331591204
5,39051,60,39051104
5,26808,60,2680888
5,65688,60,6568844050
5,34456,60,344567804
5,39898,60,398984704
5,04444,60,044444444
5,04372,60,043721175
5,03530,60,03530429382280
5,04256,60,042567504
5,14508,60,1450888
5,14538,60,1453888
5,10628,60,1062888
5,12768,60,1276888
5,16938,60,1693888
5,85234,60,85234117553
5,32465,59,32465437741
5,21379,59,213790274297
5,44128,59,441282619
5,50732,59,507327787
5,14074,59,14074671234
5,54113,59,541132931
5,55772,59,557722295
5,18608,59,18608171574
5,73472,59,73472734372
5,55199,59,551999958
5,13681,59,13681060106
5,13904,59,13904718083
5,18932,59,18932862201
5,97502,59,97502578088
5,55350,59,553505943
5,91923,59,91923460259
5,22382,59,22382828484
5,60183,59,60183616141
5,79067,59,79067208824
5,91638,59,9163832355363
5,19255,59,19255777805
5,50562,59,50562553949
5,77016,59,77016661127
5,91506,59,91506275566
5,56678,59,566788639
5,52908,59,529086597
5,56500,59,565000651
5,12814,59,12814178338
5,32127,59,3212772064
5,55981,59,559814949
5,17480,59,174800867
5,19599,59,1959903726
5,17573,59,17573394149
5,20223,59,20223909618
5,20855,59,2085541659
5,52959,59,529596919
5,88200,59,8820000
5,28826,59,288266071
5,34311,59,3431187871
5,28768,59,287687104
5,34499,59,344991904
5,04308,59,043089154
5,65687,59,6568735144
5,65624,59,6562436418
5,70700,58,7070000000
5,34994,58,349949274
5,81820,58,8182033194
5,50760,58,507600557
5,55903,58,559036460
5,50730,58,507309423
5,55640,58,556408833
5,79171,58,7917134577
5,22000,58,220000
5,17707,58,17707446249
5,05434,58,0543456001
5,10310,58,103100
5,18901,58,18901388820
5,50750,58,507501725
5,10820,58,1082024
5,06323,58,063236
5,46567,58,465678396
5,55919,58,559193166
5,86996,58,869962800435
5,15818,58,1581888
5,65671,58,65671953
5,75955,58,7595512460
5,56166,58,561666880
5,59641,58,596417199
5,52658,58,526588887
5,79574,58,7957474397
5,98469,58,9846903033
5,77630,58,7763051920
5,52283,58,522833237
5,56550,58,565506574
5,73561,58,735613530
5,82924,58,829248005
5,53223,58,5322345171
5,72777,58,727773093
5,25122,58,2512255544
5,53305,58,533057330
5,74699,58,7469972262
5,56507,58,565070329659974
5,18158,58,1815866
5,50960,58,5096062
5,55188,58,551885
5,15699,58,1569988859
5,13925,58,1392504
5,42356,58,42356367
5,13578,58,1357825078
5,63908,58,639088622896
5,45308,58,4530820308
5,90506,58,905067774466
5,14154,58,14154898881
5,37768,58,377680869543
5,16508,58,16508049199
5,19858,58,19858600025
5,35841,58,358415063234
5,79620,58,79620419933
5,79523,58,79523529004
5,33752,58,33752731313
5,31646,58,31646977696
5,77009,58,77009477777
5,91840,58,918401102187
5,77701,58,777018444481
5,33672,58,33672880807
5,55683,58,556836588
5,50817,58,508170706
5,50236,58,502366967
5,55457,58,554577570
5,55271,58,552711988
5,50976,58,509762194
5,55142,58,551421128
5,50393,58,503932178
5,50369,58,503697391
5,52778,58,527780914
5,21620,58,21620174240
5,06775,58,067757
5,26077,58,260774
5,10238,58,1023838442
5,67543,58,6754378
5,84815,58,848151030
5,19382,58,1938226
5,49237,58,49237836
5,83439,58,834390
5,09795,58,0979550737
5,09096,58,0909664205
5,09721,58,0972190382
5,09299,58,0929904791
5,09684,58,0968420105
5,09368,58,0936888503
5,09036,58,0903669913
5,57108,58,5710805
5,09162,58,0916270057
5,49021,58,490217
5,09761,58,0976123059
5,09602,58,0960281179
5,32586,58,325860
5,09319,58,0931926218
5,09232,58,0923297343
5,09379,58,0937957808
5,09808,58,0980879317
5,33121,58,3312186913
5,40282,58,402825304
5,86965,58,869653374
5,10845,58,108450265
5,10840,58,10840205
5,98083,58,980835
5,59436,58,594362443
5,81313,58,81313396
5,55352,58,553522221
5,56702,58,567025326
5,44195,58,441952407705
5,05690,58,0569029277
5,15448,58,1544869537
5,50433,58,504335012
5,50618,58,506180604
5,50415,58,504151110
5,04559,58,045596213
5,74997,58,74997247406
5,73003,58,73003365870
5,77934,58,7793403562
5,79883,58,79883303099
5,44556,58,445566
5,97441,58,9744155517006
5,22158,58,221581804
5,98480,58,9848066000
5,45246,58,4524652102
5,33110,58,331102
5,86778,58,867787823022
5,22082,58,2208200010
5,86588,58,8658807594
5,21008,58,210087
5,05488,58,0548880444
5,34908,58,3490871307
5,92918,58,9291823510
5,35253,58,352539804
5,06743,58,067434109
5,19628,58,1962888
5,15628,58,1562888
5,17438,58,1743888
5,21468,58,2146888
5,32028,58,3202888
5,21231,57,212312739
5,20095,57,200959
5,32178,57,321785504
5,55244,57,552445443
5,56625,57,566251737
5,29528,57,295287604
5,05421,57,054219
5,13331,57,13331092757
5,13111,57,131111
5,52606,57,526061223
5,14242,57,1424201
5,30303,57,3030380
5,78313,57,7831357408
5,43731,57,43731000
5,44428,57,44428288
5,17867,57,17867570067
5,13136,57,13136088033
5,15165,57,1516545673
5,79241,57,79241700036
5,17326,57,17326904422
5,77774,57,7777415555
5,33064,57,330641110039
5,79063,57,79063326423
5,32479,57,32479092702
5,91766,57,917666326116
5,10097,57,100972522209343
5,23188,57,231886528422
5,55866,57,558669588
5,56303,57,563031972
5,50951,57,509513949
5,23052,57,23052544643
5,60133,57,60133609161
5,06740,57,067402274
5,36291,57,3629129
5,44186,57,441865510728
5,14788,57,1478883
5,13200,57,1320000000
5,79625,57,79625031773
5,44156,57,441562887744
5,34438,57,344388104
5,35500,57,355000
5,22520,57,225200
5,56566,57,565666339
5,05467,57,0546717611
5,52805,57,528054748
5,53735,57,537358069
5,12777,57,127771758
5,65689,57,6568975817
5,65683,57,6568353015
5,12158,56,12158505280
5,81894,56,8189499999
5,18516,56,18516180084
5,65905,56,6590539583
5,94772,56,94772200486
5,50180,56,501807730
5,48141,56,48141111
5,65838,56,6583876453
5,94077,56,940773930670
5,42261,56,42261000
5,42282,56,42282592
5,26273,56,26273666
5,43498,56,43498188
5,34422,56,344224104
5,92111,56,921111111111
5,55529,56,55529411
5,44210,56,44210169
5,13478,56,13478579009
5,14201,56,142019
5,61294,56,61294492075
5,52850,56,528507908
5,55214,56,552146492
5,75757,56,757575
5,91705,56,917057873737
5,18101,56,18101030637
5,52837,56,528374801
5,55227,56,552274474
5,55281,56,552814117
5,18478,56,18478463654
5,52953,56,529532197
5,56352,56,563528896
5,25540,56,255400
5,52333,56,523333
5,36226,56,362261
5,64977,56,6497790
5,30042,56,3004252130
5,55236,56,552369797
5,52914,56,529149919
5,56874,56,568741427
5,55735,56,557358422
5,52673,56,526730683
5,55497,56,554972888
5,55862,56,558624985
5,45475,56,45475832315
5,52768,56,527688826
5,55794,56,557946694
5,56977,56,569778484
5,20868,56,2086808800
5,55192,56,551926607
5,98951,56,9895103220
5,52985,56,529851401
5,56741,56,567411142
5,52755,56,527555765
5,56193,56,561935935
5,55437,56,554374617
5,56999,56,569998991
5,59773,56,597736550
5,27712,56,27712486832
5,51680,56,5168088078
5,50243,56,5024318
5,43606,56,43606126
5,42277,56,42277160
5,22555,56,2255514
5,39011,56,3901130257
5,13401,56,1340108856
5,22676,56,22676614513
5,91930,56,919301843001
5,49697,56,496975912078
5,27076,56,270769606814
5,17084,56,17084231917
5,82010,56,8201031823879
5,43677,56,43677188044
5,22362,56,22362083452
5,20021,56,20021679299
5,90552,56,905525777776
5,77022,56,77022017777
5,56524,56,565246268
5,55613,56,556133618
5,55591,56,555918760
5,55322,56,553220686
5,55263,56,552632635
5,51506,56,515065874
5,50942,56,509428700
5,50396,56,503965605
5,50610,56,506108100
5,50480,56,504807107
5,50536,56,505368895
5,55125,56,551259706
5,55754,56,557546896
5,22540,56,22540087997
5,30070,56,3007099644
5,31420,56,3142039696
5,30086,56,3008672001
5,33392,56,3339227176
5,03322,56,03322865450
5,33525,56,3352517638
5,30121,56,3012177957
5,32128,56,3212806148
5,34428,56,344280396373016
5,21668,56,216680
5,50117,56,501177520
5,07437,56,07437247365
5,60923,56,60923273
5,27815,56,27815712884
5,18121,56,18121976
5,62816,56,628161881088
5,43325,56,43325554
5,46400,56,4640000
5,55648,56,556483000
5,43355,56,43355616
5,05828,56,0582890115
5,75072,56,7507272610
5,25671,56,256712972526
5,96572,56,9657202695
5,66646,56,6664699
5,19238,56,1923858250
5,15879,56,15879913638
5,51052,56,510520
5,23200,56,232001
5,35030,56,350300
5,86353,56,863534043111
5,26602,56,266021
5,33202,56,332020
5,21420,56,214206
5,86854,56,868546821296
5,31532,56,315327
5,07105,56,071051
5,26410,56,264100
5,10240,56,102400
5,86436,56,864363678449
5,86350,56,863503800891
5,03700,56,037004
5,30004,56,300041
5,36220,56,362200
5,86860,56,868609065
5,65002,56,650021
5,10230,56,102300
5,51025,56,510250
5,86990,56,869906238701
5,86241,56,862412345678
5,86477,56,864776211986
5,13258,56,13258235900
5,04709,56,047095036
5,02551,56,025510100
5,04319,56,043197935
5,04318,56,043189775
5,32278,56,3227888
5,19748,56,1974888
5,20698,56,2069888
5,16638,56,1663888
5,27618,56,2761888
5,15118,56,1511888
5,24148,56,2414888
5,18388,56,1838888
5,10148,56,1014888
5,14388,56,1438888
5,14648,56,1464888
5,10188,56,1018888
5,18638,56,1863888
5,18678,56,1867888
5,18748,56,1874888
5,10298,56,1029888
5,10318,56,1031888
5,10338,56,1033888
5,11028,56,1102888
5,23688,56,2368888
5,13428,56,1342888
5,24448,56,2444888
5,18278,56,1827888
5,21150,55,2115018
5,81700,55,8170000000
5,80800,55,8080000000
5,12145,55,12145498100
5,50247,55,502470444
5,55641,55,556419152
5,55823,55,558230950
5,01234,55,012345
5,17602,55,17602269746
5,13021,55,13021003139
5,56195,55,561957214
5,55161,55,551613700
5,69675,55,696751428
5,78907,55,7890746898
5,45065,55,450650
5,52986,55,5298618
5,44454,55,44454700
5,91802,55,918022192000
5,17037,55,17037895200
5,16173,55,16173204521
5,45406,55,4540615383
5,79153,55,79153512094
5,32498,55,32498243409
5,77776,55,777764840990
5,20226,55,2022627556
5,56160,55,561609004
5,55110,55,551107602
5,55834,55,558342778
5,56251,55,562510320
5,18325,55,18325417490
5,04240,55,042408742
5,33222,55,3322232591
5,55872,55,558728175
5,66898,55,66898135117
5,44149,55,441495222803
5,79257,55,79257557400
5,50126,55,501264147
5,32140,55,321400
5,21032,55,2103255000
5,49622,55,49622377679
5,66756,55,66756404
5,34466,55,344666104
5,26636,55,266368404
5,34441,55,344415504
5,97448,55,9744834999
5,33154,55,331544604
5,39828,55,398286304
5,04375,55,043759666
5,04200,55,042000000
5,34949,55,349493004
5,28822,55,288223004
5,28871,55,2887149
5,39410,55,394100204
5,45702,55,4570201128
5,28748,55,287488904
5,50899,54,508999150
5,50514,54,505147549
5,50177,54,501770494
5,56736,54,567362625
5,63092,54,6309266813438
5,55272,54,552724947
5,50293,54,502932961
5,50937,54,509370176
5,43746,54,43746938
5,56606,54,566068265
5,91908,54,919080302973
5,85597,54,855975550937
5,34682,54,34682735549
5,56803,54,568032611
5,55570,54,555708339
5,14189,54,14189314098
5,13161,54,13161391909
5,13720,54,13720094778
5,17701,54,17701336333
5,66823,54,66823332554
5,45278,54,452783095
5,43169,54,43169919549835
5,23034,54,2303406016
5,50266,54,5026682
5,13923,54,1392371
5,13798,54,1379838960
5,26518,54,26518600
5,44712,54,44712699614
5,15613,54,15613107132
5,66860,54,66860060066
5,91759,54,917597186555
5,18454,54,18454465549
5,91788,54,917888220077
5,22621,54,2262180736
5,35677,54,35677770212
5,41782,54,41782051000
5,39066,54,390668810927
5,33366,54,3336682169
5,79826,54,79826777444
5,74151,54,7415193862
5,15926,54,15926093650
5,14155,54,14155458262
5,19639,54,196393325519
5,13347,54,133477066
5,35568,54,355683237727
5,33644,54,33644722864
5,41076,54,410763901282
5,97279,54,972796599987
5,55368,54,553685855
5,55249,54,552498110
5,52918,54,529189988
5,50386,54,503861777
5,55990,54,559907999
5,55779,54,557796772
5,56657,54,566575308
5,55420,54,554205079
5,55262,54,552629392
5,50723,54,507232212
5,79688,54,7968871584
5,63915,54,639157306971
5,33358,54,3335808
5,20198,54,20198888
5,32720,54,3272019
5,88209,54,8820962
5,07768,54,07768005151
5,96113,54,9611370103
5,44888,54,448888899876
5,52600,54,526000000
5,65916,54,6591666964
5,50287,54,502872035
5,50692,54,506921952
5,55238,54,552384000
5,55251,54,552511249
5,50664,54,506644421
5,74152,54,74152468884
5,79136,54,79136281873
5,79032,54,79032746076
5,39391,54,393910
5,41411,54,414110
5,66816,54,66816978711
5,22224,54,2222452
5,14128,54,1412888
5,31288,54,3128899665
5,32504,54,32504739200
5,99002,54,99002200
5,86676,54,8667605162
5,25709,54,257094
5,13006,54,130062
5,63500,54,635000
5,86569,54,865696965
5,33250,54,332500
5,86866,54,86866371013
5,23788,54,237885
5,12347,54,123479
5,22535,54,22535292222
5,56425,54,564256891
5,17739,54,17739199097
5,28772,54,287728904
5,34498,54,3449834
5,04242,54,04242244
5,39899,54,398999304
5,19108,54,1910888
5,20878,54,2087888
5,14198,54,1419888
5,15348,54,1534888
5,15458,54,1545888
5,14618,54,1461888
5,14678,54,1467888
5,25708,54,2570888
5,23468,54,2346888
5,12938,54,1293888
5,29032,54,29032017
5,65639,54,6563981266
5,94250,53,9425085454
5,91801,53,918013332218
5,17272,53,17272408789
5,42255,53,42255501
5,65432,53,65432538
5,65903,53,6590358583
5,11532,53,1153284596
5,18813,53,18813064348
5,13453,53,13453889999
5,81707,53,8170706
5,02621,53,026211949
5,98185,53,9818579
5,51047,53,5104751096
5,91564,53,91564793213
5,79683,53,79683888821
5,24825,53,2482523215
5,77476,53,77476279796
5,23765,53,237655908200
5,55819,53,5581992953001
5,22503,53,22503211111
5,22242,53,22242172800
5,23278,53,23278043464
5,79282,53,79282791337
5,52849,53,528497316
5,50836,53,508367343
5,59836,53,598365108
5,31201,53,312012
5,82904,53,8290420356
5,34600,53,3460080
5,55798,53,557988044
5,50816,53,508163961
5,77273,53,77273784049
5,74991,53,74991368239
5,44511,53,44511143
5,54888,53,548884098
5,36192,53,3619226
5,85777,53,857777
5,27072,53,270723298330
5,91442,53,914426187650
5,44380,53,44380535
5,26648,53,266485804
5,39831,53,3983112
5,07243,53,072433128
5,04507,53,045070479
5,80300,52,8030000000
5,66866,52,66866242145
5,97301,52,973017244667
5,15516,52,15516894315
5,33458,52,334587804
5,50213,52,502137823
5,50757,52,507577772
5,42833,52,42833139
5,50374,52,503740364
5,50175,52,501757839
5,42268,52,42268161
5,42666,52,42666399
5,50918,52,509185822
5,33730,52,3373032
5,52994,52,529943932
5,42265,52,42265010
5,52845,52,528459802
5,43639,52,43639950
5,22119,52,221195
5,32889,52,3288931
5,09002,52,0900200902
5,54085,52,540850359
5,84385,52,8438589716
5,70381,52,7038199005
5,57695,52,576957310
5,88886,52,8888600041
5,56557,52,565573541
5,13214,52,13214589444
5,18630,52,18630333334
5,54433,52,544339973
5,04050,52,040503
5,55208,52,552083226
5,55296,52,5529608585
5,55190,52,551900311
5,44365,52,44365545
5,50916,52,50916438
5,50332,52,50332758
5,45015,52,45015300
5,25178,52,2517889
5,55233,52,55233221
5,15002,52,1500205326
5,94763,52,94763818891
5,55329,52,5532988284836
5,13145,52,13145505008
5,82103,52,821034102502
5,38073,52,380733382244
5,14033,52,14033700372
5,38591,52,385914582110
5,48885,52,48885446606
5,40755,52,40755132219
5,39291,52,3929168765
5,89257,52,89257126110
5,79157,52,79157976285
5,78957,52,789577485
5,89384,52,89384393490
5,79873,52,79873213137
5,79680,52,7968008668
5,79187,52,79187170000
5,79885,52,79885691403
5,17622,52,17622109612
5,17734,52,17734063676
5,77470,52,77470546046
5,61435,52,61435586123
5,25558,52,2555838392
5,23305,52,2330557640752
5,15612,52,15612513871
5,33755,52,33755443177
5,77719,52,77719901000
5,81904,52,819043011974
5,23355,52,233556491401
5,52990,52,529906572
5,50801,52,508019025
5,50156,52,501560918
5,56734,52,567349760
5,52979,52,529799219
5,55433,52,554332338
5,65886,52,6588625464
5,91925,52,919254607776
5,86881,52,8688196493
5,34823,52,3482381613
5,31519,52,3151995785
5,58885,52,5888533879
5,33120,52,33120089
5,55923,52,559232465
5,34830,52,3483051951
5,98993,52,9899310939
5,50850,52,508503200
5,50090,52,5009001
5,46300,52,4630000000
5,05853,52,0585310762
5,01540,52,015404290828
5,02132,52,02132270913
5,48818,52,48818120
5,17138,52,17138921303
5,08038,52,08038106479
5,45124,52,45124103
5,42042,52,4204287
5,91688,52,916888
5,12508,52,12508098048
5,36897,52,3689710
5,27778,52,2777870
5,21302,52,213022
5,13201,52,132013
5,27680,52,276808
5,24300,52,243000
5,86295,52,86295230203
5,21418,52,214185
5,32502,52,325024
5,31330,52,313301
5,51150,52,511500
5,11800,52,118000
5,51024,52,510240
5,10083,52,100831
5,86858,52,8685867456
5,86227,52,86227079081
5,31531,52,315318
5,13003,52,130031
5,16331,52,163316
5,20080,52,20080620
5,27210,52,272100
5,31121,52,311213
5,86651,52,8665153664
5,10203,52,1020304050
5,86824,52,8682415236
5,88899,52,888999
5,73914,52,739142
5,03348,52,03348966859
5,03022,52,03022625737
5,03761,52,037611111
5,39888,52,3988897
5,02622,52,026227070
5,36838,52,368386504
5,28508,52,2850877
5,29158,52,2915888
5,95388,52,953888
5,10768,52,1076888
5,16928,52,1692888
5,12918,52,1291888
5,13618,52,1361888
5,13088,51,1308888
5,19092,51,19092543763
5,34347,51,343474704
5,36063,51,360632404
5,25106,51,2510667
5,98736,51,9873684950
5,98100,51,9810097506
5,20068,51,2006818
5,16314,51,16314887804
5,58511,51,5851192
5,45120,51,451202
5,56835,51,568352499
5,90004,51,9000487143
5,77723,51,777236858
5,42285,51,42285789
5,42633,51,4263394
5,82106,51,821063723344
5,45202,51,4520251923
5,33669,51,3366946311
5,82105,51,821050037226
5,18159,51,18159699080
5,99532,51,995322931111
5,21305,51,2130558285254
5,46765,51,46765855466
5,13022,51,13022003287
5,40762,51,40762838040
5,31630,51,31630886886
5,96405,51,9640566017629
5,91706,51,917069728797
5,55599,51,555990127
5,52909,51,529098898
5,52899,51,528997599
5,56642,51,566423628
5,52722,51,527225888
5,92349,51,923499235550
5,55362,51,553628290
5,33287,51,3328766544
5,96952,51,96952811
5,87951,51,8795125
5,88489,51,8848947
5,34855,51,3485581
5,04644,51,046444519
5,20224,51,20224196267
5,92051,51,920512264636
5,77700,51,7770000000
5,79622,51,79622806131
5,70111,51,7011110790
5,55677,51,556777218
5,44870,51,44870304
5,06748,51,067489851
5,20227,51,20227570174
5,44908,51,44908520846
5,98900,51,989000000000
5,22630,51,226300
5,21230,51,212300
5,26606,51,266061
5,22360,51,223600
5,21012,51,21012102
5,34484,51,3448430342
5,88150,51,8815000
5,04231,51,042314471
5,04477,51,0447790909473
5,34818,51,348187804
5,26466,51,264662604
5,34418,51,3441873
5,39411,51,3941135
5,02633,51,026335247
5,25488,51,2548898032
5,52903,50,529039708
5,06568,50,065681896
5,44391,50,443911774
5,91000,50,9100000000
5,44576,50,44576829
5,33656,50,3365625
5,50637,50,506371944
5,50227,50,502275050
5,50331,50,5033114874
5,44474,50,44474633
5,48836,50,48836800
5,43798,50,4379893519
5,48602,50,48602317594
5,79264,50,79264120307
5,55991,50,559918278
5,15204,50,15204617432
5,97303,50,973037776857
5,86057,50,8605768030099
5,58500,50,585002358
5,65932,50,6593239988
5,78686,50,7868668566
5,88668,50,886688
5,86686,50,8668614400
5,56224,50,562240845
5,50853,50,508539157
5,20162,50,201620
5,55689,50,556897976
5,88303,50,8830368
5,13807,50,1380705676
5,51145,50,5114500
5,39030,50,3903004726
5,18693,50,1869301
5,44525,50,44525599
5,13903,50,1390343434
5,81101,50,811010101010
5,22663,50,22663937454
5,99410,50,9941010101010
5,83237,50,8323712846
5,79201,50,7920181479
5,32139,50,32139280
5,60262,50,602620711
5,12898,50,12898801363
5,98938,50,989382063230
5,93777,50,93777500566
5,21191,50,211911731102
5,25605,50,2560589381514
5,17026,50,17026127099
5,19725,50,1972504466793
5,31211,50,3121144441
5,42194,50,421944325481
5,55960,50,559602858
5,55647,50,556476609
5,55155,50,551553288
5,52625,50,526258888
5,50470,50,504705240
5,50256,50,502564237
5,50122,50,501226753
5,50052,50,500529597
5,55945,50,559456000
5,50309,50,503098869
5,55659,50,556593584
5,52821,50,528219999
5,63905,50,639054484846
5,77143,50,7714387777
5,57225,50,5722576
5,03313,50,03313331742
5,31728,50,3172899962
5,05237,50,0523725873
5,05731,50,057310229
5,09241,50,092412
5,19138,50,1913851421
5,56442,50,564424422
5,22049,50,2204990
5,50990,50,509900008
5,44845,50,4484564
5,35515,50,355151704
5,79700,50,79700000000
5,44159,50,441592890427
5,55426,50,554264994
5,56347,50,563473432
5,30010,50,3001030100
5,64760,50,6476002
5,14398,50,14398888
5,50691,50,506919888
5,79115,50,79115705455
5,33838,50,338381104
5,79094,50,79094331662
5,65779,50,657790
5,44076,50,4407656288424
5,44985,50,44985118817
5,39490,50,3949037
5,28870,50,2887000
5,21522,50,215228
5,51043,50,510430
5,26210,50,262100
5,31250,50,312500
5,55332,50,553322699
5,44333,50,443333448485
5,05810,50,0581035795
5,44288,50,44288886000
5,63096,50,630966555400881
5,55986,50,559869000
5,56399,50,563994848
5,52544,50,525440207
5,06563,50,0656329
5,26335,50,263353304
5,22444,50,22444404
5,26433,50,264333704
5,28742,50,287422204
5,34431,50,3443199
5,69701,50,697011
5,34415,50,344155804
5,29599,50,295999104
5,26423,50,264232304
5,33489,50,334890104
5,39835,50,398358104
5,45701,50,45701504
5,39892,50,398929304
5,34899,50,348999804
5,33125,50,3312593
5,33165,50,331652204
5,44263,50,442636
5,04437,50,044370607
5,02696,50,026962222
5,04259,50,042595818
5,36172,50,361721504
5,02555,50,02555525
5,04257,50,042577788
5,22438,50,2243836
5,36075,50,3607571
5,34475,50,344752004
5,28756,50,287565604
5,83261,50,832616604
5,48166,50,4816635965
5,45365,50,45365304
5,19078,50,1907888
5,21148,50,2114888
5,23798,50,2379888
5,12968,50,1296888
5,13418,50,1341888
5,12344,49,123445566
5,92230,49,9223008205829
5,21260,49,212604818754
5,43383,49,43383877
5,50680,49,506809095
5,28522,49,285222204
5,28993,49,2899319
5,97108,49,9710850
5,55394,49,553949612
5,38762,49,38762957513
5,12147,49,12147849719
5,36001,49,360012681
5,77793,49,7779328352
5,19134,49,191343
5,55595,49,55595501
5,14405,49,144050
5,58558,49,585580308
5,13808,49,1380889293
5,55816,49,5581668
5,15167,49,1516796077
5,39100,49,3910000
5,35192,49,3519205551
5,13058,49,1305898666
5,79194,49,79194746929
5,96110,49,9611010101010
5,32491,49,3249199187
5,16135,49,16135583732
5,31684,49,31684305540
5,33490,49,3349045960
5,14257,49,14257490566
5,91756,49,917567244677
5,17868,49,17868637183
5,91896,49,918968119960
5,13103,49,13103104647
5,21352,49,21352736125
5,77771,49,77771090905
5,39351,49,393510696790
5,22579,49,2257949340
5,45226,49,4522625862
5,31643,49,31643199554
5,22398,49,22398389291
5,17044,49,17044974044
5,38068,49,380688088087
5,39336,49,393361816972
5,79106,49,79106634377
5,55681,49,556810765
5,52738,49,527381888
5,50339,49,503396910
5,31065,49,310653132034
5,30836,49,3083629887
5,31187,49,3118701719
5,34454,49,3445444111
5,17199,49,171996
5,63992,49,6399222
5,39787,49,397879504
5,36209,49,36209265800
5,50321,49,503210299
5,50471,49,504717130
5,20502,49,20502010021
5,44172,49,441724842297
5,55876,49,558769870
5,91406,49,914065408710
5,79276,49,79276918438
5,55446,49,554469370
5,79512,49,7951212186
5,52629,49,526292921
5,65500,49,6550070
5,79604,49,79604885653
5,31144,49,311442004
5,36633,49,366338004
5,15873,49,15873231813
5,99229,49,99229886
5,33877,49,33877781
5,26640,49,266400
5,31320,49,313200
5,58933,49,589331820
5,58376,49,583769042
5,40072,49,400723130182
5,79124,49,79124507274
5,28703,49,287033804
5,39838,49,398386504
5,33161,49,331611604
5,65679,49,6567978050
5,34344,49,343440304
5,28766,49,287662704
5,28588,49,285884104
5,31558,49,31558704
5,26478,49,2647898
5,06032,49,06032021
5,65933,48,6593389319
5,92316,48,923162142080
5,53714,48,53714983
5,43740,48,43740521
5,42275,48,42275584
5,43351,48,43351555
5,36746,48,367466104
5,43989,48,43989554
5,43900,48,43900095
5,42256,48,42256256
5,55718,48,557188046
5,52873,48,528734674
5,45098,48,45098167
5,05895,48,0589501250
5,17137,48,17137158040
5,77602,48,7760225624
5,34661,48,34661923016
5,18502,48,18502723232
5,79174,48,79174343524
5,41623,48,41623668
5,41614,48,41614002
5,41615,48,41615130
5,41627,48,41627898
5,41625,48,41625266
5,55564,48,555640648
5,22822,48,228224270
5,50371,48,50371191
5,20054,48,200540
5,50176,48,501761288
5,12067,48,12067994647
5,77992,48,7799272777
5,98858,48,9885832200
5,73385,48,7338553367
5,93910,48,9391000034
5,37705,48,3770538
5,17428,48,1742888
5,72041,48,72041111
5,42228,48,42228333
5,38688,48,3868810385
5,97706,48,97706060
5,32131,48,32131532
5,13588,48,1358869287
5,99889,48,99889168
5,95426,48,9542605181
5,19492,48,19492755861
5,57101,48,571010101010
5,11905,48,119055720029
5,91547,48,91547119217
5,61455,48,61455492977
5,13062,48,13062039185
5,31641,48,31641035528
5,17736,48,17736332765
5,86176,48,8617685736901
5,27818,48,27818246312
5,79178,48,79178571670
5,27785,48,27785717196
5,77059,48,77059999448
5,42073,48,420731109466
5,19548,48,19548014619
5,33006,48,3300660483147
5,17032,48,17032862193
5,32261,48,3226158180
5,33601,48,33601360777
5,99449,48,99449810
5,21365,48,213659334043
5,19789,48,19789050547
5,96398,48,963988163529
5,16197,48,16197651692
5,12257,48,12257153810
5,93937,48,9393700308856
5,13137,48,13137015502
5,16235,48,16235239812
5,25190,48,251901509134
5,93791,48,93791555566
5,13479,48,13479777208
5,77711,48,77711770405
5,91058,48,910586320269
5,23288,48,23288686868
5,77023,48,77023508000
5,96078,48,9607801073428
5,12482,48,12482194064
5,19856,48,19856280156
5,22567,48,22567736001
5,99200,48,992005777777
5,44724,48,4472445541
5,91628,48,916282757813
5,10015,48,10015715505387
5,56691,48,566918131
5,56450,48,564507066
5,52995,48,529954575
5,55579,48,555791411
5,50229,48,502295377
5,50110,48,501100348
5,50991,48,509919168
5,55710,48,557103470
5,14693,48,14693878787
5,17096,48,17096825764
5,12817,48,12817774977
5,65936,48,6593696091
5,25201,48,252019
5,30033,48,3003341440
5,33437,48,3343758568
5,33373,48,3337334906
5,03323,48,03323755814
5,33385,48,3338544917
5,34430,48,3443033008
5,32187,48,3218707840
5,05441,48,0544196669
5,02200,48,022007
5,45091,48,450913931
5,50815,48,508152711
5,02134,48,02134986504
5,64275,48,64275244514
5,07903,48,0790306016
5,44540,48,44540990
5,40502,48,4050222
5,37500,48,37500000000
5,49200,48,492000000000
5,35426,48,3542651
5,20500,48,205000
5,03202,48,03202400735
5,15050,48,1505003
5,15353,48,1535305
5,15454,48,1545402
5,13300,48,13300888
5,50670,48,506700808
5,44410,48,44410281
5,43488,48,43488680
5,79177,48,79177590075
5,53333,48,5333301
5,65914,48,6591464922
5,21718,48,21718969
5,67763,48,6776335
5,52825,48,528258778
5,22632,48,2263200
5,69830,48,6983082
5,61422,48,61422993319
5,92912,48,92912964461
5,97488,48,974888
5,30006,48,3000668330
5,48855,48,48855222
5,34952,48,34952857492
5,42500,48,42500200
5,46100,48,461000
5,51044,48,510440
5,31550,48,315500
5,86934,48,869343387066
5,36250,48,362500
5,10111,48,101118
5,25700,48,257000
5,31502,48,315020
5,10086,48,100861
5,72100,48,721006
5,86692,48,866928870835
5,51005,48,510055
5,12401,48,124010
5,41300,48,413000
5,05250,48,052500
5,10070,48,100700
5,30170,48,301700
5,86914,48,869143385853
5,21520,48,215200
5,64300,48,643000
5,31203,48,312036
5,86638,48,8663861818
5,25508,48,255086
5,86701,48,8670166006120
5,61658,48,616588
5,38917,48,389177
5,09217,48,092175
5,03013,48,03013319739
5,30868,48,3086819368
5,24498,48,24498586
5,13699,48,136999
5,96267,48,9626785111111
5,69559,48,695599137
5,03328,48,03328244960
5,22258,48,2225889
5,26988,48,269888304
5,28572,48,2857251
5,28611,48,2861141
5,36733,48,3673333
5,28749,48,2874939
5,20838,48,2083888
5,14698,48,1469888
5,27908,48,2790888
5,10488,48,1048888
5,10288,48,1028888
5,20148,48,2014888
5,22218,48,2221888
5,21658,48,2165888
5,13458,48,1345888
5,19588,48,1958888
5,23908,48,2390888
5,12718,48,1271888
5,12888,48,1288888
5,24898,48,2489888
5,13528,48,1352888
5,19952,47,19952807
5,99237,47,992374326
5,80400,47,8040000000
5,81900,47,8190000000
5,26132,47,261320720840
5,93788,47,93788889085
5,50260,47,502609260
5,55736,47,557368973
5,22603,47,226034304
5,50939,47,509399600
5,50673,47,506733658
5,98919,47,989199567631
5,93078,47,930786320320
5,83518,47,8351888
5,55988,47,559889191
5,55484,47,554849429
5,34672,47,34672718532
5,41789,47,41789086800
5,57301,47,573017707153
5,32471,47,32471313175
5,22376,47,22376667188
5,61704,47,617049106199
5,33631,47,33631344079
5,99291,47,992915100000
5,12892,47,12892328042
5,27719,47,27719621891
5,12106,47,12106630783
5,48502,47,48502496989
5,56955,47,569550704
5,52586,47,525861999
5,55315,47,553159888
5,52867,47,528676237
5,65823,47,6582309027
5,97256,47,972569549303
5,65971,47,6597123215
5,03161,47,03161605238
5,52527,47,525277375
5,54411,47,544114676
5,19199,47,19199610234
5,04055,47,0405523163
5,05688,47,0568878390
5,60600,47,606005
5,63001,47,63001404
5,44182,47,44182104
5,92358,47,923581096667
5,36845,47,3684518
5,73432,47,73432781236
5,26517,47,2651724075
5,86233,47,86233696996
5,52964,47,529642222
5,04406,47,044061204
5,36750,47,367502104
5,63367,47,63367104
5,65635,47,6563536433
5,55959,46,5595991177030
5,90212,46,902123352533
5,55388,46,55388171
5,14082,46,14082638455
5,30061,46,30061990
5,97525,46,97525229
5,33558,46,335581804
5,16174,46,16174920408
5,15049,46,1504920408
5,23452,46,23452178
5,76916,46,769162
5,02643,46,026437979
5,67782,46,677822102
5,58580,46,585806606
5,48236,46,48236304
5,24272,46,242722786500
5,65986,46,6598636084
5,61990,46,6199001
5,54408,46,544086595
5,55817,46,558177290
5,72261,46,7226169986
5,50206,46,502066847
5,55842,46,558428888
5,52719,46,527197775
5,12536,46,1253608107
5,18622,46,18622657616
5,18501,46,18501158446
5,50843,46,508434465
5,50308,46,503083820
5,50109,46,501099028
5,52973,46,529735888
5,26045,46,2604503928
5,55748,46,557484744
5,55469,46,554696828
5,22433,46,2243391669
5,15693,46,156930798
5,23176,46,23176413934
5,24996,46,249965447137
5,79502,46,7950232997
5,74123,46,7412328618
5,63011,46,6301111538
5,79361,46,7936191930
5,56107,46,56107090
5,13858,46,1385808356
5,86780,46,8678043
5,50143,46,5014332283
5,19054,46,19054653288
5,13906,46,1390668073
5,91856,46,91856241
5,18643,46,18643691006
5,52443,46,524431904344
5,37065,46,37065619989
5,91298,46,912981884911
5,79660,46,79660813521
5,48519,46,48519310989
5,22717,46,2271726938973
5,57310,46,573102629049
5,64101,46,641010101010
5,25425,46,254254703706914
5,97710,46,9771010101010
5,31475,46,31475962030
5,27639,46,27639590000
5,18924,46,18924156769
5,91522,46,91522768758
5,94071,46,940717034599
5,49407,46,494076978890
5,38643,46,38643503333
5,77923,46,779232279708
5,79040,46,79040107887
5,61439,46,61439939488
5,18312,46,18312105145
5,60146,46,60146298127
5,38766,46,38766880994
5,23474,46,2347438257380
5,23473,46,234731974061
5,32466,46,32466297769
5,17062,46,17062011782
5,91558,46,91558539828
5,27277,46,2727723322904
5,11504,46,115049313577
5,92101,46,921010101010
5,23455,46,234554952434
5,77952,46,779521857793
5,84975,46,84975686468
5,19096,46,19096779507
5,19103,46,19103222681
5,62855,46,628551115779
5,48101,46,481010101010
5,90980,46,90980700000
5,52181,46,5218118034710
5,23562,46,23562931332
5,54922,46,5492235471594
5,91623,46,916238358803
5,93764,46,93764280209
5,94750,46,94750313500
5,94101,46,941010101010
5,91553,46,91553442712
5,63101,46,631010101010
5,32630,46,32630824335
5,24917,46,24917624316471
5,13023,46,13023679863
5,91552,46,91552237115
5,90101,46,901010101010
5,17169,46,17169570899
5,48577,46,48577770717
5,98092,46,9809213515022
5,24462,46,244622975740
5,27506,46,27506556166
5,18124,46,18124475206
5,36362,46,3636209660758
5,79005,46,79005555553
5,19046,46,19046429460
5,91446,46,914466686666
5,78966,46,789661714667
5,77929,46,779296153940
5,31649,46,31649200601
5,40765,46,40765281109
5,52526,46,5252604605
5,34629,46,34629666268
5,65871,46,6587145678
5,23799,46,23799024534
5,14156,46,14156990013
5,14049,46,14049404403
5,79164,46,79164618861
5,34914,46,34914174620
5,31687,46,31687800222
5,81907,46,819074306011
5,33684,46,33684676547
5,97253,46,972536221051
5,56896,46,568961393
5,56609,46,566097088
5,55971,46,559715542
5,55694,46,556943266
5,55278,46,552788570
5,54444,46,544442889
5,52962,46,529625928
5,50862,46,508626605
5,50563,46,505638098
5,50201,46,502017030
5,55758,46,557582275
5,55339,46,553398872
5,52843,46,528432466
5,54305,46,543054717
5,04801,46,0480136
5,58424,46,584243500089
5,55631,46,556316338
5,30028,46,3002877405
5,33382,46,3338253656
5,16016,46,16016999905
5,01788,46,01788637343
5,98963,46,9896345679
5,05829,46,0582949244
5,41448,46,4144832
5,73864,46,7386417
5,32456,46,3245601
5,30233,46,302335
5,93321,46,933219419106
5,96554,46,9655467994
5,73912,46,73912230808
5,91202,46,912026138857
5,61431,46,61431275782
5,09731,46,0973176837764
5,05438,46,0543881200
5,49972,46,499721749074
5,25400,46,254000000000
5,13400,46,134006
5,79030,46,79030611955
5,98411,46,984113361544
5,78612,46,78612721023
5,02414,46,024141111
5,21321,46,213212160490
5,39033,46,390332978325
5,44295,46,442956558782
5,10132,46,1013236490300
5,91120,46,911204693200
5,10028,46,100282
5,51014,46,510140
5,12358,46,123582
5,31112,46,3111222
5,86883,46,868836123188
5,86911,46,869118231266
5,86872,46,868722664130
5,10228,46,102280
5,36188,46,361880104
5,25440,46,2544066
5,19018,46,1901888
5,19508,46,1950888
5,14818,46,1481888
5,15528,46,1552888
5,21968,46,2196888
5,18948,46,1894888
5,17228,46,1722888
5,25248,46,2524888
5,22718,46,2271888
5,16968,46,1696888
5,19308,46,1930888
5,18928,46,1892888
5,20268,46,2026888
5,13318,46,1331888
5,24768,46,2476888
5,13498,46,1349888
5,12948,46,1294888
5,55230,45,552304905
5,56758,45,567584431
5,56656,45,566564943
5,91861,45,918617751908
5,56110,45,561106066
5,13623,45,136234822
5,12696,45,1269647157
5,69874,45,698745526
5,54389,45,543896217
5,13241,45,13241832329
5,04703,45,047031111
5,82119,45,821196131806
5,89784,45,8978403944
5,42746,45,4274661
5,91056,45,9105656
5,64554,45,6455464564
5,65055,45,6505531
5,34465,45,34465959
5,16467,45,16467508489
5,15013,45,15013944683
5,16787,45,16787631491
5,60166,45,60166488700
5,48605,45,48605882992
5,79023,45,79023632900
5,38269,45,38269172863
5,98766,45,9876600209
5,27795,45,27795220999
5,93707,45,93707404066
5,37254,45,37254545742
5,55723,45,557230491
5,55670,45,556700587
5,52637,45,526372866
5,52758,45,527588863
5,65909,45,6590940958
5,34611,45,3461115599
5,77140,45,771405
5,96276,45,962765744771
5,55768,45,557680902
5,17916,45,179163921143
5,30853,45,308531704
5,44340,45,44340999
5,99900,45,999000000000
5,35724,45,35724659213
5,05655,45,0565521495
5,62620,45,626206
5,50778,45,507783667
5,44534,45,44534887900
5,44030,45,4403059
5,11327,45,1132777
5,04600,45,046000
5,26430,45,264300
5,15026,45,150260
5,04370,45,043700
5,٠٧٩٥٨,45,٠٧٩٥٨٧٤٠٣٠
5,55422,45,554229236
5,96557,45,96557810641
5,26169,45,261691104
5,28952,45,289528904
5,26525,45,265255104
5,26609,45,266099204
5,34877,45,348777904
5,20635,45,206355204
5,44279,45,44279904
5,04701,45,047018111
5,45944,45,459442
5,34933,45,349333604
5,34938,45,3493861
5,22972,45,229721
5,04813,45,048137728
5,39824,45,398240504
5,26295,45,262952904
5,34477,45,344779404
5,34737,45,347374704
5,62464,45,6246461050
5,26439,45,264392204
5,64232,45,642323
5,64143,45,6414338050
5,79860,45,7986008
5,64179,45,64179304
5,85859,45,85859604
5,19520,44,195203
5,19997,44,199970
5,27659,44,276597
5,15102,44,1510218
5,05447,44,0544740868
5,50923,44,509236890
5,33327,44,3332777797
5,42945,44,42945499
5,86177,44,861770114600
5,94778,44,94778998144
5,94775,44,94775847652
5,43689,44,43689339
5,65556,44,65556078315
5,43416,44,43416343
5,44314,44,44314876
5,44560,44,44560285
5,43091,44,43091000
5,43862,44,43862764
5,50869,44,508699776
5,62070,44,6207000
5,24119,44,2411999
5,81090,44,8109094863760
5,71504,44,71504946968
5,93532,44,9353289263
5,52327,44,523275210
5,80805,44,8080549886
5,70457,44,7045744756
5,55548,44,555485231
5,15206,44,15206878181
5,18010,44,18010182840
5,13514,44,13514535725
5,18646,44,18646177980
5,12210,44,122101
5,56993,44,569938456
5,19880,44,198803
5,56422,44,564221211
5,50736,44,507361267
5,99907,44,999077
5,50319,44,503190689
5,35272,44,35272920
5,13602,44,1360255919
5,33819,44,3381962300
5,42713,44,42713333
5,42246,44,42246921
5,43928,44,43928181
5,32428,44,3242866
5,16448,44,1644888
5,18658,44,1865878033
5,18602,44,1860212576
5,13898,44,1389871008
5,13055,44,1305520210
5,67382,44,6738213499
5,12017,44,12017556001
5,16012,44,16012918806
5,13039,44,13039816941
5,16681,44,16681596721
5,13572,44,13572151024
5,82485,44,8248541398
5,14849,44,14849256372
5,31477,44,3147765707
5,98451,44,9845159972
5,15719,44,15719690107
5,24271,44,2427136396
5,12109,44,12109310559
5,16505,44,16505761289
5,12293,44,12293654283
5,27919,44,279199380
5,45262,44,4526274445
5,45603,44,4560399414
5,15164,44,15164997561
5,45523,44,4552328614
5,12095,44,12095648295
5,49851,44,498516739
5,14421,44,14421100521
5,15062,44,15062621151
5,16783,44,16783681146
5,52155,44,5215527270311
5,39377,44,393771594296
5,41101,44,411010101010
5,79283,44,79283721999
5,91742,44,917426975253
5,96145,44,96145522777
5,41651,44,4165183756
5,21280,44,2128081111
5,38972,44,38972245758
5,97507,44,97507082652
5,96246,44,96246707168035
5,34670,44,34670938326
5,89048,44,89048953137
5,47704,44,47704568930
5,32065,44,32065653473
5,91278,44,9127837078624
5,91310,44,913104635998
5,66435,44,6643553801
5,49010,44,490103869652
5,25270,44,25270620
5,34681,44,34681036836
5,78452,44,784522780
5,71956,44,719560173
5,99888,44,99888252
5,78528,44,7852810384
5,74963,44,7496387261
5,93017,44,9301744413
5,33763,44,33763622216
5,33336,44,3333619723511
5,13473,44,13473124596
5,91818,44,918186022579
5,17071,44,1707156555
5,56754,44,567546888
5,55980,44,559803886
5,55898,44,558986028
5,55538,44,555383063
5,55405,44,554058736
5,51808,44,518083566
5,50390,44,503903899
5,50373,44,503731689
5,56226,44,562267623
5,55187,44,551876639
5,52978,44,529786225
5,50125,44,501254541
5,56416,44,564161561
5,52925,44,529258228
5,55897,44,558973698
5,55612,44,556123316
5,11595,44,1159500089
5,99631,44,9963122455
5,90553,44,905536684586
5,17325,44,17325757064
5,33343,44,3334315755
5,30015,44,3001510438
5,31322,44,3132287529
5,03227,44,03227614772
5,05210,44,0521056595
5,72984,44,729847948
5,60251,44,602510042
5,05680,44,0568085222
5,30344,44,303449836
5,88681,44,8868148
5,86842,44,8684298
5,02242,44,02242437703
5,39449,44,39449229
5,07984,44,07984611541
5,92553,44,92553883038
5,96506,44,96506600793
5,55270,44,552700460
5,05433,44,0543366664
5,56400,44,564000000
5,05248,44,0524837666
5,02001,44,02001001629341
5,50753,44,507535552
5,50829,44,508291119
5,50418,44,504183944
5,50324,44,503247560
5,02557,44,0255787779977
5,79107,44,79107418122
5,79088,44,79088746351
5,56715,44,567151737
5,12049,44,12049638373
5,15758,44,15758609598
5,33818,44,338188239
5,40120,44,401202283
5,20018,44,200188
5,98676,44,9867613278
5,92646,44,92646464
5,57010,44,570102
5,65009,44,650091
5,51700,44,517000
5,35430,44,354300
5,35010,44,350108
5,31240,44,312400
5,51023,44,510235
5,41800,44,418000
5,51817,44,518172
5,31720,44,317200
5,51149,44,511495
5,05006,44,050061
5,26570,44,265700
5,11500,44,115007
5,33009,44,330096
5,11131,44,11131118
5,36230,44,362304
5,65010,44,650100
5,52307,44,523071
5,51515,44,515151
5,23600,44,236000
5,04400,44,044000
5,02401,44,024010
5,12816,44,12816581180
5,38599,44,38599663
5,59961,44,599617803
5,12578,44,125789
5,26333,44,263337204
5,34997,44,349976704
5,34822,44,348228504
5,34028,44,340280204
5,37126,44,37126656262
5,36835,44,3683555
5,19538,44,1953888
5,19658,44,1965888
5,31428,44,3142888
5,02776,44,0277604065
5,24338,44,2433888
5,24518,44,2451888
5,18858,44,1885888
5,11048,44,1104888
5,13064,44,13064301707
5,41415,44,414156
5,21398,44,2139888
5,32148,44,3214888
5,32218,44,3221888
5,20778,44,2077888
5,23628,44,2362888
5,18688,44,1868888
5,31030,43,310306
5,19317,43,1931773324
5,79218,43,79218698009
5,23420,43,2342037001306
5,33383,43,33383581
5,60070,43,600700
5,69462,43,6946295
5,92330,43,92330889
5,07950,43,07950232997
5,48817,43,48817654
5,65314,43,6531487
5,45083,43,45083723
5,66947,43,66947804
5,19651,43,19651965
5,36309,43,36309366965
5,13360,43,13360039993
5,15538,43,15538882689
5,13432,43,1343225241
5,56420,43,564208856
5,79869,43,7986994411
5,01085,43,010858
5,42024,43,420240804
5,86175,43,86175013670180
5,94713,43,94713675079
5,34607,43,34607216776
5,40744,43,40744393978
5,79676,43,79676736327
5,56675,43,566757082
5,56769,43,567699037
5,65935,43,6593539825
5,٠١٠٠٠,43,٠١٠٠٠١٦٣٠٥٩
5,16502,43,16502858878
5,93708,43,93708068624
5,88739,43,8873991
5,56616,43,5661654
5,20471,43,2047102600
5,42111,43,4211131
5,65332,43,6533251
5,44239,43,44239933
5,79134,43,79134697152
5,79191,43,79191076280
5,56615,43,566154970
5,43572,43,43572786
5,43433,43,43433256
5,36847,43,3684789
5,10302,43,103024
5,46932,43,469326057
5,17302,43,173020783
5,99944,43,999444
5,71008,43,710089
5,30050,43,300501
5,34880,43,3488037939
5,30780,43,3078087314
5,06561,43,065610876
5,04509,43,045093060
5,23493,42,23493148844
5,30069,42,300693755433
5,56689,42,566898777
5,36840,42,368402704
5,56388,42,563883300
5,70801,42,708012
5,13605,42,13605054189
5,13603,42,13603124108
5,15927,42,15927281616
5,18650,42,18650835155
5,18662,42,18662180918
5,52462,42,524623836
5,56802,42,568026774
5,55760,42,557602665
5,50901,42,509015366
5,80324,42,8032482337
5,79910,42,799104555
5,20233,42,2023310520
5,50609,42,5060982887
5,56969,42,5696968
5,48040,42,48040260
5,38169,42,3816932222
5,18563,42,1856388888
5,52932,42,52932888
5,52444,42,52444434016115
5,50607,42,50607607
5,62542,42,625422095
5,34786,42,3478690609
5,91729,42,917299404707
5,45608,42,4560802167
5,90054,42,9005454883954
5,40769,42,40769718832
5,18572,42,18572654295
5,17808,42,17808077020
5,96000,42,960009607778030
5,61406,42,6140662022
5,22997,42,22997447333
5,22505,42,22505081690
5,44999,42,449999994
5,56547,42,565475673
5,56123,42,561230877
5,55775,42,557759184
5,55757,42,557579688
5,55144,42,551447362
5,55112,42,551125939
5,52832,42,528326795
5,50741,42,507415967
5,50132,42,501322534
5,50119,42,501192536
5,50417,42,504172494
5,50230,42,502303120
5,65870,42,6587006692
5,46728,42,46728523702
5,65702,42,65702550
5,19852,42,19852731103
5,91817,42,918179826298
5,33329,42,3332906134
5,34531,42,3453162270
5,33353,42,3335361705
5,33113,42,3311369654
5,10412,42,1041211159
5,65200,42,65200219
5,44418,42,4441886
5,77101,42,7710191762
5,35469,42,3546978434
5,56795,42,567954060
5,96399,42,963992252940
5,66660,42,666601
5,97396,42,9739692769
5,50690,42,506902093
5,64400,42,6440084
5,48193,42,481939481600
5,34744,42,347444804
5,39423,42,394233104
5,44007,42,440079261000965
5,77337,42,77337505
5,58584,42,585849413
5,97331,42,973317202200
5,44281,42,44281454
5,43312,42,43312777
5,13828,42,1382888
5,17135,42,17135307373
5,44044,42,440444776872
5,33758,42,33758138416
5,33676,42,33676486735
5,32111,42,3211139
5,83654,42,836541441
5,98734,42,9873422884
5,95045,42,9504572353
5,35210,42,352100
5,22380,42,223800
5,33800,42,338000
5,86770,42,867702890365
5,86285,42,86285283346
5,10071,42,100714
5,46200,42,462000
5,86953,42,869532039155
5,86802,42,8680225006666
5,86435,42,864352981115
5,12498,42,124982329
5,86357,42,863573639278
5,86952,42,869527091018
5,86468,42,864686646667
5,22460,42,224600
5,86939,42,869393675397
5,33130,42,331300
5,05217,42,0521780008
5,50717,42,507175883
5,04214,42,042148318
5,22228,42,222285804
5,33811,42,338111804
5,64469,42,6446995050
5,04213,42,042137777
5,22878,42,2287888
5,22968,42,2296888
5,16028,42,1602888
5,16058,42,1605888
5,24778,42,2477888
5,15548,42,1554888
5,15648,42,1564888
5,29298,42,2929888
5,31058,42,3105894464
5,16078,42,1607888
5,19038,42,1903888
5,12628,42,1262888
5,13238,42,1323888
5,13308,42,1330888
5,22032,42,22032017
5,22052,42,22052017
5,25052,42,25052017
5,29050,42,290505
5,10075,41,1007563621
5,55838,41,55838428
5,44533,41,44533317
5,50133,41,501330683
5,22088,41,220887
5,56147,41,561477287
5,50298,41,502987856
5,33831,41,338311304
5,55596,41,555966408
5,96593,41,96593666196
5,36293,41,362936904
5,55371,41,553717216
5,13426,41,13426365097
5,55511,41,555111890
5,55455,41,554559887
5,48787,41,4878706
5,38869,41,388691
5,65997,41,65997707922
5,44479,41,44479063
5,43444,41,43444211
5,39480,41,3948072666
5,17331,41,1733158395
5,12157,41,12157562086
5,93079,41,930793848354
5,38162,41,381621105700
5,79189,41,79189165299
5,55824,41,558248088
5,56799,41,567990779
5,50849,41,508490155
5,55374,41,553742666
5,54336,41,543360022
5,05656,41,0565610613
5,78611,41,786110
5,61414,41,61414787828
5,32221,41,3222120788
5,32158,41,3215825550
5,34820,41,3482087207
5,13958,41,13958002632
5,23508,41,2350806
5,56503,41,565030022
5,55967,41,559678196
5,65155,41,6515522050
5,33460,41,3346000
5,07967,41,07967387947
5,33918,41,339188904
5,04377,41,043771103
5,86100,41,8610000000000
5,05476,41,0547669931
5,96543,41,9654340368
5,56777,41,567777733
5,79224,41,79224054677
5,77057,41,77057299118
5,55679,41,556792551
5,56536,41,565362643
5,36752,41,367529904
5,26641,41,2664118
5,92992,41,92992382303
5,44529,41,445296769
5,12698,41,1269807
5,54837,41,5483798
5,99778,41,997788
5,87150,41,871506550867
5,47600,41,476000
5,51016,41,510165
5,26630,41,266300
5,01403,41,014030
5,65005,41,650051
5,65001,41,650010
5,31518,41,315181
5,65011,41,650118
5,55820,41,558205376
5,50023,41,500238748
5,53617,41,536179461
5,91165,41,91165822
5,52933,41,529335430
5,54636,41,546363409
5,19153,41,191530923
5,19093,41,19093195488
5,19132,41,19132060278
5,34486,41,3448689126
5,65939,41,6593951608
5,14488,41,1448817
5,26642,41,2664226
5,34448,41,344489804
5,33858,41,3385880
5,04806,41,048061570
5,06559,41,065598768
5,04211,41,042112164
5,06742,41,067429222
5,06524,41,065242589
5,36092,41,360925804
5,34378,41,3437880
5,26508,41,265087104
5,65675,41,6567553676
5,10129,40,101291
5,91090,40,910909
5,83661,40,83661547
5,62623,40,6262371
5,43682,40,43682737
5,91877,40,9187778452529
5,43595,40,43595511
5,50925,40,509252648
5,43337,40,43337722
5,91504,40,91504710321
5,55567,40,555676600
5,33679,40,33679678373
5,13472,40,13472729520
5,52501,40,525013024
5,37791,40,377910
5,77566,40,7756647730
5,74290,40,7429098969
5,43670,40,43670843
5,42273,40,42273033
5,43211,40,43211111
5,56909,40,569099445
5,43684,40,43684945
5,28250,40,2825044
5,43449,40,43449214
5,43615,40,43615866
5,52891,40,528917777
5,55623,40,556235288
5,98936,40,989368123045
5,39541,40,395412561321350
5,41629,40,41629660
5,90262,40,902622394469
5,13693,40,13693337089
5,25507,40,2550754558555
5,85202,40,852027998738
5,12150,40,121501
5,12290,40,122901
5,13313,40,13313559888
5,13510,40,13510010333
5,56834,40,568340657
5,60456,40,6045626291
5,61456,40,614568800
5,46948,40,4694839
5,11200,40,112000
5,52371,40,523710
5,59899,40,598990049
5,13555,40,13555578777
5,50830,40,508308980
5,61024,40,61024378
5,42803,40,4280348
5,42801,40,4280102
5,42812,40,4281251
5,40583,40,40583489
5,80964,40,80964418
5,44257,40,44257000
5,42602,40,42602310
5,48815,40,48815300
5,42258,40,42258338
5,18682,40,1868229296
5,42272,40,42272022
5,44324,40,44324762
5,43207,40,43207620
5,92668,40,9266829
5,48824,40,48824618
5,65348,40,65348869
5,87302,40,8730201178
5,17310,40,1731070124
5,88063,40,8806350218
5,18606,40,1860652132
5,84518,40,8451837
5,15021,40,1502177690
5,21769,40,2176952
5,35217,40,3521769527
5,18939,40,1893994797
5,10560,40,1056079975
5,13973,40,1397326
5,13817,40,1381733654
5,13805,40,1380532377
5,13775,40,1377511480
5,13709,40,1370987
5,13707,40,1370732452
5,13262,40,1326263
5,13237,40,1323732999
5,13217,40,1321732888
5,13093,40,1309378722
5,13504,40,135049596
5,94859,40,9485955
5,58988,40,5898899
5,42213,40,42213631
5,42177,40,42177777
5,42233,40,42233343
5,42298,40,42298599
5,44356,40,44356940
5,44202,40,44202778
5,42235,40,42235366
5,67429,40,67429222
5,42289,40,42289528
5,42253,40,42253416
5,34084,40,3408444
5,42354,40,42354098
5,15222,40,15222592222
5,88642,40,886425295860
5,18520,40,1852081374
5,38231,40,3823172318
5,51101,40,5110121446
5,51100,40,5110071907
5,37011,40,3701107606
5,13575,40,13575951320
5,90998,40,909981981
5,13751,40,1375121888
5,15157,40,1515791656
5,18576,40,18576015925
5,13609,40,13609376612
5,39113,40,3911386039
5,13909,40,13909831116
5,18676,40,1867675659
5,90039,40,90039822
5,33112,40,3311291408
5,15179,40,1517948061
5,18721,40,1872135076
5,33828,40,33828738
5,78666,40,78666605
5,12016,40,12016200505
5,77865,40,7786574837
5,93754,40,9375442123
5,70320,40,7032097661
5,77742,40,7774222893
5,44398,40,4439832064
5,64744,40,6474471080
5,22261,40,22261944
5,66555,40,66555046166
5,19254,40,19254709847
5,91721,40,917218915983
5,63919,40,639194801021
5,24174,40,24174977536
5,99451,40,994518611111
5,96805,40,9680501136090
5,14808,40,14808457133
5,15708,40,15708800037
5,48608,40,48608745056
5,25610,40,2561010101010
5,91912,40,919122840000
5,77778,40,77778588066
5,56888,40,568881465
5,56744,40,567443050
5,56396,40,563968868
5,56253,40,562539942
5,55815,40,558156699
5,55713,40,557139529
5,55607,40,556079987
5,55397,40,553975297
5,55167,40,551672710
5,52987,40,529872339
5,52857,40,528579168
5,52848,40,528486133
5,52401,40,524013823
5,50909,40,509099689
5,50803,40,508036169
5,50008,40,500086137
5,50385,40,503854996
5,55687,40,556875277
5,55539,40,555394292
5,55479,40,554798198
5,55408,40,554084351
5,50810,40,508103996
5,17786,40,17786685400
5,05689,40,0568907688
5,10063,40,1006317105
5,50217,40,502177830
5,07572,40,07572458611
5,34624,40,3462424509
5,33220,40,3322096412
5,15103,40,15103319514
5,71211,40,7121126
5,18342,40,1834236998
5,40789,40,407895625
5,22797,40,2279708
5,11974,40,1197482542
5,24843,40,248432700
5,17854,40,17854006185
5,68964,40,6896433790
5,31877,40,31877799
5,16703,40,1670370890
5,92061,40,920613
5,84208,40,84208855
5,01717,40,01717429783
5,87952,40,8795298
5,86501,40,865018747361
5,45307,40,4530790281
5,56966,40,569666657
5,56933,40,569339920
5,40070,40,4007006
5,27609,40,27609762198
5,30153,40,3015385911
5,03364,40,03364666244
5,52446,40,524467844
5,66679,40,6667915
5,21101,40,211010
5,05415,40,05415419767
5,98509,40,98509181610
5,54755,40,54755574
5,59850,40,598506541544
5,52496,40,524964853
5,41700,40,4170000000
5,97750,40,977504090173
5,01474,40,01474355571
5,74100,40,741000000000
5,73462,40,7346276764
5,28575,40,2857575
5,56343,40,563432211
5,03331,40,033312600273
5,79893,40,7989332030
5,42688,40,42688652
5,55392,40,55392508
5,43940,40,43940967
5,14252,40,14252793660
5,56680,40,566808600
5,65590,40,65590033
5,44426,40,44426999
5,05242,40,0524222388
5,05251,40,0525108583
5,44155,40,441553769890
5,36893,40,368930704
5,65643,40,6564351256
5,77832,40,77832080
5,98203,40,9820350124
5,90593,40,9059337484
5,40800,40,408000
5,51004,40,510045
5,61050,40,610500
5,21316,40,213161
5,51450,40,514500
5,25300,40,253000
5,02400,40,024000
5,67410,40,674100
5,15700,40,157000
5,15009,40,150090
5,47500,40,475001
5,30017,40,300171
5,71001,40,710016
5,24500,40,245000
5,15003,40,150036
5,31410,40,314100
5,32110,40,321108
5,10528,40,10528000
5,22660,40,226600
5,25660,40,256600
5,86626,40,8662675282
5,20094,40,200941
5,83001,40,830011
5,42700,40,427000
5,18978,40,189789
5,15400,40,154002
5,51076,40,510760
5,04800,40,048000
5,21408,40,214081
5,24568,40,245687
5,23072,40,23072310
5,10678,40,10678910
5,25111,40,251117
5,55643,40,556433256
5,55462,40,554623701
5,10562,40,1056263187
5,19768,40,197688
5,11225,40,112258474
5,59210,40,592108279
5,28846,40,288465804
5,26612,40,266126504
5,26449,40,264499104
5,28751,40,287517004
5,29677,40,296776604
5,52282,40,522822706
5,26955,40,269556104
5,66104,40,66104804
5,26441,40,264413304
5,26664,40,2666494
5,39498,40,3949886
5,26809,40,268099504
5,34884,40,348844704
5,34225,40,342255804
5,34403,40,344033504
5,34434,40,344343404
5,34993,40,349936804
5,33827,40,338277304
5,39499,40,394993904
5,39833,40,398333704
5,62422,40,6242242050
5,34787,40,347870204
5,34023,40,340230004
5,39823,40,398236204
5,28515,40,2851506
5,45908,40,45908204
5,33820,40,338204004
5,04889,40,048894886
5,04277,40,042770300
5,02642,40,026429644
5,02085,40,02085062355
5,44952,40,44952404
5,03781,40,037811935
5,06562,40,065623110
5,04204,40,042045110
5,44283,40,44283891411
5,07222,40,072228363
5,04317,40,043171195
5,22975,40,22975221
5,39481,40,394811504
5,34472,40,344727304
5,64495,40,6449540050
5,38225,40,38225004
5,39829,40,398294704
5,64204,40,642046002
5,34200,40,342003304
5,45170,40,4517055050
5,04449,40,044495111
5,26460,40,264600004
5,04407,40,044075555
5,28774,40,287740104
5,64515,40,6451500050
5,76569,40,7656949050
5,28816,40,288163404
5,28504,40,285047404
5,25431,40,254319904
5,26472,40,264722004
5,26958,40,269582604
5,26215,40,262157204
5,26436,40,264363504
5,34268,40,3426888
5,19638,40,1963888
5,19268,40,1926888
5,31568,40,3156888
5,31708,40,3170888
5,35688,40,3568888
5,22098,40,2209888
5,21888,40,2188888
5,35138,40,3513888
5,20578,40,2057888
5,14918,40,1491888
5,15878,40,1587888
5,16708,40,1670888
5,15968,40,1596888
5,15598,40,1559888
5,14368,40,1436888
5,11888,40,1188888
5,25358,40,2535888
5,14418,40,1441888
5,22998,40,2299888
5,11068,40,1106888
5,11268,40,1126888
5,18898,40,1889888
5,27018,40,2701888
5,15718,40,1571888
5,22728,40,2272888
5,32088,40,3208888
5,21368,40,2136888
5,14308,40,1430888
5,32958,40,3295888
5,19218,40,1921888
5,19398,40,1939888
5,13098,40,1309888
5,13148,40,1314888
5,13868,40,1386888
5,20388,40,2038888
5,29061,39,29061985
5,80780,39,8078011918
5,91469,39,91469609
5,65999,39,65999999999
5,89290,39,8929028007
5,39755,39,3975548
5,33923,39,339231731788
5,52847,39,528479670
5,10050,39,100500
5,88100,39,8810000000
5,50388,39,503888210
5,77750,39,77750282081
5,93890,39,93890770
5,15862,39,15862879923
5,98678,39,986780309
5,18271,39,18271811193
5,88618,39,88618851
5,16989,39,16989645
5,04549,39,045499410552398
5,53830,39,5383063
5,22686,39,2268635
5,25198,39,251984878462
5,17082,39,17082576904
5,15169,39,15169749199
5,86198,39,861989318523
5,91782,39,917828542494
5,56992,39,569926101
5,55137,39,551372978
5,52828,39,528283037
5,50965,39,509658273
5,52135,39,521353281
5,46737,39,46737007644
5,34058,39,3405833354
5,34421,39,3442100004
5,33114,39,3311487878
5,14694,39,14694303201
5,76543,39,7654321
5,34394,39,3439456
5,79168,39,79168165786
5,29499,39,2949923
5,56418,39,56418580
5,30718,39,3071888
5,55961,39,559619067
5,18473,39,18473407074
5,26635,39,266352204
5,79216,39,79216353725
5,17172,39,1717275153
5,26677,39,266772004
5,44705,39,447050061612
5,55344,39,553441133
5,44642,39,446421049
5,96118,39,9611850444
5,65666,39,6566677701
5,20141,39,201417
5,31172,39,31172244421
5,33888,39,3388826
5,26166,39,261661304
5,34436,39,344369004
5,26853,39,268530004
5,34303,39,343037104
5,26818,39,268183304
5,22833,39,2283338
5,22798,39,227989804
5,39494,39,394940104
5,52284,39,522844
5,06082,39,06082017
5,99879,38,99879702
5,80363,38,8036344762
5,23177,38,231770492194
5,55205,38,55205214
5,42953,38,42953000
5,36826,38,368269904
5,50722,38,50722098
5,55778,38,557781321
5,56622,38,566222249
5,50970,38,509700222
5,20042,38,20042002
5,66802,38,66802880288
5,55308,38,553083947
5,52885,38,528854549
5,55409,38,554096002
5,43067,38,43067777
5,65333,38,65333323
5,26137,38,261378904
5,96096,38,9609675276
5,11222,38,112220
5,07198,38,071985
5,50301,38,503017066
5,52883,38,528833988
5,50894,38,508949625
5,16175,38,16175137914
5,79186,38,79186578679
5,13261,38,13261613206
5,55135,38,551352215
5,52762,38,527622569
5,50740,38,507401612
5,55821,38,558215481
5,55922,38,559225880
5,63514,38,635145848
5,55947,38,559478204
5,19798,38,1979888
5,11925,38,1192536
5,44329,38,44329618
5,43189,38,43189391
5,37738,38,3773819666
5,15941,38,1594192578
5,18931,38,18931311368
5,18109,38,18109384087
5,16194,38,16194594450
5,77388,38,773887637
5,25079,38,2507930729
5,62381,38,623817828
5,75335,38,753353303
5,40512,38,405128517
5,79905,38,7990554476
5,17508,38,17508800033
5,79288,38,79288388444
5,55499,38,554998326713
5,86896,38,8689643479997
5,56658,38,566586578
5,56623,38,566231628
5,55312,38,553129790
5,55753,38,557538666
5,55430,38,554309483
5,52972,38,529723599
5,52901,38,529018886
5,52661,38,526616888
5,50164,38,501645333
5,55928,38,559286058
5,55417,38,554178060
5,50490,38,504904318
5,50268,38,502683816
5,40369,38,4036999682
5,52784,38,527843810
5,52949,38,529498973
5,30601,38,3060111333
5,61042,38,610421516128
5,33135,38,3313524391
5,79648,38,7964846678
5,91111,38,911115340
5,72909,38,7290975
5,92035,38,9203575777000
5,03068,38,03068069566
5,03447,38,03447737975
5,90031,38,9003149648
5,92793,38,927939598312
5,07035,38,07035299955
5,46073,38,460737669441
5,43327,38,43327070
5,50932,38,509322227
5,50797,38,507974423
5,01630,38,016306150623
5,50596,38,505961070
5,73433,38,73433714845
5,77715,38,77715809007
5,73007,38,73007380757
5,13042,38,13042535568
5,47155,38,471557478822
5,44704,38,447044765432
5,21555,38,215555
5,96602,38,966026944315
5,90988,38,909888
5,13878,38,1387888
5,27737,38,27737816455
5,52542,38,525425039
5,26012,38,2601250262
5,23128,38,2312848
5,44199,38,441992851875
5,19056,38,19056611676
5,16045,38,16045517810
5,56213,38,562133331
5,10167,38,101675
5,86265,38,8626528568
5,86272,38,862728379
5,86629,38,8662967799918
5,86284,38,86284396088
5,31533,38,315336
5,86937,38,869378839000
5,86711,38,867113862896
5,86624,38,8662494300
5,22521,38,225212
5,86625,38,8662591861
5,20081,38,20081999
5,86997,38,869972126338
5,86649,38,8664922095
5,86936,38,8693601579
5,14014,38,140148
5,54671,38,546717611
5,58177,38,581771247
5,50832,38,508327167
5,65116,38,6511643
5,26274,38,2627474
5,33155,38,331555104
5,32998,38,32998804
5,11288,38,112888
5,28288,38,282888004
5,06543,38,065434112
5,22276,38,2227625
5,35368,38,353688548786
5,19448,38,1944888
5,19598,38,1959888
5,32268,38,3226888
5,36558,38,3655888
5,14628,38,1462888
5,15698,38,1569888
5,10348,38,1034888
5,25858,38,2585888
5,23728,38,2372888
5,20488,38,2048888
5,41558,38,4155888
5,11088,38,1108888
5,18958,38,1895888
5,20168,38,2016888
5,23548,38,2354888
5,31338,38,3133888
5,12748,38,1274888
5,24188,38,2418888
5,23868,38,2386888
5,21998,38,2199888
5,12998,38,1299888
5,16318,38,1631888
5,16958,38,1695888
5,87388,38,873888
5,23664,37,2366481873
5,91081,37,9108130313293
5,22166,37,221660
5,63016,37,630163009
5,15512,37,155122580216
5,36397,37,363975204
5,26815,37,26815800
5,26917,37,26917200
5,96712,37,9671224146
5,44588,37,44588266
5,16625,37,166250
5,22604,37,2260480
5,38566,37,38566033
5,34696,37,34696972086
5,96456,37,964569647504
5,76972,37,76972226
5,14032,37,14032222222
5,34603,37,34603728700
5,90006,37,90006700
5,55776,37,557762503
5,45004,37,450048
5,80330,37,8033047735
5,14437,37,14437143999
5,44297,37,44297040
5,65817,37,6581763022
5,43235,37,43235322
5,15052,37,1505210065
5,98728,37,9872866150
5,70324,37,703249785
5,75044,37,7504460255
5,71765,37,717654747
5,25886,37,258864452558
5,30996,37,3099650220
5,14703,37,14703189853
5,34671,37,34671792944
5,60165,37,60165394088
5,96117,37,961176556917
5,55979,37,559796454
5,52168,37,521683828
5,04479,37,0447984545971
5,63906,37,639068802798
5,57254,37,5725451
5,57347,37,5734706
5,31602,37,3160296835
5,44420,37,4442004
5,39512,37,395123887
5,52495,37,524953391
5,26444,37,2644478895
5,13691,37,13691304561
5,52238,37,522388441
5,90551,37,905512185606
5,04241,37,042416159
5,56697,37,566979702
5,44473,37,44473501
5,96450,37,964504495055
5,18476,37,184769289
5,98679,37,9867935367
5,65800,37,6580000000
5,39488,37,394880104
5,04552,37,045529869
5,50967,37,509679239
5,04402,37,044021398
5,87182,37,87182461388
5,50823,37,508238730
5,52510,37,525104889
5,12781,37,127816
5,22226,37,2222660
5,45209,37,4520902090
5,52200,37,522000
5,86223,37,862234567
5,22638,37,2263888
5,26660,37,266600
5,٠٥٠٢٨,37,٠٥٠٢٨٠٣٣١٢
5,79587,37,795874030
5,53533,37,535332847
5,34722,37,3472208213
5,34869,37,348697549
5,29444,37,2944443
5,56590,37,565901297
5,26688,37,2668837
5,22658,37,226585804
5,75005,37,7500500
5,52477,37,52477706
5,26168,37,2616899
5,11052,37,11052017
5,65631,37,6563107830
5,65845,36,6584585629
5,90300,36,9030000000
5,81500,36,8150000000
5,18018,36,18018652887
5,85363,36,85363113113
5,93802,36,93802206
5,43359,36,43359584
5,42737,36,42737511
5,22102,36,221027
5,55861,36,558619120
5,36073,36,360733004
5,05440,36,0544032465
5,05436,36,0543669800
5,05628,36,0562800797
5,43344,36,43344564
5,43607,36,43607740
5,43933,36,43933636
5,48801,36,48801880
5,55934,36,559348818
5,43472,36,43472900
5,44226,36,44226077
5,34992,36,3499214
5,43349,36,43349993
5,43627,36,43627788
5,43600,36,43600000
5,42729,36,42729869
5,20686,36,2068666
5,43843,36,43843104
5,55791,36,557918000
5,48135,36,48135144
5,44310,36,44310599
5,33036,36,3303600
5,50571,36,505718545
5,43520,36,43520410
5,42664,36,42664378
5,45529,36,45529869
5,55185,36,551855593
5,42021,36,420212704
5,05220,36,0522036617
5,12272,36,1227250
5,50026,36,500267961
5,58224,36,582244692
5,59764,36,597640036
5,56132,36,561329457
5,98186,36,9818627551
5,06727,36,0672763
5,52741,36,527416777
5,55802,36,558026044
5,15611,36,15611928847
5,13060,36,130605
5,13120,36,131206
5,56520,36,565207999
5,82782,36,82782000
5,87596,36,8759680
5,22599,36,2259912
5,14141,36,141411
5,51919,36,5191904
5,82173,36,82173658521
5,66006,36,66006600
5,23411,36,2341110
5,50328,36,503280359
5,43973,36,43973118
5,12102,36,1210288888
5,43611,36,43611387
5,16080,36,1608049
5,67479,36,67479293
5,42355,36,42355155
5,42147,36,42147122
5,46780,36,46780166
5,42218,36,42218868
5,42232,36,42232364
5,43510,36,43510077
5,43553,36,43553935
5,43672,36,43672400
5,43410,36,43410000
5,48816,36,48816668
5,44548,36,44548669
5,48833,36,48833955
5,42267,36,42267566
5,22170,36,221703011253
5,42291,36,42291365
5,52555,36,52555225
5,42276,36,42276661
5,35528,36,3552899888
5,88722,36,8872210892
5,44661,36,446612579776
5,91681,36,91681137934
5,46665,36,4666541278
5,33561,36,3356128755
5,15468,36,154681147
5,49665,36,4966512789
5,23467,36,23467112998
5,23415,36,23415687763
5,44506,36,44506036458
5,98008,36,98008199
5,73345,36,733454313
5,73703,36,737035938
5,31609,36,3160969459
5,80809,36,8080999468
5,26324,36,263242778831
5,14258,36,14258297860
5,12054,36,12054091183
5,12368,36,12368818424
5,16125,36,16125841867
5,37210,36,3721010101010
5,12045,36,12045905966
5,96562,36,96562223448
5,56641,36,566410865
5,55859,36,558597382
5,55830,36,558309818
5,55725,36,557255808
5,55601,36,556017768
5,52927,36,529279264
5,55356,36,553560888
5,52872,36,528728886
5,52804,36,528043903
5,52253,36,522539942
5,50827,36,508272068
5,50181,36,501819829
5,55583,36,555833129
5,50516,36,505164800
5,50974,36,509749888
5,56222,36,562226866
5,11545,36,1154500700
5,05432,36,0543204135
5,21390,36,2139067
5,64722,36,6472213036
5,42263,36,4226334
5,44734,36,447341989175
5,22549,36,22549290403
5,97853,36,978534054
5,31312,36,3131216680
5,03110,36,03110279473
5,91085,36,9108562575412
5,33228,36,3322807
5,05261,36,0526126849
5,13687,36,1368725758
5,15558,36,15558114497
5,12689,36,126894237763
5,84767,36,847674108
5,40775,36,4077582149
5,34189,36,3418966
5,19016,36,19016065229
5,03320,36,03320303492
5,40399,36,4039904569
5,03168,36,03168677177
5,60019,36,600192505810
5,62856,36,6285642080209
5,52104,36,521044071
5,35151,36,351510
5,58100,36,581000000
5,27116,36,2711611
5,79179,36,79179082534
5,96800,36,968000000000
5,52364,36,523647495
5,05823,36,0582348381
5,56911,36,569119778
5,28275,36,2827575
5,50763,36,507635060
5,57570,36,575701
5,61430,36,61430278844
5,65850,36,6585009546
5,65145,36,6514586
5,43806,36,43806683
5,39035,36,390354517361
5,73494,36,73494960622
5,27315,36,27315630459
5,92433,36,9243332
5,42192,36,42192147
5,55389,36,553899
5,96188,36,961888
5,26311,36,26311202892
5,43657,36,43657700
5,36066,36,360667
5,25887,36,258877333111
5,86642,36,86642115
5,89882,36,89882481077
5,41464,36,4146410
5,55473,36,554731201
5,82322,36,823222000771
5,49620,36,496203661393
5,36310,36,363100
5,23318,36,233182
5,26270,36,262705
5,22140,36,221400
5,40114,36,401147
5,27750,36,277500
5,65020,36,650204
5,16300,36,163000
5,31430,36,314300
5,64600,36,646000
5,86870,36,868703122470
5,05008,36,050081
5,10080,36,100803
5,22120,36,221200
5,51070,36,510700
5,26450,36,264500
5,10074,36,100743
5,43020,36,430205
5,86865,36,8686528675
5,31730,36,317300
5,21320,36,213200
5,86628,36,8662813426
5,86220,36,86220000
5,23900,36,239000
5,51031,36,510310
5,31150,36,311500
5,41007,36,410073
5,65021,36,650215
5,31008,36,310088
5,18008,36,180083
5,13508,36,135080
5,86884,36,8688439850
5,56779,36,567799708
5,55737,36,557370057
5,05353,36,0535332847
5,45862,36,4586221
5,92514,36,92514433451
5,52977,36,529775430
5,65924,36,6592442178
5,55370,36,553708221
5,98272,36,9827297
5,44375,36,44375704
5,44514,36,44514110
5,69552,36,6955275222
5,65944,36,6594443050
5,28708,36,287088104
5,51282,36,51282804
5,34338,36,343387704
5,66669,36,66669404
5,31498,36,31498004
5,65988,36,6598807050
5,33115,36,3311574
5,39409,36,394098904
5,04301,36,043012723
5,02632,36,026321310
5,36822,36,368223504
5,36155,36,361554204
5,28012,36,2801202
5,19168,36,1916888
5,19968,36,1996888
5,19468,36,1946888
5,15418,36,1541888
5,24238,36,2423888
5,14878,36,1487888
5,15398,36,1539888
5,24758,36,2475888
5,10708,36,1070888
5,25628,36,2562888
5,28158,36,2815888
5,10588,36,1058888
5,27048,36,2704888
5,10718,36,1071888
5,10738,36,1073888
5,12598,36,1259888
5,12618,36,1261888
5,21798,36,2179888
5,15788,36,1578888
5,23218,36,2321888
5,13138,36,1313888
5,13438,36,1343888
5,13288,36,1328888
5,79251,36,79251808586
5,84383,35,8438347662
5,03750,35,0375016
5,48377,35,4837717
5,72504,35,7250415
5,12031,35,120312
5,09247,35,092475
5,88149,35,8814930
5,74226,35,74226161
5,40778,35,4077866
5,16198,35,161985
5,03199,35,031992
5,95568,35,95568093
5,70720,35,7072028
5,56695,35,566959099
5,92221,35,92221366
5,66868,35,66868884
5,44194,35,441942745219
5,33170,35,33170011
5,53500,35,535005026
5,44334,35,4433414414
5,36057,35,360571104
5,39565,35,3956566
5,33040,35,330407004
5,39160,35,3916000
5,34500,35,34500075839
5,55867,35,558677586
5,19910,35,19910624939
5,13071,35,13071117286
5,62500,35,62500641
5,88838,35,88838800
5,52801,35,528019116
5,19777,35,197777
5,65680,35,6568032
5,22368,35,223685804
5,93704,35,937047607
5,22900,35,2290058
5,39118,35,3911826577
5,15104,35,15104329423
5,79656,35,79656800000
5,62960,35,629601270
5,66250,35,66250063
5,47951,35,4795139827
5,55619,35,5561983029120
5,33635,35,3363540893
5,57300,35,573005871645
5,52931,35,529318680
5,50303,35,503036988
5,55588,35,555888201
5,76777,35,767775
5,16262,35,16262527983
5,36150,35,361509151
5,60174,35,60174053857
5,52802,35,528020796
5,44513,35,44513657267
5,44566,35,4456686
5,79227,35,79227573518
5,73452,35,7345245080
5,19760,35,1976092400
5,19810,35,1981052100
5,04275,35,042752000
5,92822,35,928229563
5,44188,35,441889578207
5,65600,35,6560000000
5,79211,35,79211339944
5,26470,35,264701204
5,92922,35,9292209489
5,93795,35,93795161430
5,65904,35,6590498959
5,44117,35,441177986356
5,44105,35,441059663736
5,44131,35,441313334759
5,18188,35,1818845790
5,67551,35,6755143
5,39651,35,39651719
5,38176,35,3817674
5,15126,35,1512603
5,22250,35,222500
5,38504,35,38504541703
5,15638,35,15638852599
5,26233,35,262332604
5,28777,35,287773104
5,64466,35,6446696050
5,26659,35,266598204
5,69218,35,69218704
5,26633,35,266333204
5,32444,35,324444404
5,39811,35,398119104
5,26669,35,266690204
5,26481,35,264815204
5,28765,35,287652304
5,66038,35,66038304
5,28705,35,287053604
5,65144,35,6514451050
5,87010,35,87010304
5,34804,35,348048404
5,64470,35,6447010050
5,44064,35,44064404
5,44591,35,445911
5,34440,35,344401104
5,22264,35,222647804
5,34999,35,349996504
5,03767,35,037678453
5,33823,35,338234004
5,83264,35,832648204
5,28760,35,287603004
5,39821,35,398216204
5,04832,35,04832654
5,64488,35,6448813050
5,31259,35,31259604
5,34866,35,348668404
5,04279,35,042798400
5,98771,35,987713535527
5,02441,35,024413171
5,98261,35,982612504000
5,64455,35,6445533050
5,09744,35,09744370077
5,22562,35,2256256
5,04237,35,042372222
5,06747,35,067478527
5,04554,35,045540022
5,34843,35,348432604
5,85104,35,85104404
5,04387,35,043872159
5,96311,35,963112458030
5,36299,35,362994804
5,39077,35,3907777
5,36380,35,363802004
5,44565,35,44565704
5,35314,35,35314059981
5,28554,35,285543504
5,33866,35,3386655
5,20633,35,206338004
5,36901,35,36901704
5,36832,35,368326204
5,20637,35,206377704
5,61177,35,61177404
5,26827,35,268271104
5,28613,35,286132204
5,39843,35,398436104
5,34038,35,340388504
5,34848,35,348481304
5,28911,35,2891167
5,35248,35,3524824
5,61281,35,61281404
5,44847,35,44847340
5,61259,35,61259604
5,28599,35,285995104
5,62532,35,6253205050
5,28604,35,286048904
5,34386,35,343868704
5,13218,35,1321888
5,20117,34,201173
5,09363,34,093635117
5,85006,34,85006968
5,82684,34,82684511
5,94598,34,94598480
5,33393,34,33393838
5,55937,34,559371000
5,65263,34,65263000
5,92554,34,92554016351
5,56143,34,561438854
5,91513,34,91513424580
5,90306,34,9030652
5,43436,34,43436619
5,55319,34,553199866
5,56797,34,567979633
5,44419,34,44419549
5,22664,34,226648504
5,04044,34,0404440
5,57687,34,576878
5,41046,34,4104685
5,41219,34,4121989
5,41620,34,41620488
5,10121,34,101213479618
5,12220,34,122206
5,54446,34,544461811
5,50129,34,501296120
5,43976,34,439766972
5,87878,34,878787
5,15882,34,15882003
5,29177,34,29177794
5,37309,34,373090431
5,55711,34,557112688
5,55418,34,554186868
5,24489,34,2448963240
5,10270,34,1027021
5,55468,34,554689161
5,53383,34,533836958613911
5,65875,34,6587518
5,86271,34,8627183322
5,25168,34,25168464
5,45676,34,45676938
5,33899,34,3389997685
5,18964,34,18964144737
5,13328,34,1332806761
5,52311,34,523112693708
5,79464,34,794644036
5,59179,34,59179998
5,78794,34,7879478842
5,80370,34,8037017196
5,91239,34,9123942040
5,17324,34,17324706707
5,34686,34,34686176296
5,13155,34,13155348002
5,46768,34,46768906070
5,37496,34,37496012000
5,21221,34,212212661141442
5,79102,34,79102222099
5,40756,34,40756644397
5,27810,34,27810237972
5,47908,34,4790831432
5,12129,34,12129200007
5,93785,34,93785553875
5,99477,34,994777466956
5,56785,34,567856006
5,56703,34,567034530
5,56443,34,564430836
5,56329,34,563299113
5,55805,34,558056128
5,55745,34,557455671
5,55386,34,553861777
5,52889,34,528899260
5,52812,34,528123888
5,52796,34,527966888
5,52428,34,524282150
5,50485,34,504855716
5,56652,34,566527698
5,55965,34,559652906
5,52222,34,522222540
5,79034,34,79034811941
5,53054,34,530547726
5,41491,34,414912827
5,12142,34,12142779194
5,33236,34,3323687869
5,98437,34,984374066751
5,51220,34,5122010
5,40220,34,402203319
5,56392,34,56392745
5,25105,34,2510527
5,44223,34,4422306
5,84545,34,8454533381
5,56539,34,565399735
5,88877,34,888777
5,11647,34,1164797165
5,60163,34,60163900059
5,56750,34,567506756
5,55526,34,555267108
5,07947,34,07947059570
5,77182,34,77182538970
5,02500,34,02500484
5,13129,34,13129127170
5,99400,34,9940000000
5,02289,34,022890876800
5,11248,34,112483962772
5,15022,34,1502235
5,٠٥٠٣٠,34,٠٥٠٣٠٧٦٦١٩
5,12155,34,12155201290
5,44282,34,44282482692
5,42822,34,42822505
5,48077,34,4807730
5,34549,34,345494504
5,55547,34,555475657
5,05234,34,0523488886
5,14378,34,1437888
5,33126,34,3312630020
5,32223,34,3222300075
5,44157,34,441572762
5,44087,34,44087000
5,44174,34,441740644476
5,55372,34,553723721
5,34875,34,3487525
5,36088,34,3608870
5,52055,34,5205562
5,44971,34,44971961377
5,45001,34,450012
5,86469,34,864694667138
5,67100,34,671003
5,22620,34,226200
5,35520,34,355200
5,21521,34,215218
5,86972,34,8697252086
5,22510,34,225101
5,31570,34,315700
5,11300,34,113001
5,86280,34,862800000000
5,38270,34,382702
5,86231,34,862310241024
5,04810,34,048100
5,86825,34,868253896998
5,22550,34,225500
5,86541,34,8654144122000
5,26662,34,266621402
5,34345,34,343456
5,22646,34,226463
5,86882,34,868826000
5,86689,34,8668932868
5,59170,34,591705554
5,55646,34,556460765
5,74156,34,7415604448
5,53909,34,539091104
5,55796,34,5579679400
5,26468,34,2646870
5,66031,34,66031104
5,34478,34,344784704
5,33878,34,338788704
5,39422,34,3942227
5,33237,34,332377704
5,36090,34,3609070
5,22388,34,223883504
5,34979,34,349797704
5,21448,34,21448704
5,04315,34,043153000
5,83266,34,832664404
5,28928,34,289285804
5,28856,34,28856104
5,31578,34,3157888
5,28678,34,2867888
5,24938,34,2493888
5,24318,34,2431888
5,15588,34,1558888
5,95888,34,958888
5,95988,34,959888
5,18498,34,1849888
5,18788,34,1878888
5,37348,34,3734888
5,37458,34,3745888
5,23088,34,2308888
5,47598,34,4759884485
5,13628,34,1362888
5,21868,34,2186888
5,20658,34,2065888
5,13188,34,1318888
5,13378,34,1337888
5,21838,34,2183888
5,22898,34,2289888
5,23707,33,2370708
5,80295,33,8029504061
5,96889,33,96889523332
5,22553,33,225538
5,96859,33,968599609761
5,35204,33,3520455
5,38924,33,3892424
5,21623,33,21623260026
5,65387,33,65387743
5,35805,33,3580515071457
5,52884,33,528845859
5,31302,33,313026581
5,62408,33,62408818
5,52066,33,520668
5,12271,33,122715
5,15619,33,1561980
5,44406,33,4440603
5,20145,33,2014555
5,26004,33,26004000
5,38088,33,3808892931
5,67642,33,6764259
5,61061,33,610613707
5,45454,33,45454545
5,73155,33,731555777
5,58414,33,5841424418223
5,18686,33,18686872408
5,17866,33,17866417572
5,66357,33,663572408
5,14052,33,14052066552
5,96205,33,9620556289556
5,22547,33,22547124012
5,23599,33,23599396642
5,15743,33,15743158893
5,45257,33,4525777172
5,58882,33,588821795
5,56808,33,568080019
5,56409,33,564094581
5,55814,33,558146224
5,55709,33,557095999
5,55305,33,553053326
5,55261,33,552618937
5,55120,33,551206555
5,54470,33,544707474
5,52880,33,528800821
5,55298,33,552984777
5,55977,33,559772592
5,52897,33,528974789
5,91761,33,917619076232
5,40431,33,4043154
5,19144,33,19144815000
5,27797,33,27797993750
5,56523,33,565234976
5,63998,33,639984079778
5,98119,33,9811910658
5,33131,33,3313117038
5,16784,33,16784886987
5,55212,33,552121353
5,15015,33,150150
5,21120,33,211200404
5,01514,33,015146498224
5,23333,33,2333303
5,21821,33,218213350060
5,66566,33,6656670
5,65487,33,6548774050
5,79335,33,79335008925
5,77252,33,77252567976
5,78122,33,78122758959
5,77477,33,77477448248
5,44488,33,44488555
5,38423,33,3842334
5,36846,33,3684689
5,96699,33,96699735081
5,33788,33,33788066666
5,02674,33,026744356
5,79281,33,79281289391
5,44555,33,44555662822
5,02082,33,02082811976
5,77686,33,7768651256
5,66896,33,66896978200
5,86008,33,860086185000
5,66814,33,66814088877
5,86528,33,865286642
5,34320,33,343200
5,02800,33,028000
5,26440,33,264400
5,62800,33,628000
5,33444,33,33444433
5,26620,33,266200
5,86926,33,8692652
5,32142,33,3214229242
5,65843,33,6584341156
5,02086,33,02086808800
5,34638,33,34638018249
5,32322,33,3232223656
5,28594,33,2859401
5,34412,33,344122304
5,39820,33,398205304
5,34003,33,340030004
5,39827,33,3982767
5,04216,33,042162894
5,29669,33,296690004
5,31538,33,31538804
5,34868,33,348687704
5,29662,33,2966204
5,28568,33,285686604
5,79192,33,7919202357
5,19718,33,1971888
5,85867,32,85867447517
5,06608,32,066086830
5,81419,32,8141942818
5,23414,32,23414709000
5,88712,32,8871234
5,٠٠٩٦٦,32,٠٠٩٦٦٥٠٥٦٣٢٢٢٨
5,56984,32,569844874
5,43408,32,43408044
5,72068,32,72068666
5,12056,32,12056435685
5,50377,32,5037797731
5,50908,32,509088842
5,01752,32,01752270026
5,79491,32,7949165575
5,65099,32,65099998
5,94714,32,94714553958
5,43966,32,43966123
5,44478,32,44478102
5,42952,32,42952662
5,55151,32,551517006
5,43432,32,43432444
5,43441,32,43441449
5,43630,32,43630700
5,54661,32,54661108
5,43258,32,43258111
5,65770,32,65770441
5,42693,32,42693100
5,44082,32,44082462
5,43394,32,43394050
5,26670,32,26670223
5,44718,32,4471804
5,26272,32,26272000
5,50791,32,507918938
5,42288,32,42288080
5,55829,32,558299602
5,55141,32,551414114
5,65341,32,65341183
5,43440,32,43440330
5,43511,32,43511116
5,03112,32,03112394019
5,20055,32,200553
5,07268,32,072686
5,48068,32,4806888
5,71506,32,71506518325
5,50560,32,505608332
5,41624,32,41624514
5,75538,32,75538790
5,97051,32,9705155755
5,13371,32,13371655222
5,15955,32,15955468616
5,15501,32,15501132252
5,55931,32,559314530
5,14089,32,14089098190
5,47938,32,4793868900
5,28551,32,2855140285
5,56321,32,563211178
5,55286,32,552865092
5,55769,32,557690440
5,91124,32,911242885988
5,55609,32,556090500
5,55178,32,551783465
5,05506,32,055066333
5,80340,32,8034056013
5,52402,32,524022
5,51602,32,516023
5,71012,32,710121
5,22601,32,226010
5,22512,32,225126
5,56569,32,565698868
5,56818,32,568180938
5,17782,32,17782334345
5,12308,32,1230877
5,44537,32,44537268
5,43210,32,43210887
5,44432,32,44432090
5,61398,32,6139888
5,43633,32,43633375
5,43882,32,43882220
5,43452,32,43452728
5,43920,32,43920114
5,65591,32,65591298
5,42962,32,42962375
5,13652,32,1365242
5,50187,32,5018747361
5,89188,32,8918816277
5,13361,32,1336126960
5,15868,32,1586896653
5,15988,32,1598853333
5,33470,32,3347046688
5,13040,32,1304050899
5,13505,32,1350505177
5,16104,32,16104014476
5,25576,32,255763207721
5,27788,32,27788019142
5,60035,32,600351600
5,60027,32,600274573
5,85171,32,851715685
5,40083,32,4008391
5,17352,32,173523740
5,89277,32,89277909747
5,77623,32,7762353535
5,88931,32,8893180602
5,60999,32,60999002
5,52447,32,52447130
5,97940,32,979407620
5,81688,32,8168828
5,67865,32,6786547
5,98182,32,9818205768
5,98450,32,9845002106
5,72929,32,729293047
5,98899,32,98899229
5,91042,32,9104288428
5,60880,32,608801115
5,99535,32,99535281
5,77176,32,7717640206
5,31028,32,3102830391
5,84462,32,8446222250
5,77687,32,7768702972
5,85186,32,8518651888
5,20554,32,2055402722
5,90923,32,9092304875
5,47121,32,471215246
5,73949,32,739491790
5,34964,32,349642139
5,95010,32,9501007317
5,97797,32,9779710
5,90372,32,9037281500
5,58535,32,5853555633
5,72351,32,7235144
5,22136,32,2213690
5,70349,32,7034997172
5,91218,32,9121818481
5,61763,32,617634723
5,77662,32,7766255603
5,80333,32,8033317477
5,70783,32,7078399961
5,97581,32,975817904
5,80727,32,8072770167
5,91262,32,9126231806
5,69799,32,6979913733
5,17157,32,1715710344
5,93590,32,935900711
5,69563,32,6956379798
5,70218,32,70218818
5,78537,32,785372414
5,70146,32,7014633054
5,98202,32,9820226955
5,91617,32,9161765369
5,51222,32,5122237483
5,17197,32,1719742374
5,74483,32,7448347382
5,95333,32,95333387
5,77819,32,778196234
5,53870,32,5387056561
5,69366,32,6936656132
5,64818,32,648188487
5,41656,32,4165673855
5,83251,32,8325148930
5,93218,32,9321889566
5,40486,32,404864868
5,52225,32,5222523705
5,80290,32,8029057862
5,78830,32,788306008
5,97877,32,97877222
5,80566,32,8056676060
5,70540,32,7054045
5,99866,32,998669176
5,80357,32,8035704015
5,74808,32,748089900
5,76673,32,766730880
5,98410,32,9841062380
5,80691,32,8069138090
5,78456,32,7845679833
5,71290,32,71290790
5,79394,32,7939412119
5,90049,32,90049282
5,98184,32,9818426771
5,64969,32,649699201
5,68360,32,683605613
5,75482,32,754828397
5,89670,32,896705858
5,24422,32,244227534
5,72194,32,721947540
5,79767,32,7976761987
5,95015,32,9501520162
5,97390,32,9739002594
5,79755,32,7975535690
5,32001,32,3200198758
5,61470,32,61470545500
5,31658,32,31658855030
5,91551,32,91551411570
5,18482,32,18482105796
5,20210,32,2021073685
5,79064,32,79064861094
5,13027,32,13027249274
5,55001,32,550019498877381
5,33771,32,33771213400
5,32324,32,3232477223317
5,38349,32,38349504100
5,17863,32,17863203328
5,99820,32,99820965179
5,96694,32,96694262359
5,58879,32,588791665
5,55968,32,559681889
5,55698,32,556982000
5,55540,32,555408961
5,55531,32,555313058
5,55456,32,554564564
5,55158,32,551586338
5,52915,32,529155994
5,52480,32,524806189
5,52103,32,521034689
5,50819,32,508198298
5,50391,32,503911111
5,50205,32,502057619
5,50163,32,501637877
5,55502,32,555021868
5,52647,32,526472117
5,55835,32,558359102
5,50489,32,504894111
5,50317,32,503170559
5,55442,32,554426831
5,34676,32,34676965100
5,52388,32,523882241
5,٠٠٩٦٥,32,٠٠٩٦٥٩٧٢٠٧٩٤٢
5,06536,32,065363292
5,14108,32,14108554548
5,30089,32,3008988248
5,33401,32,3340127000
5,33326,32,3332660517
5,34525,32,3452513582
5,30041,32,3004176884
5,03069,32,03069341223
5,31182,32,3118285583
5,30137,32,3013733323
5,30135,32,3013593003
5,30032,32,3003201511
5,33431,32,3343123787
5,31026,32,3102612761
5,31326,32,3132684695
5,03351,32,03351396023
5,19438,32,1943806
5,19200,32,192009
5,33654,32,3365496929
5,34558,32,3455887860
5,05499,32,0549986198
5,10918,32,1091850
5,87979,32,8797932
5,66086,32,66086830
5,60147,32,60147178162
5,93796,32,93796159813
5,27603,32,27603437482
5,44442,32,4444259
5,63097,32,6309729
5,13462,32,13462285257
5,56918,32,569188312
5,79906,32,7990604162
5,26100,32,261000000000
5,56800,32,568000000
5,99500,32,995000000000
5,03342,32,03342036502
5,32788,32,3278800
5,80500,32,8050000000
5,38200,32,382000000000
5,96900,32,96900000000
5,28782,32,287822804
5,04602,32,046028305
5,43295,32,43295337
5,70957,32,70957282315
5,55297,32,552979151
5,52844,32,5284410
5,52747,32,527474848
5,97505,32,97505381509
5,20900,32,2090000000
5,52700,32,527000000
5,55756,32,557561447
5,05243,32,0524366167
5,07930,32,07930626373
5,55347,32,553470300
5,56464,32,564640907
5,55827,32,558278303
5,95588,32,95588668
5,44220,32,44220440
5,42025,32,4202537
5,19395,32,1939500
5,25193,32,251939488537
5,91009,32,91009920610104
5,16179,32,16179433999
5,52823,32,528231
5,86655,32,866550681
5,52396,32,523960
5,86837,32,8683723477
5,30014,32,300143
5,21443,32,214431
5,11120,32,111200
5,21442,32,214422
5,25520,32,255200
5,61173,32,611731
5,86819,32,8681904109
5,25006,32,250061
5,23004,32,230041
5,51564,32,515644
5,57022,32,570228
5,23005,32,230051
5,25510,32,255100
5,52329,32,523290
5,71200,32,712000
5,13611,32,136114
5,26626,32,266268
5,21140,32,211400
5,22412,32,224122
5,20082,32,2008214
5,86332,32,863320287
5,86875,32,868752122911
5,61700,32,617000
5,86994,32,869942353618
5,86283,32,862830326
5,86677,32,8667794923
5,11418,32,114181601
5,05416,32,0541624458
5,92382,32,92382225757
5,03318,32,03318290958
5,31868,32,3186853154
5,30232,32,3023226577
5,50924,32,509244321
5,03038,32,0303825500
5,03242,32,03242992945
5,52210,32,522101777
5,70726,32,7072629077
5,01765,32,017650996962
5,90580,32,905805
5,64108,32,641080015
5,40076,32,400766207488
5,33645,32,33645979966
5,03319,32,03319999111
5,43792,32,43792565
5,28539,32,285399304
5,28518,32,285188204
5,36062,32,360623304
5,02611,32,026111111
5,65947,32,6594786
5,26268,32,262688804
5,32216,32,322164
5,20292,32,2029224
5,35298,32,3529888
5,19208,32,1920888
5,30858,32,3085888
5,19478,32,1947888
5,19818,32,1981888
5,31838,32,3183888
5,33028,32,3302888
5,16578,32,1657888
5,16668,32,1666888
5,29208,32,2920888
5,24688,32,2468888
5,24268,32,2426888
5,12488,32,1248888
5,19348,32,1934888
5,25638,32,2563888
5,29868,32,2986888
5,14608,32,1460888
5,19708,32,1970888
5,15068,32,1506888
5,29478,32,2947888
5,22208,32,2220888
5,27368,32,2736888
5,22518,32,2251888
5,23598,32,2359888
5,23878,32,2387888
5,11008,32,1100888
5,11118,32,1111888
5,10948,32,1094888
5,10968,32,1096888
5,11368,32,1136888
5,31788,32,3178888
5,24468,32,2446888
5,24038,32,2403888
5,24328,32,2432888
5,28908,32,2890888
5,20768,32,2076888
5,20108,32,2010888
5,22628,32,2262888
5,16528,32,1652888
5,23478,32,2347888
5,18078,32,1807888
5,65637,32,6563721727
5,18129,31,18129596356
5,80200,31,8020000000
5,81800,31,8180000000
5,80900,31,8090000000
5,70900,31,7090000000
5,50973,31,509733219
5,04601,31,046014421
5,98764,31,987644420917
5,06539,31,065391133
5,26915,31,269157504
5,34736,31,347368804
5,29530,31,295300004
5,34323,31,343232204
5,33276,31,332761104
5,19162,31,19162151537
5,13662,31,13662115095
5,15536,31,15536523168
5,18335,31,18335126191
5,13263,31,13263181668
5,15822,31,15822557379
5,15935,31,15935586370
5,18780,31,18780400302
5,18814,31,18814720926
5,18321,31,18321391677
5,18692,31,18692043752
5,18607,31,18607302936
5,18631,31,18631172555
5,12110,31,121107
5,29798,31,2979862219
5,52975,31,529752229
5,30832,31,308322
5,13370,31,13370130288
5,47472,31,47472510
5,65748,31,65748650
5,12487,31,12487522700
5,12019,31,12019601608
5,33075,31,330751525675
5,99405,31,9940509660649
5,17088,31,17088988538
5,77985,31,779854192191
5,10014,31,10014163058451
5,56708,31,567088211
5,55654,31,556547125
5,55379,31,553792000
5,86729,31,867294
5,79181,31,791813373
5,90538,31,905380710536
5,91753,31,917531023320
5,34553,31,3455333598
5,33428,31,3342897969
5,44673,31,446736202824
5,07889,31,07889617286
5,99100,31,991000
5,49211,31,49211522954820
5,35150,31,351506281478
5,03751,31,0375172909706
5,55403,31,554030989
5,34747,31,3474707
5,02433,31,02433818845790
5,02250,31,022507844834
5,79634,31,79634040077
5,79117,31,79117509009
5,79151,31,79151777171
5,55349,31,553492105
5,93744,31,93744344440
5,07917,31,07917175776
5,27119,31,27119001821
5,03806,31,0380624276975
5,97434,31,9743441462
5,37069,31,37069812333
5,49241,31,4924130924
5,55512,31,555126102
5,65525,31,6552507
5,92422,31,924227591414
5,20679,31,2067901165
5,26519,31,265199904
5,44090,31,440903239
5,15035,31,15035954911
5,77230,31,772301323
5,26598,31,2659821336
5,17133,31,17133219575
5,22233,31,222333444
5,29066,31,29066345
5,66842,31,66842155661
5,27250,31,272500
5,10084,31,100844
5,23456,31,234562
5,77122,31,771225
5,54345,31,543456001
5,55447,31,554477471
5,78630,31,7863007779
5,54649,31,546491273
5,55913,31,559131371
5,52220,31,52220645
5,27288,31,27288037110
5,67766,31,6776633
5,26113,31,261133204
5,34313,31,343134804
5,34464,31,344644304
5,26714,31,267142804
5,07233,31,072332846
5,04433,31,044331220
5,02446,31,024465102
5,06566,31,065660024
5,06528,31,065281235
5,04305,31,043059475
5,17078,31,17078889173
5,18178,31,18178709074
5,04389,31,043899149
5,97237,31,972374326
5,34401,31,344017704
5,34493,31,344932904
5,26447,31,264470604
5,26448,31,264486604
5,20648,31,206482004
5,34788,31,347883304
5,85247,31,85247604
5,10052,31,10052021
5,17334,30,1733457966
5,26200,30,262000
5,20034,30,200341
5,23795,30,23795884673
5,56297,30,562972935
5,90886,30,9088635608
5,94719,30,94719033639
5,33403,30,334036204
5,52787,30,527874259
5,44308,30,44308902
5,55224,30,552246807
5,66339,30,66339167
5,36144,30,3614422
5,08122,30,08122647080
5,28056,30,280565285
5,16146,30,16146254324
5,16308,30,16308541936
5,44230,30,44230101
5,15711,30,15711192699
5,13924,30,13924087415
5,44070,30,4407036900063
5,12294,30,12294158722
5,11755,30,11755410472
5,98500,30,9850000000
5,65989,30,6598907503
5,40367,30,403677425
5,88396,30,88396155
5,26238,30,2623888389
5,50701,30,507013528
5,79068,30,79068172
5,56846,30,568468208
5,43303,30,43303402
5,60138,30,60138020620
5,60361,30,60361359996
5,15385,30,153857010
5,86581,30,865811449
5,55976,30,55976511
5,65047,30,6504782
5,94836,30,9483600
5,64595,30,6459584444
5,86654,30,8665422377
5,11817,30,1181760
5,36056,30,3605673026
5,63263,30,6326343479
5,56365,30,56365997
5,43318,30,43318018
5,26263,30,26263582
5,29553,30,2955333
5,26219,30,26219280
5,26789,30,26789991
5,34574,30,3457474
5,22324,30,2232440
5,22735,30,227350404
5,22705,30,227058204
5,55265,30,55265499
5,45681,30,45681297
5,18680,30,1868036650
5,13167,30,13167883208
5,34502,30,3450265455
5,34756,30,3475678888
5,74528,30,7452896678
5,18877,30,1887750513
5,38667,30,3866730195
5,39710,30,3971004282
5,55480,30,5548045111
5,39047,30,3904703377
5,37047,30,3704728935
5,56187,30,5618758827
5,13840,30,1384081068
5,15221,30,15221522119
5,18687,30,18687516047
5,34633,30,34633847219
5,12104,30,12104542875
5,76753,30,767533672
5,76173,30,761731692
5,79616,30,7961632288
5,77761,30,7776133962
5,93776,30,93776595671
5,19253,30,19253939302
5,31101,30,311010101010
5,31613,30,31613245445
5,31633,30,31633335130
5,81804,30,818043888289
5,99800,30,998007401818
5,56667,30,566677899
5,58253,30,582531982
5,56961,30,569613956
5,56494,30,564944658
5,56296,30,562967607
5,56164,30,561648008
5,55983,30,559837528
5,55969,30,559692637
5,55845,30,558457808
5,55334,30,553344774
5,55635,30,556352888
5,55450,30,554509132
5,54581,30,545810077
5,52998,30,529986688
5,52533,30,525336809
5,52524,30,525244826
5,52137,30,521378888
5,50983,30,509835999
5,50938,30,509386789
5,50934,30,509344080
5,50890,30,508907513
5,52582,30,525821000
5,55354,30,553543246
5,56149,30,561494168
5,55885,30,558858802
5,55809,30,558096677
5,55210,30,552101101
5,50906,30,509061288
5,55639,30,556399956
5,55505,30,555054395
5,35058,30,35058263000
5,45541,30,455414
5,11127,30,1112758999
5,13165,30,131652300255
5,12239,30,1223972937
5,27745,30,27745131152
5,05890,30,0589067306
5,23803,30,238033936141
5,05268,30,0526868439
5,20373,30,2037314735
5,87677,30,876771360
5,11720,30,1172001
5,65660,30,656606
5,14159,30,14159397889
5,33378,30,3337889933
5,03025,30,03025004522
5,30120,30,3012010170
5,05233,30,0523381802
5,54475,30,544757222
5,15101,30,15101114797
5,17610,30,17610998331
5,45222,30,4522249601
5,65456,30,6545698
5,92504,30,925044876
5,09999,30,099999
5,65834,30,6583458860
5,56902,30,569029277
5,05211,30,0521130120
5,33367,30,3336736666
5,14949,30,1494902
5,50733,30,507333099
5,96795,30,96795550011
5,73655,30,736558757
5,44942,30,4494216
5,79608,30,79608688940
5,73455,30,73455122828
5,88010,30,8801004
5,13106,30,13106007152
5,44878,30,4487877284040
5,44165,30,441652653517
5,21800,30,218000000000
5,45408,30,4540873260
5,46706,30,46706909961
5,14348,30,1434888
5,44449,30,444491630059
5,39199,30,3919953
5,55699,30,556999183
5,66887,30,66887834384
5,44252,30,44252000
5,03424,30,03424011913
5,01058,30,010582
5,31920,30,319200
5,27285,30,272858525
5,25928,30,2592808168
5,69527,30,69527289
5,19857,30,198572
5,34563,30,3456378995
5,15980,30,15980638688
5,32775,30,327750904
5,15059,30,150590
5,07200,30,072009
5,36455,30,3645518
5,17127,30,171277
5,17523,30,17523748
5,88902,30,889026
5,89251,30,89251415111
5,28211,30,282112728
5,25033,30,2503343
5,51770,30,5177007
5,29397,30,2939787
5,18547,30,18547145044
5,89683,30,896836824
5,72073,30,7207373
5,38210,30,382107149
5,11397,30,1139784133
5,22990,30,229901
5,11328,30,113280555
5,53053,30,530533242
5,02003,30,020037
5,89119,30,89119341607
5,92172,30,9217262668
5,89280,30,89280485000
5,14119,30,1411990
5,29921,30,2992122
5,09301,30,09301400
5,21696,30,21696236565
5,17609,30,17609252919
5,45285,30,4528555344
5,47411,30,4741113555
5,33145,30,3314510
5,33500,30,335000
5,23018,30,230182
5,86656,30,866563681
5,86659,30,866598288162
5,51012,30,510120
5,53003,30,530031
5,06570,30,065700
5,86270,30,8627094271
5,21314,30,213145
5,06550,30,065500
5,36221,30,362211
5,35111,30,351111
5,32230,30,322300
5,23012,30,23012302
5,19851,30,19851217
5,53140,30,531400
5,22995,30,22995939393
5,63098,30,630989111112328
5,55741,30,557414779
5,23711,30,2371122
5,26437,30,264372804
5,29693,30,296939304
5,66090,30,66090304
5,26125,30,261259004
5,69449,30,69449404
5,64405,30,6440545050
5,34986,30,349866604
5,04606,30,046066688
5,28855,30,288558304
5,26614,30,266145104
5,34919,30,3491934
5,34821,30,348211904
5,29129,30,29129104
5,44115,30,4411522
5,64472,30,6447294050
5,38245,30,38245304
5,38112,30,38112604
5,34966,30,349666004
5,34819,30,3481941
5,39867,30,398671004
5,45253,30,4525390050
5,45662,30,45662004
5,44198,30,44198704
5,28562,30,285626204
5,33836,30,338369604
5,39846,30,398460604
5,38185,30,38185604
5,39497,30,3949777
5,65465,30,6546548050
5,62466,30,6246645050
5,64407,30,6440758050
5,28865,30,2886557
5,36955,30,36955504
5,39837,30,398377704
5,45322,30,45322193949845
5,38276,30,382764
5,04811,30,048110350
5,02813,30,028130000
5,77753,30,77753983083
5,02626,30,026264488
5,02658,30,026588000
5,03538,30,0353872508261
5,02413,30,024130000
5,02635,30,026354854
5,04558,30,045586396
5,34450,30,3445000
5,26322,30,263225204
5,91223,30,912232710209
5,21336,30,21336862060
5,04215,30,04215789
5,44184,30,441843843889
5,02550,30,025509922
5,35986,30,3598600
5,26446,30,264466204
5,33808,30,3380889
5,42119,30,4211908
5,36399,30,363990604
5,22409,30,2240941
5,04409,30,044090500
5,36065,30,360654604
5,36848,30,368485304
5,36844,30,368449204
5,44699,30,44699904
5,34948,30,349484404
5,44804,30,44804604
5,26723,30,2672317
5,06532,30,065328728
5,46875,30,4687512474
5,79147,30,79147561534
5,35252,30,352521819
5,04383,30,043838400
5,49392,30,493923
5,44885,30,44885604
5,36757,30,367578904
5,26221,30,262211404
5,26681,30,266812704
5,04812,30,048121100
5,34833,30,348330304
5,33810,30,338105104
5,43877,30,438774304
5,33824,30,338242604
5,39430,30,394300004
5,66474,30,66474704
5,28517,30,285175304
5,28764,30,287645004
5,29668,30,296683704
5,68681,30,68681604
5,49453,30,4945323
5,69847,30,69847904
5,26326,30,263263204
5,26112,30,261124104
5,36759,30,367592704
5,77087,30,7708714982
5,36180,30,361801604
5,88152,30,881522204
5,07335,30,0733520790
5,20918,30,2091888
5,22418,30,2241888
5,36968,30,3696888
5,32418,30,3241888
5,20758,30,2075888
5,12298,30,1229888
5,24738,30,2473888
5,14988,30,1498888
5,15478,30,1547888
5,25618,30,2561888
5,15618,30,1561888
5,25848,30,2584888
5,16068,30,1606888
5,92488,30,924888
5,15268,30,1526888
5,25348,30,2534888
5,27198,30,2719888
5,29578,30,2957888
5,22238,30,2223888
5,32368,30,3236888
5,42338,30,4233888
5,40598,30,4059888
5,51598,30,5159888
5,18438,30,1843888
5,27428,30,2742888
5,15404,30,15404290828
5,12738,30,1273888
5,12798,30,1279888
5,12908,30,1290888
5,20588,30,2058888
5,16988,30,1698888
5,20858,30,2085888
5,66216,30,66216567931
5,66088,29,66088340
5,33717,29,337175804
5,22092,29,220926
5,65569,29,65569983
5,15107,29,15107605884
5,50985,29,509853138
5,56252,29,562520088
5,33289,29,332898904
5,42031,29,420312104
5,34526,29,3452666
5,42881,29,42881046
5,36528,29,365280704
5,55941,29,559418517
5,29707,29,297079304
5,54545,29,5454545
5,11464,29,1146431111
5,55488,29,554888679
5,15911,29,15911101668
5,36515,29,3651586
5,88824,29,888248
5,66310,29,663106
5,39040,29,390402
5,56267,29,56267047
5,65651,29,6565188
5,34210,29,342105404
5,18616,29,18616123366
5,18904,29,1890417812
5,62999,29,62999911
5,44389,29,44389593
5,21264,29,212643561770
5,45287,29,4528737173
5,62699,29,6269992
5,34711,29,3471115938
5,27885,29,278858529
5,28168,29,2816848369
5,17323,29,17323979269
5,23489,29,234890000942
5,63933,29,639338154773
5,17025,29,17025415987
5,45256,29,4525632911
5,79180,29,79180248313
5,49898,29,4989895207
5,12066,29,12066190428
5,78778,29,787787422472
5,18174,29,18174431662
5,38069,29,380691719993
5,33587,29,3358765837
5,60164,29,60164673527
5,45232,29,4523222222
5,16124,29,16124269126
5,96651,29,9665123456
5,33675,29,33675499477
5,33647,29,33647233391
5,13132,29,13132651948
5,18632,29,1863258115
5,59996,29,59996605008
5,47950,29,4795006101
5,79607,29,7960798332
5,46004,29,460046709444839
5,32486,29,32486130009
5,56568,29,565688336
5,52616,29,526169999
5,52838,29,528388177
5,66092,29,660924109110
5,14507,29,14507504579
5,91920,29,919205107917
5,33781,29,33781244309
5,05501,29,0550155249
5,49508,29,4950868
5,61662,29,6166233
5,32169,29,3216955877
5,33412,29,3341270417
5,31193,29,3119302179
5,34020,29,3402068006
5,33227,29,3322718903
5,05857,29,0585767680
5,65112,29,651122574
5,18032,29,18032415196
5,79260,29,7926020168
5,87950,29,8795085
5,87927,29,8792783
5,88481,29,8848198
5,88731,29,8873168
5,61312,29,6131288
5,42680,29,4268016
5,34414,29,3441445
5,55605,29,556053033
5,22232,29,22232353557
5,27727,29,27727862247
5,79101,29,79101707333
5,07944,29,07944501162
5,02222,29,0222220
5,22666,29,2266633
5,92477,29,92477427
5,13054,29,13054440238
5,88376,29,883768
5,41580,29,41580046516
5,24226,29,2422621
5,56951,29,569510912
5,65641,29,65641330
5,78353,29,783532707824
5,48184,29,48184941
5,50814,29,508148510
5,52564,29,525646904
5,55799,29,5579908
5,56244,29,562449769
5,22051,29,22051960
5,34827,29,348274704
5,79214,29,79214164855
5,88451,29,884513104
5,96539,29,9653989172
5,34048,29,3404873567
5,56165,29,561659737
5,96608,29,9660800
5,34520,29,3452057910
5,33497,29,3349784828
5,10897,29,108975
5,77965,29,7796543215
5,37632,29,376321650
5,44733,29,447333993
5,44549,29,44549848
5,50716,29,507161410
5,43624,29,43624046
5,52869,29,528691629
5,32360,29,323600
5,20302,29,2030210002
5,21220,29,212200
5,35040,29,350400
5,86508,29,8650802850
5,58583,29,585837411
5,52178,29,521780008
5,52753,29,527531444
5,53869,29,538692652
5,54162,29,541624458
5,22966,29,22966569337
5,55445,29,554453637
5,67381,29,6738149222
5,26605,29,266050304
5,28833,29,288332204
5,16108,29,16108830560
5,64477,29,6447750050
5,44668,29,44668208
5,65423,29,6542333050
5,26428,29,264282804
5,64007,29,64007004
5,33178,29,331781104
5,34218,29,342180004
5,65610,29,6561003050
5,88288,29,882881206
5,36849,29,3684922
5,61423,28,61423276668
5,19192,28,19192558279
5,80319,28,8031908298
5,35808,28,35808124749431
5,22796,28,22796077171
5,80607,28,8060755857
5,81100,28,8110000000
5,70200,28,7020000000
5,80700,28,8070000000
5,70659,28,7065949183
5,80648,28,8064880093
5,80649,28,8064934021
5,80337,28,8033750536
5,81663,28,8166327916
5,81747,28,8174701694
5,81652,28,8165299097
5,80373,28,8037369474
5,81627,28,8162735178
5,70660,28,7066039655
5,66632,28,66632233
5,97555,28,97555814415
5,19726,28,19726853461
5,91620,28,916205161388
5,42957,28,42957771
5,56256,28,562567209
5,50002,28,500022030
5,50010,28,500100986
5,15085,28,15085582455
5,26009,28,2600979560530
5,43974,28,43974464
5,44528,28,44528118
5,43944,28,43944678
5,55487,28,554873265
5,42718,28,42718077
5,42692,28,42692788
5,44402,28,44402100
5,44236,28,44236419
5,43747,28,43747218
5,42349,28,42349243
5,50016,28,500160511
5,43605,28,43605799
5,43438,28,43438325
5,42131,28,42131716
5,55616,28,556160147
5,25428,28,2542888044
5,43385,28,43385567
5,41078,28,410786534061
5,٠٥٠٦٨,28,٠٥٠٦٨٦٠٩٩٠
5,17946,28,1794600
5,69133,28,6913333
5,55634,28,556344123
5,19762,28,197622
5,13717,28,13717829062
5,13150,28,131501
5,05218,28,0521882385
5,62121,28,6212122
5,62462,28,62462547
5,62491,28,62491914
5,62902,28,62902306
5,66589,28,6658990
5,66668,28,66668989
5,03229,28,03229211234
5,35088,28,350888000
5,21532,28,215321
5,11992,28,1199223
5,84100,28,841000
5,51818,28,5181802
5,06741,28,067418568
5,71501,28,71501520222009
5,08716,28,08716977004478
5,47596,28,47596438730044
5,33532,28,3353298
5,13147,28,1314780016
5,30185,28,3018524993
5,92743,28,9274381
5,86266,28,8626605328
5,65105,28,65105100
5,42662,28,42662921
5,33127,28,3312735
5,44238,28,44238300
5,42668,28,42668918
5,44312,28,44312165
5,43356,28,43356722
5,48878,28,48878005
5,45815,28,4581545
5,18058,28,1805820292
5,16128,28,16128603623
5,66892,28,66892022023
5,79183,28,79183001557
5,79819,28,79819828944
5,13322,28,13322016616
5,25505,28,25505411286
5,64770,28,647707680
5,78110,28,7811000000
5,84750,28,8475053275
5,91022,28,9102249578
5,90905,28,90905054309147
5,45301,28,4530115531
5,44001,28,440012044078926
5,25506,28,2550679657733
5,11816,28,118167858326
5,22522,28,225222120899
5,38038,28,380380673502651
5,61408,28,61408999905
5,56798,28,567984312
5,56786,28,567863668
5,56203,28,562036888
5,56108,28,561089696
5,55847,28,558476956
5,55593,28,555938928
5,55320,28,553207662
5,55189,28,551895227
5,52766,28,527664668
5,52166,28,521669881
5,50936,28,509363483
5,50601,28,506010715
5,50048,28,500488619
5,55460,28,554605001
5,52521,28,525218088
5,55406,28,554063121
5,65836,28,6583684637
5,86869,28,8686906869
5,06254,28,0625445
5,33360,28,3336056099
5,34125,28,3412561115
5,30723,28,3072371994
5,33386,28,3338666706
5,33446,28,3344638846
5,30521,28,3052145392
5,33132,28,3313284142
5,32333,28,3233369548
5,31392,28,3139257602
5,30632,28,3063200070
5,03239,28,03239911110
5,33571,28,3357192292
5,32082,28,3208226275
5,33239,28,3323927729
5,30231,28,3023115723
5,31225,28,3122553835
5,30820,28,3082038004
5,34731,28,3473198338
5,30422,28,3042211610
5,30628,28,3062800082
5,19865,28,1986585725
5,42014,28,42014534
5,56833,28,56833818
5,50372,28,503728178
5,27061,28,270614007914
5,08600,28,086000000
5,13962,28,13962515929
5,28612,28,2861287751
5,13932,28,13932199
5,15701,28,15701303783
5,12529,28,1252918041
5,34056,28,34056013
5,62451,28,6245115
5,57777,28,5777777
5,16284,28,16284449991
5,56462,28,564624313
5,44332,28,4433220
5,56229,28,562293648
5,55636,28,55636730
5,01544,28,01544869537
5,02011,28,0201111492932
5,54265,28,542659326
5,11176,28,111763024
5,52996,28,529962898
5,30048,28,3004821910
5,58971,28,589711655
5,52640,28,526405571
5,78681,28,786819
5,44216,28,44216613
5,43950,28,43950060
5,42607,28,4260789
5,55152,28,551529539
5,79992,28,79992034704
5,42242,28,42242230
5,79199,28,79199578883
5,31960,28,3196002
5,74429,28,7442941764
5,77212,28,77212746945
5,78214,28,78214425177
5,98522,28,9852229000
5,03216,28,03216630992
5,45223,28,4522322269
5,65416,28,65416546
5,73400,28,73400000000
5,44518,28,44518040
5,15296,28,1529654582
5,42329,28,42329099
5,24451,28,24451723
5,43599,28,43599797
5,43419,28,43419910
5,77918,28,77918407779
5,44579,28,44579102
5,34568,28,3456839
5,34912,28,3491276
5,91863,28,918630585975
5,43491,28,43491151
5,54387,28,543872626
5,33300,28,33300024
5,95688,28,956888
5,54250,28,542506070
5,27313,28,27313071386
5,09051,28,0905175696
5,66234,28,66234968
5,43808,28,43808707
5,43994,28,43994937
5,44567,28,44567788567
5,25658,28,256582390
5,64215,28,6421531834
5,48791,28,48791560404
5,51038,28,510380
5,57100,28,5710043
5,43170,28,431700
5,57110,28,571100
5,53300,28,533000
5,61020,28,610200
5,36210,28,362100
5,22210,28,222100
5,86478,28,864788819161
5,23228,28,232282
5,55002,28,550025
5,40540,28,405404
5,11420,28,114200
5,84400,28,844000
5,86867,28,8686729331
5,32561,28,325615
5,52386,28,523869
5,86680,28,8668098846
5,36232,28,362324362324
5,86250,28,862505718892
5,86630,28,8663013355251
5,06255,28,062550
5,22450,28,224500
5,40112,28,401121
5,42200,28,422000
5,66819,28,6681982
5,26560,28,265600
5,86184,28,86184857388
5,72300,28,723000
5,22470,28,224700
5,86643,28,8664386125
5,36213,28,362131
5,86863,28,86863897251
5,31752,28,317525
5,52387,28,523876
5,21403,28,214037
5,07500,28,075000
5,11016,28,110161
5,30190,28,301900
5,31546,28,315466
5,22560,28,225600
5,22570,28,225700
5,86259,28,862590040
5,06520,28,065201
5,41012,28,410128
5,36201,28,362011
5,40088,28,4008806688
5,26250,28,262500
5,22420,28,224200
5,51041,28,510410
5,51400,28,514000
5,86112,28,86112233445
5,86264,28,8626419999
5,86542,28,8654254481
5,32000,28,320002
5,51134,28,511340
5,16371,28,163712
5,05310,28,053100
5,86995,28,869958391596
5,36678,28,366788
5,86623,28,8662322277
5,86890,28,8689014102
5,26300,28,263000
5,13208,28,132083
5,86567,28,8656776164
5,12168,28,1216888
5,86919,28,869197189283
5,86840,28,8684061523
5,86483,28,864838223364
5,26611,28,266111
5,65150,28,651506
5,86930,28,869306289093
5,86723,28,8672383157
5,86646,28,8664669699
5,11320,28,113202
5,86229,28,86229064055
5,12868,28,1286811
5,86547,28,8654786104715
5,86640,28,8664028674
5,27160,28,271600
5,40257,28,402574
5,55510,28,555100321
5,05917,28,0591705554
5,05811,28,0581171993
5,05386,28,0538692652
5,07863,28,07863007779
5,05464,28,0546491273
5,38633,28,38633345566
5,30175,28,3017589747
5,30432,28,3043202736
5,52206,28,522066767
5,18033,28,18033384608
5,27748,28,27748633683
5,٠٥٥٦٤,28,٠٥٥٦٤٧١٩٣٧
5,02679,28,026792700
5,52254,28,522540433
5,64504,28,6450406
5,28778,28,2877808050
5,62220,28,622201002
5,45190,28,45190004
5,34222,28,3422278
5,08326,28,08326116
5,64599,28,6459934050
5,49555,28,49555704
5,38314,28,383145
5,09659,28,096599788660
5,79280,28,79280527030
5,36843,28,368435204
5,36899,28,368994304
5,17264,28,172647796
5,79284,28,79284259480
5,39474,28,394748304
5,28866,28,288667704
5,26138,28,2613830
5,26148,28,261485604
5,20348,28,2034868800
5,31718,28,31718104
5,21278,28,2127888
5,34228,28,3422888
5,19258,28,1925888
5,20598,28,2059888
5,36998,28,3699888
5,20448,28,2044888
5,20568,28,2056888
5,29038,28,2903888
5,15908,28,1590888
5,15998,28,1599888
5,29328,28,2932888
5,25018,28,2501888
5,24798,28,2479888
5,11908,28,1190888
5,95788,28,957888
5,18348,28,1834888
5,14208,28,1420888
5,10128,28,1012888
5,45544,28,4554493
5,12008,28,1200888
5,14728,28,1472888
5,14758,28,1475888
5,10258,28,1025888
5,18708,28,1870888
5,25758,28,2575888
5,14868,28,1486888
5,25808,28,2580888
5,18778,28,1877888
5,18718,28,1871888
5,23958,28,2395888
5,10858,28,1085888
5,10898,28,1089888
5,11098,28,1109888
5,11188,28,1118888
5,11238,28,1123888
5,32298,28,3229888
5,28038,28,2803888
5,25528,28,2552888
5,27648,28,2764888
5,28408,28,2840888
5,11128,28,1112888
5,27918,28,2791888
5,26578,28,2657888
5,24208,28,2420888
5,19648,28,1964888
5,29878,28,2987888
5,30208,28,3020888
5,07609,28,0760999103
5,79221,28,79221633303
5,47082,28,47082560
5,26938,28,2693888
5,79270,28,79270705705
5,32778,28,3277888
5,32208,28,3220888
5,18028,28,1802888
5,10418,28,1041888
5,01204,28,01204654603
5,01113,28,01113141031
5,14218,28,1421888
5,23428,28,2342888
5,20218,28,2021888
5,20368,28,2036888
5,13518,28,1351888
5,20408,28,2040888
5,18508,28,1850888
5,12848,28,1284888
5,21438,28,2143888
5,22068,28,2206888
5,79777,27,797771750
5,94927,27,9492774976
5,21046,27,210463
5,44335,27,4433544
5,79029,27,79029902875
5,44816,27,44816574
5,88242,27,8824268
5,37088,27,370880455505
5,63939,27,639393738843
5,48696,27,48696455122
5,34652,27,34652081760
5,13212,27,13212113993
5,13321,27,13321117706
5,66990,27,66990349697
5,56434,27,564342626
5,54445,27,544458210
5,19730,27,197305
5,23939,27,2393905
5,15207,27,1520710
5,35858,27,3585812
5,34602,27,3460222
5,96681,27,9668149843529
5,17022,27,17022341169
5,18472,27,18472877736
5,40746,27,40746858074
5,40732,27,40732000003
5,80553,27,8055334042
5,79108,27,79108600075
5,77769,27,77769988444
5,66613,27,66613697556
5,79870,27,7987001110102
5,31682,27,31682283379
5,31634,27,31634105633
5,55785,27,557856056
5,52630,27,526305777
5,54138,27,541384563
5,60603,27,606034
5,30730,27,307307
5,99988,27,999888
5,94768,27,94768795354
5,91874,27,918745000088
5,34775,27,3477597717
5,63948,27,639486623415
5,18613,27,18613719675
5,20031,27,2003132019
5,87688,27,87688649457
5,60173,27,60173662335
5,46735,27,46735271774
5,37788,27,37788404
5,06746,27,067461751
5,77507,27,77507799303
5,77232,27,77232242163
5,37253,27,37253483693
5,75012,27,7501241000
5,79297,27,79297048785
5,96664,27,966648470
5,50977,27,509776560
5,48533,27,48533551955
5,44505,27,44505852116
5,96558,27,965589659984
5,16049,27,16049265123
5,36751,27,367516604
5,44871,27,448712262135
5,50264,27,502644059
5,44135,27,441353741482
5,44573,27,44573890835
5,44145,27,441454612969
5,55727,27,557275588
5,36753,27,367538304
5,27140,27,271407604
5,16147,27,16147479598
5,17561,27,175618289
5,23733,27,23733420965
5,22383,27,223834
5,35158,27,3515887
5,34449,27,3444954478
5,96101,27,96101566751
5,25196,27,251960050505
5,22622,27,2262271
5,19169,27,19169190451
5,26998,27,269981104
5,39808,27,398086504
5,39455,27,3945545
5,34777,27,3477765
5,02667,27,026677800
5,07228,27,072282223
5,13104,27,13104303534
5,36141,27,3614176
5,36093,27,3609374
5,28958,27,289589404
5,28218,27,282182104
5,38886,27,38886106
5,38188,27,38188704
5,38718,27,38718304
5,66213,27,66213604
5,34918,27,349183704
5,31955,27,31955904
5,91739,26,917399700027
5,55139,26,5513991230710
5,20088,26,2008812
5,66800,26,66800933
5,90098,26,90098301
5,92222,26,92222781861
5,51843,26,5184371
5,85654,26,8565445
5,55269,26,552693944
5,56990,26,569901199
5,45312,26,4531259598
5,96714,26,9671441165
5,91452,26,914522700700
5,77222,26,7722295
5,12499,26,12499960011
5,52743,26,527430762
5,43714,26,43714977
5,26920,26,26920567
5,55424,26,554240284
5,56735,26,567351992
5,56687,26,566879066
5,52984,26,529844055
5,56768,26,567687788
5,55684,26,55684379
5,56004,26,56004061
5,55806,26,558060362
5,36837,26,368378604
5,15133,26,15133369794
5,41744,26,4174400
5,66523,26,6652323
5,33718,26,337184804
5,55290,26,552901014
5,33189,26,331899904
5,55429,26,554294414
5,88805,26,8880539
5,08011,26,08011986
5,33789,26,33789223770
5,22391,26,223918304
5,35305,26,3530582881929
5,26373,26,263733512444
5,55165,26,551653920
5,55203,26,552036622
5,77981,26,7798186956
5,13710,26,13710000090
5,18573,26,18573308254
5,18505,26,18505469955
5,13380,26,13380339199
5,15660,26,15660008686
5,13945,26,13945598997
5,13164,26,13164296420
5,13303,26,13303523518
5,13507,26,13507160787
5,13938,26,13938908329
5,71061,26,710611474
5,80180,26,801800
5,55282,26,552826116
5,56591,26,565911429
5,91078,26,9107838080243
5,47221,26,4722101
5,42868,26,42868900
5,42954,26,42954778
5,55478,26,554784880
5,13351,26,1335118176
5,58408,26,58408799
5,39398,26,3939856
5,13814,26,1381453079
5,43378,26,43378822
5,37188,26,3718890965
5,35380,26,3538098012
5,13848,26,13848274444
5,13025,26,13025258213
5,47101,26,471010101010
5,15128,26,15128039869
5,12676,26,126767717
5,79306,26,7930661074
5,27632,26,2763277724
5,23279,26,23279560000
5,94758,26,94758606374
5,94766,26,94766828889
5,33067,26,330677101213
5,99292,26,992927740909
5,11858,26,118582109888
5,79296,26,79296325500
5,91637,26,916377386165
5,48579,26,48579285826
5,32472,26,32472026060
5,25625,26,256256784629068
5,34639,26,3463978379
5,41004,26,410041789300032
5,32003,26,32003247573777
5,77005,26,77005257777
5,77962,26,779628149090
5,56200,26,562003000
5,56367,26,563676913
5,56138,26,561381888
5,55946,26,559460888
5,55856,26,558568842
5,55818,26,558188780
5,56747,26,567473765
5,55302,26,553026299
5,54440,26,544409857
5,52890,26,528902736
5,52618,26,526188186
5,52588,26,525886715
5,50996,26,509965576
5,50838,26,508382866
5,50335,26,503354169
5,50173,26,501731070
5,55864,26,558649863
5,55395,26,553958832
5,52944,26,529449522
5,50313,26,503131282
5,54329,26,543293293
5,55734,26,557342265
5,55373,26,553733714
5,56144,26,561449569
5,56916,26,569165502
5,16037,26,16037994336
5,96455,26,96455999
5,27847,26,27847860698
5,59400,26,594000727
5,05227,26,0522735959
5,22504,26,22504020100
5,96640,26,966409954422
5,73675,26,7367505
5,59023,26,5902329
5,28469,26,284694
5,55459,26,5545999140940
5,22061,26,22061983
5,12212,26,122128
5,30052,26,3005255086
5,32226,26,3222687198
5,33129,26,3312921666
5,33347,26,3334757775
5,52014,26,520145
5,31929,26,3192938
5,17688,26,17688833317
5,64188,26,6418800
5,05321,26,0532136502
5,38997,26,389974758
5,56435,26,564357846
5,62640,26,626406222
5,15858,26,1585847171
5,44459,26,444594
5,88682,26,8868269
5,65154,26,6515448
5,34915,26,3491559
5,27261,26,272613304
5,07879,26,07879642381
5,78121,26,7812141250
5,51780,26,5178039528
5,96194,26,9619430306
5,62089,26,6208989889998
5,60125,26,60125886261
5,06564,26,065641330
5,72727,26,7272736629
5,03752,26,0375296100384
5,90588,26,9058885
5,06502,26,065029003
5,98121,26,981212243885
5,22163,26,2216389598
5,55742,26,557429395
5,55826,26,558262894
5,96646,26,96646000386
5,01213,26,01213314717
5,44313,26,4431312
5,19543,26,19543416979
5,63563,26,6356362
5,64251,26,642510002
5,13013,26,13013888
5,88685,26,8868529
5,37200,26,37200000000
5,45096,26,45096851
5,34425,26,3442546
5,22124,26,221241
5,79229,26,79229449999
5,55869,26,558697000
5,53531,26,535310
5,05859,26,0585958328
5,73519,26,73519006947
5,21661,26,2166122
5,91545,26,9154539041
5,34034,26,340340004
5,64513,26,6451379
5,34977,26,34977208196
5,39039,26,39039880773
5,98312,26,983125213912
5,37322,26,37322404942
5,32106,26,3210657537
5,55663,26,556634745
5,02205,26,022054260
5,47976,26,4797688076
5,92667,26,926677402
5,42488,26,4248800
5,65396,26,65396430
5,14018,26,1401888
5,15195,26,15195012138
5,32189,26,3218940992
5,96331,26,963315712431
5,44520,26,445200852
5,44466,26,444669690
5,79733,26,7973387342
5,79895,26,7989578092
5,44517,26,44517974503
5,12021,26,12021984
5,44261,26,442611399
5,44968,26,449689435805
5,13228,26,1322865225
5,13052,26,13052139759
5,43888,26,43888500
5,20998,26,2099859401
5,65990,26,65990850242
5,96199,26,9619937454
5,26647,26,26647243
5,19292,26,19292170035
5,10021,26,10021004
5,22511,26,225111
5,27604,26,276041
5,27316,26,273165
5,10072,26,100726
5,86645,26,8664528613
5,16888,26,168888
5,27150,26,271500
5,26150,26,261505
5,06302,26,063020
5,34240,26,342400
5,31513,26,315130
5,27620,26,276200
5,04043,26,0404350003
5,52301,26,523012
5,21052,26,2105200235
5,35028,26,350286
5,34559,26,3455911911
5,34805,26,3480559569
5,54000,26,540006888
5,88979,26,8897984
5,64563,26,6456315
5,63259,26,632594602
5,34427,26,344271004
5,03721,26,037210988
5,19860,26,19860510
5,38268,26,38268704
5,33158,26,331586704
5,20888,26,208880004
5,79152,26,79152162544
5,39471,26,394717804
5,78622,26,78622640894
5,33144,26,331444404
5,02631,26,026311945
5,04478,26,044787704906
5,39982,26,39982681
5,34978,26,349787204
5,06508,26,065088888
5,65649,26,6564917161
5,85259,26,8525939
5,27208,26,272080104
5,47593,26,475933888
5,34778,26,347781604
5,82234,26,8223456050
5,23658,26,236588807
5,34748,26,3474888
5,48504,26,48504411933
5,31638,26,3163888
5,14978,26,1497888
5,31758,26,3175888
5,16738,26,1673888
5,31878,26,3187888
5,16798,26,1679888
5,16828,26,1682888
5,14708,26,1470888
5,24388,26,2438888
5,14768,26,1476888
5,24828,26,2482888
5,24618,26,2461888
5,15098,26,1509888
5,23978,26,2397888
5,25088,26,2508888
5,25318,26,2531888
5,25408,26,2540888
5,13388,26,1338888
5,24928,26,2492888
5,37238,26,3723888
5,25548,26,2554888
5,32438,26,3243888
5,13178,26,1317888
5,21608,26,2160888
5,31908,26,3190888
5,16568,26,1656888
5,92588,26,925888
5,12258,26,1225888
5,21318,26,2131888
5,13358,26,1335888
5,13568,26,1356888
5,12728,26,1272888
5,13068,26,1306888
5,16648,26,1664888
5,77027,26,77027310040
5,16948,26,1694888
5,12418,26,1241888
5,16908,26,1690888
5,17548,26,1754888
5,66219,26,66219336328
5,93396,25,93396854
5,91731,25,917310926188
5,12340,25,123400
5,22661,25,226616204
5,36196,25,3619638
5,30100,25,3010000000
5,18043,25,18043176555
5,41182,25,411829398
5,18621,25,18621180576
5,34941,25,34941043
5,98955,25,9895578
5,34838,25,3483896
5,20466,25,2046688
5,95480,25,9548017
5,85791,25,8579168
5,69548,25,6954822
5,64475,25,6447595
5,62561,25,6256187
5,62521,25,6252168
5,62492,25,6249235
5,48840,25,48840458
5,65268,25,65268199
5,18653,25,1865311785
5,98882,25,9888252
5,13852,25,1385203990
5,86037,25,86037155151066
5,38054,25,3805404565
5,62768,25,6276808
5,42823,25,42823171
5,44547,25,44547444
5,74234,25,7423410
5,27362,25,2736298
5,65330,25,65330889
5,42227,25,42227171
5,43695,25,43695693
5,88373,25,883733404
5,74375,25,7437577
5,64285,25,642853502
5,33217,25,3321717
5,88122,25,8812222
5,86932,25,86932314542
5,65450,25,6545097215
5,18198,25,1819829
5,94173,25,94173910
5,85198,25,8519870742
5,35222,25,3522224567
5,14805,25,14805285663
5,62842,25,628424462
5,65941,25,659414855
5,61676,25,616764359
5,79311,25,7931112433
5,47912,25,4791260416
5,13476,25,13476810320
5,31640,25,3164088106
5,37444,25,37444003000
5,22372,25,22372605156
5,18132,25,18132032933
5,77781,25,77781562273
5,48782,25,48782375127
5,77782,25,77782573631
5,79154,25,79154940595
5,79686,25,79686630333
5,78702,25,787023228222
5,19524,25,19524541658
5,33753,25,33753942202
5,22390,25,22390436828
5,56526,25,565265527
5,55676,25,556764549
5,55562,25,555629618
5,50968,25,509681386
5,52912,25,529120987
5,66944,25,66944411930
5,14158,25,14158507998
5,41689,25,4168997194
5,20062,25,20062007
5,79569,25,7956985987
5,22556,25,22556402021
5,33399,25,3339977368
5,33230,25,3323034241
5,05812,25,0581254416
5,82235,25,82235951247
5,88663,25,8866318
5,88659,25,8865951
5,88657,25,8865741
5,58648,25,586485433
5,06170,25,06170617
5,19626,25,196269
5,55863,25,558639539
5,58761,25,587614238
5,50120,25,501200931
5,85200,25,85200000000
5,60073,25,6007383
5,15095,25,1509514539
5,14187,25,14187000416
5,79312,25,79312959619
5,56544,25,5654447
5,27133,25,2713333
5,04179,25,041794373553
5,09201,25,092015
5,55398,25,553985544
5,02630,25,02630772905701
5,97020,25,9702001012
5,03589,25,0358912028100
5,23332,25,2333277353001
5,97052,25,970527000066
5,99887,25,9988776655
5,25821,25,25821498398
5,65780,25,6578029
5,20971,25,209710704
5,47305,25,4730585
5,34619,25,34619279626
5,36318,25,363184828
5,74644,25,74644275
5,75877,25,7587748627
5,56121,25,561219590
5,79195,25,79195153953
5,75091,25,7509161656
5,75773,25,7577337505
5,95669,25,9566943539
5,56545,25,565454900
5,44181,25,441812290692
5,57614,25,57614005
5,56824,25,568240892
5,34626,25,34626287731
5,33588,25,3358885
5,87136,25,8713616
5,45435,25,4543545403
5,27278,25,272783777
5,27146,25,271466
5,44590,25,44590092703
5,77916,25,7791697944
5,23059,25,23059603990
5,07796,25,07796543215
5,56134,25,561346993
5,44574,25,4457433382
5,53920,25,539203335
5,42120,25,421200052
5,22130,25,221300
5,96633,25,966333
5,31561,25,315613
5,21444,25,214445
5,25020,25,250200
5,25641,25,256411
5,26520,25,265200
5,43298,25,4329828
5,44311,25,443111
5,10102,25,1010200063
5,33199,25,3319999111
5,32163,25,3216302929
5,21343,25,2134311172
5,30629,25,3062962516
5,63590,25,6359022
5,29273,25,2927338
5,34285,25,3428508
5,24706,25,2470657
5,32355,25,3235567
5,10964,25,109647504450243
5,63044,25,630447404447637
5,64112,25,6411217
5,56481,25,564810783
5,20084,25,2008448
5,81111,25,8111189
5,50517,25,505177156
5,26844,25,268444404
5,66496,25,66496004
5,66309,25,66309604
5,45252,25,4525225050
5,69614,25,69614904
5,26676,25,266760604
5,26259,25,262599504
5,26211,25,262113604
5,69590,25,69590904
5,34480,25,344802404
5,33829,25,338291804
5,26617,25,266174404
5,26930,25,269308004
5,28509,25,285096004
5,28750,25,287506604
5,33394,25,333944104
5,26228,25,262283004
5,62369,25,62369504
5,26264,25,262643404
5,26632,25,266320804
5,26949,25,269495404
5,25813,25,258132704
5,26421,25,2642171
5,58754,25,5875467
5,28701,25,287010304
5,44959,25,449595
5,45177,25,4517711050
5,45161,25,45161804
5,63197,25,631977902
5,34905,25,349052704
5,45328,25,45328804
5,28849,25,288494404
5,34955,25,349559904
5,28586,25,285868004
5,33453,25,334532104
5,44429,25,44429704
5,34446,25,344469604
5,44221,25,44221304
5,36076,25,360767
5,39558,25,395588504
5,28950,25,289508004
5,28597,25,285974704
5,03123,25,031234567
5,31565,25,31565604
5,39853,25,398539404
5,39841,25,3984100
5,38488,25,38488904
5,33291,25,332911004
5,36096,25,360966204
5,34024,25,340246504
5,33876,25,338763804
5,34886,25,348868804
5,39893,25,398939704
5,38341,25,38341404
5,33137,25,331371904
5,38195,25,38195704
5,34872,25,348728204
5,64474,25,6447445050
5,49466,25,49466304
5,64411,25,6441165050
5,64421,25,6442144050
5,34555,25,345555604
5,39886,25,3988696
5,65490,25,6549066050
5,38299,25,38299304
5,33143,25,331431804
5,65848,25,6584887050
5,33814,25,338143304
5,35137,25,351376804
5,64499,25,6449952050
5,26901,25,2690154
5,04802,25,048023686
5,02505,25,025057510
5,98652,25,986522329889
5,06599,25,065999310
5,88031,25,88031656044
5,02511,25,025110000
5,05691,25,0569115678
5,04551,25,045514970
5,27333,25,27333878635
5,98111,25,98111712233
5,02639,25,026394396
5,97043,25,97043607144
5,03534,25,0353419823155
5,96578,25,9657856083
5,39058,25,390587606089
5,98171,25,981712341184
5,28516,25,285169004
5,17036,25,17036228567
5,36146,25,361468504
5,04654,25,046540902
5,04555,25,045552154
5,39457,25,394576504
5,06567,25,065671861
5,04562,25,045623478
5,04233,25,042334000
5,22366,25,223665104
5,04154,25,04154454
5,36290,25,3629078
5,06548,25,065486544
5,36145,25,361450604
5,34845,25,348456604
5,36827,25,368274704
5,39469,25,394691304
5,36833,25,3683345
5,39208,25,392082533
5,64465,25,6446505050
5,22155,25,22155904
5,34494,25,344948704
5,39431,25,3943113
5,64555,25,6455503050
5,20518,25,205187766
5,35344,25,3534456602
5,17608,25,17608011301
5,14098,25,1409804138
5,24058,25,2405842
5,37173,25,3717323543
5,45594,25,45594604
5,28513,25,285130804
5,33889,25,338896604
5,36147,25,36147404
5,34800,25,348006904
5,38328,25,38328304
5,36748,25,367488504
5,26343,25,263430304
5,62808,25,6280868050
5,62977,25,62977204
5,39415,25,394155504
5,49548,25,495488
5,34844,25,348443304
5,24948,25,249483522533
5,64425,25,6442525050
5,28966,25,289660004
5,34810,25,348103804
5,39855,25,398552104
5,28845,25,288450504
5,21988,25,21988202
5,28767,25,287676804
5,28924,25,2892487
5,26911,25,2691172
5,44045,25,44045104
5,26443,25,264436604
5,88306,25,88306804
5,26479,25,264791004
5,28875,25,288759904
5,26615,25,266150404
5,26488,25,264886404
5,28148,25,28148804
5,20107,25,201077
5,25498,25,25498904
5,85990,25,85990404
5,35213,25,3521331
5,36184,25,3618487
5,36834,25,368344204
5,31260,25,31260604
5,20338,25,203387004
5,16052,25,16052017
5,91911,24,919119112112
5,35968,24,359689793
5,17607,24,17607107066
5,64501,24,6450190
5,91002,24,91002222
5,97321,24,9732181263
5,50278,24,502788129
5,50820,24,508207366
5,91471,24,914716614300
5,55314,24,553143393
5,50802,24,508022022
5,43321,24,43321118
5,97300,24,9730096596697
5,22573,24,225738
5,56906,24,569063333
5,27218,24,27218555258
5,43916,24,43916191
5,56337,24,563375151
5,55873,24,558736228
5,42496,24,42496300
5,72613,24,72613370
5,43652,24,43652900
5,43528,24,43528544
5,43614,24,43614003
5,92647,24,926479968442
5,43962,24,43962884
5,21345,24,2134531195555
5,19661,24,196619714
5,43721,24,43721175
5,56739,24,567392850
5,50012,24,500122012
5,43379,24,43379525
5,55170,24,551701640
5,96649,24,9664959239
5,43521,24,43521388
5,42856,24,42856595
5,09873,24,09873335399
5,35845,24,358458084880
5,98737,24,9873706308
5,77093,24,770939519
5,41610,24,41610148
5,41613,24,41613344
5,56008,24,56008424
5,28472,24,284721
5,52448,24,524489146
5,18255,24,18255160860
5,13315,24,13315323535
5,12230,24,122302
5,10361,24,1036112251
5,55404,24,554049987
5,52913,24,529133335
5,56602,24,566023967
5,27340,24,273401
5,23301,24,23301056
5,52653,24,526538146
5,52215,24,522156178
5,41313,24,4131301
5,36464,24,3646403
5,36868,24,3686806
5,29438,24,2943888
5,57615,24,576154427985761
5,13770,24,137703711670506
5,01288,24,012885229122189
5,59134,24,591348520502245
5,36586,24,3658686
5,42369,24,42369978
5,67488,24,67488980
5,43333,24,43333887
5,42270,24,42270354
5,64459,24,6445909
5,62453,24,6245306
5,46140,24,4614002
5,39119,24,3911905229
5,14435,24,1443568
5,88613,24,88613923715581
5,68169,24,6816945
5,44430,24,44430268
5,43250,24,43250090
5,22733,24,227338704
5,22417,24,2241754
5,34566,24,3456618
5,81355,24,81355375883
5,34714,24,3471430
5,13392,24,1339292667
5,55079,24,5507999999
5,18566,24,1856623256
5,13822,24,1382235163
5,13760,24,1376016218
5,18866,24,1886615688
5,13341,24,1334112889
5,88188,24,8818887788
5,36012,24,3601289046
5,13560,24,1356026075
5,13809,24,13809940906
5,76334,24,763349805
5,16819,24,1681976555
5,18961,24,1896168616
5,21511,24,2151188088
5,13133,24,13133476334
5,40743,24,40743078374
5,27740,24,27740190544
5,98800,24,988000000000
5,40748,24,40748499550
5,17073,24,17073335412
5,12360,24,123602266
5,91270,24,9127067634
5,33498,24,3349896396
5,76946,24,769469125
5,80789,24,8078900000
5,58689,24,58689286
5,80984,24,8098442498
5,92516,24,92516958
5,99012,24,99012773
5,80374,24,8037478414
5,60067,24,60067606
5,98909,24,9890904668
5,79401,24,7940147237
5,77882,24,778823904
5,76062,24,7606278
5,98022,24,98022892
5,96842,24,9684237944
5,88603,24,8860377915
5,90042,24,9004295176
5,22256,24,2225678596
5,78371,24,7837106688
5,75111,24,7511188879
5,42436,24,4243638270
5,76212,24,762120623
5,62134,24,621344644
5,60116,24,601169634657
5,72315,24,723150774
5,95103,24,95103565
5,27733,24,27733257258
5,95557,24,95557622
5,75007,24,7500712433
5,75959,24,7595904132
5,75158,24,7515818292
5,32774,24,3277473124
5,99752,24,99752609
5,16939,24,169398888
5,41451,24,4145139287
5,96768,24,967685392
5,80861,24,8086101149
5,91234,24,912349381
5,79907,24,7990715777
5,78029,24,7802974859
5,70028,24,700286461
5,40171,24,401719367
5,91899,24,918999497788
5,14717,24,147178162
5,22377,24,22377823612
5,50007,24,50007023
5,33604,24,33604616242
5,79898,24,79898962995
5,88015,24,88015662622
5,10033,24,100334455445
5,96159,24,961591639
5,59176,24,59176264499
5,57321,24,573212266370
5,44828,24,44828602059
5,79324,24,79324730438
5,34632,24,34632076544
5,15592,24,15592874064
5,25579,24,255793836080
5,90431,24,9043110571
5,12562,24,12562278351
5,24162,24,2416250291
5,96810,24,9681010101010
5,47482,24,4748248429
5,13037,24,13037630909
5,92231,24,922318433387
5,16029,24,16029188301
5,14809,24,14809079660
5,16268,24,16268610264
5,15852,24,15852076113
5,19145,24,19145108506
5,13863,24,13863346555
5,86466,24,864666666
5,12896,24,12896874588
5,39371,24,393711251552
5,27646,24,27646016944
5,32492,24,32492792404
5,79210,24,79210113259
5,79780,24,79780076853
5,16193,24,16193374625
5,91507,24,91507767642
5,99551,24,995514333375
5,33754,24,33754127667
5,63950,24,639504850166
5,47990,24,4799018055
5,14259,24,14259197157
5,15037,24,15037088910
5,62597,24,625978585543
5,99258,24,992586738590
5,60172,24,60172813899
5,91699,24,91699803169
5,15596,24,15596660060
5,96105,24,9610566007187
5,23797,24,23797200265
5,81809,24,818097168364
5,24169,24,2416997624
5,91567,24,91567050606
5,15864,24,15864222153
5,12705,24,12705603625
5,16782,24,16782824607
5,17164,24,17164640169
5,23110,24,2311010101010
5,48536,24,48536952036
5,96196,24,9619613866548
5,24312,24,2431231215
5,25476,24,254768890522
5,70523,24,70523750119
5,92056,24,920569739363
5,17869,24,17869161711
5,16097,24,16097897030
5,66941,24,66941464432
5,77752,24,77752424711
5,32467,24,32467803006
5,85253,24,85253736942
5,25474,24,254745863643
5,78777,24,787777566777
5,96298,24,96298548668
5,38978,24,38978271415
5,96496,24,964964770491019
5,11732,24,117324865696
5,54291,24,542914680821
5,24116,24,241166958848
5,21896,24,21896343234
5,77070,24,77070802978
5,16144,24,16144413320
5,37764,24,377640618004
5,79834,24,79834346794
5,11596,24,115964626607
5,23776,24,23776913657
5,16509,24,16509229298
5,13166,24,13166274448
5,79774,24,79774282218
5,77370,24,7737004978
5,33770,24,33770205518
5,91523,24,91523012119
5,45275,24,4527524248
5,61498,24,61498024008
5,49877,24,4987754398
5,91722,24,917226862827
5,24177,24,24177930072
5,93055,24,930559581065
5,92526,24,92526059158
5,20965,24,2096551172036
5,21277,24,212777165512
5,47906,24,4790653582
5,47954,24,4795489548
5,12523,24,12523055758
5,33481,24,33481384867
5,91746,24,917466990000
5,27734,24,27734183273
5,49607,24,496078399999
5,91554,24,91554758594
5,17013,24,17013301481
5,96444,24,964447508091048
5,65864,24,6586419883
5,25525,24,255255784123456
5,99852,24,998525180762
5,19294,24,19294056077
5,70544,24,70544037070
5,64221,24,64221631433
5,86487,24,864871390654
5,27063,24,270633472275
5,96495,24,96495216548
5,96689,24,96689443269
5,75371,24,753710090
5,91866,24,918660507952
5,25199,24,2519911566404
5,19705,24,19705995357
5,96120,24,961202122
5,15162,24,15162426808
5,77786,24,77786159617
5,24390,24,24390507000
5,96310,24,9631010101010
5,81866,24,8186666661
5,15514,24,15514442212
5,96059,24,9605966109
5,33670,24,33670655006
5,14043,24,14043879566
5,31619,24,31619391932
5,36346,24,3634623462
5,19293,24,19293106737
5,46732,24,46732021788
5,23768,24,237682085865
5,51945,24,51945990526
5,27637,24,27637123939
5,38763,24,38763518490
5,13362,24,13362402423
5,96474,24,9647497778652
5,15302,24,15302191001
5,19099,24,19099691698
5,38970,24,38970933933
5,20035,24,20035427223
5,25769,24,25769864503
5,66913,24,66913331887
5,93706,24,93706221100
5,24969,24,249697777772
5,16095,24,16095712585
5,18164,24,18164420295
5,21894,24,218945131781
5,33211,24,33211526647
5,10972,24,10972523685555
5,24384,24,24384333992
5,79875,24,79875072000
5,11438,24,114387783739
5,78913,24,789137820788
5,44894,24,44894045080
5,12407,24,12407653159
5,90003,24,900031685265838
5,22215,24,22215881270
5,70072,24,700729917969
5,57305,24,573052400853
5,27840,24,27840451864
5,23457,24,23457250268
5,38298,24,38298884309
5,43681,24,4368181159120
5,19107,24,19107300043
5,21276,24,212760068515
5,77604,24,776040100
5,91456,24,91456789321
5,24224,24,24224022251000
5,95959,24,95959400304573
5,24204,24,242044375858
5,39578,24,3957869004
5,91763,24,917639436075
5,76601,24,766018438
5,18147,24,18147772774
5,59187,24,59187093909902
5,13474,24,13474813953
5,44801,24,448019796301
5,23771,24,23771447827
5,17606,24,17606135741
5,18019,24,18019796301
5,32490,24,32490583169
5,18185,24,18185849648
5,97249,24,97249803144
5,18227,24,18227882711
5,22481,24,2248179938
5,64278,24,64278777475
5,46761,24,46761401229
5,96733,24,96733224991
5,97255,24,972555271260
5,65006,24,65006583022312
5,16825,24,16825528296
5,42379,24,4237912077
5,25125,24,251251930000033
5,54156,24,541562560431
5,16785,24,16785088861
5,94254,24,942549259015
5,44378,24,443788589932
5,36433,24,364332105
5,99870,24,9987069775
5,97226,24,9722603909
5,11419,24,114192333775
5,79824,24,79824110969
5,96097,24,9609715334
5,38010,24,3801010101010
5,97245,24,9724546842593
5,91938,24,919381800003
5,37710,24,3771010101010
5,98554,24,9855400008
5,99287,24,99287089495801
5,10016,24,10016466457658
5,56856,24,568561580
5,56334,24,563346068
5,56142,24,561421888
5,55970,24,559703682
5,55929,24,559298488
5,55715,24,557151523
5,55507,24,555075962
5,55452,24,554527955
5,55191,24,551913362
5,55150,24,551501200
5,54456,24,544564564
5,55466,24,554660102
5,52773,24,527739999
5,52603,24,526034980
5,50963,24,509637698
5,50190,24,501905229
5,55973,24,559739888
5,55127,24,551270008
5,52894,24,528943979
5,55939,24,559391554
5,50267,24,502672765
5,62085,24,62085320774458
5,06088,24,0608853
5,22542,24,22542429068
5,22545,24,22545453131
5,28780,24,28780676
5,34122,24,3412225363
5,33420,24,3342082236
5,32129,24,3212909600
5,30096,24,3009639746
5,32126,24,3212608619
5,33422,24,3342226719
5,31025,24,3102521777
5,32224,24,3222454111
5,33521,24,3352100202
5,31296,24,3129667339
5,32356,24,3235674550
5,30727,24,3072722279
5,31293,24,3129374916
5,34755,24,3475541885
5,30034,24,3003410240
5,31020,24,3102001780
5,33409,24,3340999808
5,30328,24,3032857649
5,31422,24,3142225940
5,92369,24,92369604522
5,32138,24,3213845569
5,33531,24,3353136192
5,32233,24,3223307287
5,33122,24,3312201138
5,83081,24,830815
5,05657,24,0565766406
5,45407,24,4540725518
5,36658,24,3665818
5,65842,24,6584241
5,64422,24,6442267
5,27186,24,2718690737
5,43479,24,43479485
5,62877,24,6287788001389
5,60169,24,60169366603
5,60012,24,600124841673
5,53222,24,5322220
5,50112,24,501126949
5,97916,24,979167853729
5,35002,24,35002002
5,12159,24,12159398700
5,44038,24,4403890835202
5,70918,24,7091875549
5,55217,24,552177908
5,52929,24,529293960
5,05330,24,0533057330
5,92518,24,92518732666
5,92894,24,928948989
5,31517,24,3151741
5,56604,24,566040969
5,15965,24,15965888
5,11009,24,1100901074
5,43031,24,43031916
5,05455,24,0545556920
5,40391,24,4039180891
5,43691,24,43691700
5,17201,24,172019
5,80090,24,800900
5,92772,24,927722254
5,79385,24,79385054633
5,45135,24,45135960
5,45410,24,4541094
5,25650,24,256501
5,61632,24,61632182774
5,02552,24,025520660
5,55933,24,559338032
5,43675,24,43675007
5,43671,24,43671071
5,43483,24,43483379
5,42967,24,42967551
5,43469,24,43469999
5,43032,24,43032882
5,43319,24,43319915
5,05239,24,0523907017
5,56915,24,569158649
5,70104,24,7010485765
5,25559,24,25559259
5,39588,24,3958850
5,99339,24,99339393
5,41672,24,4167275198
5,10838,24,1083888
5,91188,24,911888
5,92088,24,920888
5,03352,24,03352372378
5,30822,24,3082222424
5,31122,24,3112230260
5,64789,24,6478935431
5,99834,24,99834762
5,50231,24,502319115
5,42857,24,42857919
5,44631,24,446310260
5,43978,24,43978901
5,43560,24,43560569
5,44587,24,44587258
5,43199,24,43199690
5,63927,24,639270037876
5,12389,24,123890
5,86055,24,860558178181
5,42828,24,42828674
5,60352,24,6035252
5,10248,24,102488
5,21563,24,215631
5,21180,24,2118001
5,21330,24,213300
5,44500,24,445000
5,51640,24,516400
5,21551,24,215518057
5,86800,24,86800986222
5,52362,24,523625
5,51072,24,510726
5,53710,24,537100
5,45655,24,456550
5,42180,24,421800
5,10114,24,101149
5,86820,24,8682046983
5,10210,24,102100102
5,22230,24,222301
5,52993,24,529931
5,10081,24,1008101010
5,52380,24,523800
5,51032,24,510320
5,26106,24,261061
5,86993,24,86993849665
5,52392,24,523929
5,86992,24,869923287009
5,21533,24,215330
5,26652,24,266520
5,51037,24,510375
5,86806,24,8680603078
5,73002,24,730020
5,11230,24,112303
5,66610,24,666100
5,11017,24,110179
5,95105,24,95105377
5,22370,24,223700
5,61010,24,610100
5,13004,24,130041
5,03060,24,030600
5,51514,24,515144
5,73006,24,730060
5,52340,24,523400
5,86397,24,863977922166
5,10082,24,100825
5,41600,24,416000
5,71210,24,712100
5,52408,24,524088
5,86644,24,8664448555
5,61022,24,610225
5,12221,24,122217
5,86366,24,863660381
5,51144,24,511442
5,23640,24,236400
5,11630,24,116300
5,86230,24,862300000000
5,86979,24,86979356487
5,63700,24,637000
5,86525,24,8652521070666
5,27310,24,273100
5,28510,24,285100094
5,51013,24,510130
5,06330,24,063300
5,32390,24,323903
5,33450,24,334501
5,21201,24,212013
5,13149,24,1314921
5,86661,24,866614466520
5,11518,24,115188
5,51530,24,515300
5,86683,24,8668366816
5,86608,24,8660896662
5,86257,24,86257812982
5,04624,24,0462430
5,86209,24,862099999999
5,22320,24,223200
5,34490,24,344900
5,26140,24,261400
5,34410,24,344100
5,86520,24,8652060085
5,86261,24,862616375
5,31128,24,311288
5,54550,24,545504
5,86388,24,863886683
5,15007,24,150076
5,10150,24,101500
5,11018,24,11018404
5,86605,24,8660529636
5,33362,24,333621
5,86349,24,863498689004
5,06410,24,064100
5,86482,24,864827123518
5,28590,24,285901
5,88170,24,8817088
5,33316,24,333168
5,68030,24,680301
5,63975,24,639759221498
5,91723,24,91723980505
5,15084,24,15084080310
5,92229,24,92229200670
5,81766,24,81766554447
5,15042,24,150420
5,44409,24,44409842
5,99529,24,99529907
5,66730,24,66730727
5,21861,24,218612236950
5,77105,24,7710526672
5,64198,24,641987
5,50434,24,504341680
5,55243,24,552435893
5,56040,24,560400398
5,54553,24,545534474
5,54122,24,541226523
5,92737,24,927376648
5,56279,24,562796555
5,26463,24,264639904
5,26477,24,264770404
5,34453,24,344534504
5,66994,24,669943
5,20632,24,206324204
5,22188,24,221888004
5,34304,24,343049804
5,45713,24,457133
5,22129,24,221299904
5,20620,24,206203404
5,33745,24,337455104
5,53121,24,531211206
5,39447,24,394476204
5,24108,24,2410870
5,36745,24,367455104
5,20222,24,20222571317
5,45242,24,4524200243
5,05270,24,0527080110
5,27144,24,2714446
5,03763,24,037631590
5,33255,24,3325533
5,26313,24,263132204
5,66812,24,66812569882
5,49125,24,491250
5,44299,24,44299904
5,28533,24,285330304
5,79025,24,79025643916
5,33141,24,33141160553
5,78488,24,7848834050
5,33938,24,339388204
5,28636,24,286360004
5,34439,24,344395204
5,52257,24,522579306
5,45436,24,454366
5,28577,24,285774604
5,28583,24,285835304
5,66605,24,66605204
5,28503,24,285037004
5,29494,24,2949400
5,39988,24,3998877
5,56690,24,566901849
5,36758,24,3675840
5,19938,24,1993888
5,35068,24,3506888
5,19998,24,1999888
5,35208,24,3520888
5,35168,24,3516888
5,34658,24,3465888
5,24698,24,2469888
5,32338,24,3233888
5,20848,24,2084888
5,56167,24,561672768
5,12047,24,12047956152
5,61958,24,6195860676
5,25261,24,252616351816
5,55696,24,556960000
5,50170,24,501705122
5,41888,24,4188888
5,15508,24,1550888
5,28738,24,2873888
5,15568,24,1556888
5,14598,24,1459888
5,27668,24,2766888
5,24878,24,2487888
5,24968,24,2496888
5,42768,24,4276888
5,15498,24,1549888
5,12978,24,1297888
5,20738,24,2073888
5,10808,24,1080888
5,10478,24,1047888
5,12198,24,1219888
5,11748,24,1174888
5,27578,24,2757888
5,25128,24,2512888
5,10978,24,1097888
5,26108,24,2610888
5,16488,24,1648888
5,26188,24,2618888
5,11228,24,1122888
5,26898,24,2689888
5,57928,24,5792888
5,15748,24,1574888
5,19088,24,19088725122
5,21048,24,2104888
5,27158,24,2715888
5,23588,24,2358888
5,42508,24,4250888
5,51568,24,5156888
5,41708,24,4170888
5,36378,24,3637888
5,43168,24,4316888
5,41568,24,4156888
5,21488,24,2148888
5,21598,24,2159888
5,24378,24,2437888
5,23038,24,2303888
5,23928,24,2392888
5,23668,24,2366888
5,20618,24,2061888
5,43188,24,4318888
5,23578,24,2357888
5,24048,24,2404888
5,30538,24,3053888
5,22058,24,2205888
5,17108,24,1710888
5,94288,24,942888
5,90288,24,902888
5,11968,24,1196888
5,91288,24,912888
5,12118,24,1211888
5,12838,24,1283888
5,89488,24,894888
5,94688,24,946888
5,95088,24,950888
5,96288,24,962888
5,12458,24,1245888
5,10748,24,1074888
5,13788,24,1378888
5,10928,24,1092888
5,13082,24,13082017
5,24648,24,2464888
5,18228,24,1822888
5,66215,24,66215121995
5,65642,24,6564234535
5,66891,24,66891484868
5,44302,23,44302055
5,65122,23,6512262050
5,39057,23,390572804
5,15733,23,157335
5,79677,23,7967741260
5,66675,23,66675282
5,65995,23,6599541877
5,45781,23,4578178
5,63112,23,631123
5,72915,23,7291509
5,85686,23,85686887
5,88622,23,88622894
5,35959,23,3595910
5,29356,23,293560
5,84866,23,8486655
5,92507,23,92507149
5,56774,23,567742211
5,55782,23,557826688
5,55576,23,555763311
5,55517,23,555176750
5,55316,23,553163026
5,55134,23,551347299
5,54307,23,543071076
5,50370,23,503708304
5,52789,23,527890564
5,52255,23,522557230
5,50959,23,509597263
5,50930,23,509300919
5,50409,23,504092816
5,50196,23,501966172
5,56577,23,565775988
5,56103,23,561032612
5,55485,23,554856345
5,55427,23,554278851
5,56351,23,563514272
5,50809,23,508092110
5,79274,23,79274918150
5,05505,23,0550535070
5,31162,23,3116297706
5,16139,23,16139819821
5,27717,23,27717644928
5,20503,23,205030
5,03957,23,03957674
5,95937,23,9593780025
5,44532,23,4453207526
5,65851,23,6585183969
5,09199,23,0919985327
5,18173,23,181736630
5,28781,23,287818708
5,96576,23,965763765
5,45248,23,452484805
5,75746,23,757465631
5,18989,23,18989087969
5,55724,23,557240691
5,52856,23,5285678
5,78896,23,7889681
5,46790,23,46790730204
5,19514,23,19514539990
5,50833,23,508332230
5,65158,23,6515839
5,79169,23,79169669661
5,79615,23,79615033328
5,49892,23,4989255448611
5,79090,23,79090132200
5,79313,23,79313063736
5,79277,23,79277119009
5,11700,23,117004
5,34610,23,34610434508
5,58969,23,589698562
5,94762,23,94762022055
5,35390,23,353906494383
5,54900,23,5490055
5,96564,23,965645009
5,26661,23,2666111
5,15197,23,15197227332
5,32329,23,3232947900
5,33233,23,3323323629
5,97044,23,9704400090
5,98391,23,9839131401486
5,20842,23,2084289006
5,44589,23,44589892257
5,44629,23,44629920275
5,50057,23,500572092
5,39729,23,397297104
5,32002,23,3200200
5,10250,23,102501065000
5,52332,23,523320
5,28008,23,2800819
5,21317,23,213171
5,27220,23,272200
5,92511,23,9251111725000
5,65907,23,6590769706
5,36186,23,3618666
5,26309,23,263092704
5,66265,23,66265204
5,34864,23,348646204
5,22644,23,2264478
5,33815,23,338152604
5,38333,23,383332
5,34031,23,3403131
5,49472,23,494722
5,44665,23,446659
5,29661,23,2966128
5,62505,23,6250554050
5,34898,23,348988204
5,39871,23,398711104
5,65408,23,6540880
5,34007,23,3400755
5,35355,23,3535575
5,02676,23,026763400
5,39090,23,3909000
5,65267,23,652674923
5,36754,23,367545604
5,34432,23,3443273
5,29191,23,2919125987
5,96150,23,961502203330
5,36839,23,368399504
5,37068,23,37068672509
5,23554,23,23554904
5,28558,23,285580504
5,28828,23,288280004
5,36823,23,368236104
5,19048,23,1904888
5,92091,22,920912258745
5,23483,22,234832060048
5,87754,22,87754982289
5,25776,22,25776100010
5,26133,22,261331136403
5,56106,22,561060874
5,16610,22,1661000
5,12648,22,126480534
5,17718,22,17718306
5,92135,22,92135360214
5,55226,22,552269531
5,55348,22,553488528
5,42978,22,42978297
5,05850,22,058507222
5,33060,22,330607838909
5,51033,22,5103319514
5,38017,22,3801747477777
5,52483,22,524832373
5,23896,22,2389684
5,16133,22,16133227078
5,13670,22,13670569975
5,13777,22,13777083332
5,15840,22,15840137574
5,15960,22,15960291070
5,18263,22,18263131189
5,13423,22,13423833855
5,18832,22,18832639757
5,13523,22,13523446810
5,13383,22,13383161000
5,15859,22,15859109152
5,13076,22,13076996131
5,18722,22,18722327000
5,13831,22,13831781735
5,18104,22,18104067777
5,18191,22,18191139999
5,13763,22,13763341781
5,18764,22,18764678419
5,13264,22,13264205084
5,13820,22,13820261728
5,17731,22,17731686939
5,18710,22,18710042227
5,13141,22,13141333923
5,13853,22,13853195618
5,13843,22,13843829669
5,13121,22,13121605085
5,18401,22,18401562111
5,13866,22,13866888888
5,57318,22,573183729945
5,56531,22,565317740
5,52969,22,529693280
5,45835,22,4583536
5,88576,22,8857676
5,56822,22,568222512
5,56379,22,563799920
5,58242,22,582422812
5,58198,22,581980144
5,54322,22,543220658
5,47549,22,4754961
5,68227,22,6822704
5,86178,22,8617871298906
5,37897,22,378971559339660
5,73423,22,734232448
5,77267,22,772671049
5,55837,22,558377712
5,98466,22,9846617
5,55268,22,552685899
5,55982,22,559820323
5,14160,22,14160570
5,18987,22,18987219
5,60440,22,604409390
5,51334,22,513342656
5,32014,22,3201467
5,50403,22,5040399
5,78690,22,7869090
5,16976,22,1697601
5,42226,22,42226106
5,23672,22,23672400
5,44393,22,44393496
5,26129,22,261295015
5,55172,22,55172178
5,65028,22,6502848090
5,17319,22,1731931938
5,80253,22,8025360168
5,27869,22,2786969960
5,77377,22,7737705170
5,26076,22,260760217472
5,59598,22,595981275741
5,19206,22,19206602423
5,40754,22,40754651513
5,48694,22,48694937433
5,79378,22,79378635333
5,43101,22,431010101010
5,60194,22,60194803733
5,19706,22,19706169862
5,19194,22,19194309091
5,48784,22,48784522780
5,91823,22,918237228285
5,59829,22,598296400711
5,91873,22,918734894912
5,17087,22,17087103423
5,38610,22,3861010101010
5,19737,22,19737227225
5,91836,22,918369574402
5,91893,22,918937833596
5,56996,22,569965553
5,56548,22,565482023
5,56403,22,564030992
5,56383,22,563836981
5,56176,22,561765766
5,55733,22,557332680
5,55701,22,557018555
5,55680,22,556801167
5,55425,22,554255799
5,55280,22,552804056
5,55168,22,551682430
5,55156,22,551567756
5,55126,22,551262923
5,52898,22,528989966
5,52732,22,527326999
5,51056,22,510565387
5,56886,22,568866900
5,50118,22,501181760
5,56345,22,563453795
5,55914,22,559149088
5,55521,22,555218414
5,52970,22,529701527
5,50961,22,509619942
5,52310,22,523102888
5,56394,22,563945846
5,54452,22,544523165
5,58915,22,589156265
5,56866,22,568666006
5,59822,22,598225094
5,51443,22,514431777
5,54706,22,547069992
5,55707,22,557070331
5,50988,22,509888870
5,50053,22,500538767
5,54717,22,547176189
5,27730,22,27730049405
5,27631,22,27631864050
5,05236,22,0523650320
5,21356,22,213561803037
5,26103,22,2610338427573
5,05855,22,0585593066
5,81888,22,8188833337
5,05445,22,0544540707
5,15117,22,1511786
5,61497,22,61497996563
5,51089,22,5108917
5,32184,22,3218446331
5,31593,22,3159314008
5,74493,22,744933060
5,92836,22,9283600
5,10200,22,102000
5,15954,22,159540524
5,40558,22,4055801
5,10463,22,1046345550
5,10620,22,1062020122
5,66815,22,66815550597
5,13928,22,13928633889
5,15738,22,15738518639
5,29742,22,2974228868
5,16601,22,16601166278
5,16311,22,16311685632
5,15030,22,15030070681
5,27568,22,2756891
5,63999,22,6399956
5,44950,22,44950232997
5,62222,22,6222228
5,59551,22,595514004
5,36954,22,369545304
5,82497,22,824977323
5,79087,22,79087966072
5,99489,22,9948919
5,30072,22,3007209
5,55183,22,551837515
5,55678,22,556787787
5,50389,22,503892242
5,22246,22,22246404
5,65717,22,6571711050
5,26623,22,266231804
5,45566,22,4556600
5,45131,22,45131504
5,78412,22,78412435144
5,78435,22,78435203040
5,79057,22,79057668386
5,64433,22,6443353
5,73172,22,73172229060
5,51511,22,515110
5,54541,22,545410
5,95627,22,9562762193
5,92363,22,923630522
5,44475,22,44475430
5,43285,22,43285380
5,05475,22,0547551416
5,42072,22,420724182232
5,96109,22,96109221769
5,02556,22,025565095
5,08091,22,08091441744
5,08030,22,08030427258
5,08035,22,08035941750
5,42578,22,4257843
5,39346,22,393463952202
5,38160,22,381603239845
5,20038,22,2003888
5,14328,22,1432888
5,14438,22,1443888
5,61415,22,61415395646
5,40758,22,40758119759
5,35021,22,35021438
5,60455,22,6045517810
5,89207,22,8920730611
5,96985,22,96985515
5,25452,22,254520307
5,78999,22,7899904402
5,49716,22,497168
5,54192,22,541926
5,26262,22,262620999
5,20126,22,201268104
5,40335,22,403353004
5,50952,22,509528355
5,25447,22,2544735510794
5,25451,22,2545180083
5,01279,22,01279444009
5,50860,22,508603472
5,87898,22,8789813
5,91804,22,918040828888
5,42679,22,42679995
5,85120,22,85120104
5,20522,22,2052222
5,21020,22,210201
5,20215,22,202150
5,16818,22,168186
5,52356,22,523560
5,25011,22,250117
5,52610,22,526100
5,51668,22,51668510
5,86667,22,8666784847
5,61113,22,611130
5,86885,22,8688556615803
5,34460,22,344600
5,86240,22,8624024000
5,26675,22,266751
5,52514,22,525143
5,61133,22,611330
5,26120,22,261200
5,22636,22,226363
5,86805,22,86805086010
5,32430,22,324307
5,07170,22,071700
5,47200,22,472000
5,65220,22,652201214000
5,86386,22,8638624797
5,07502,22,075025
5,64130,22,641300
5,86879,22,8687983862
5,11072,22,110728
5,86767,22,867677653150
5,36390,22,363904
5,39400,22,394000
5,86168,22,8616899168
5,36050,22,360500
5,27052,22,27052709
5,56979,22,569794774
5,17879,22,1787921224
5,63907,22,639074686530
5,30378,22,3037864113
5,30268,22,3026885243
5,29720,22,2972004
5,05896,22,0589698562
5,56342,22,563429079
5,62555,22,6255536
5,93061,22,930610584
5,55774,22,557744772
5,52224,22,522242424
5,12167,22,12167983371
5,02415,22,024153753
5,38166,22,38166020050
5,95593,22,9559327082
5,34515,22,3451555528
5,27848,22,27848008639
5,97371,22,973714544
5,33195,22,3319512617
5,73450,22,73450486701
5,55743,22,557430349
5,34406,22,3440619
5,34909,22,349090
5,28333,22,283333304
5,45168,22,4516889050
5,02448,22,024488989
5,02673,22,026734132
5,17038,22,17038393854
5,73822,22,73822532727
5,66813,22,66813717044
5,20358,22,203586
5,20138,22,2013888
5,14138,22,14138962123
5,44499,22,4449966
5,65919,22,6591999050
5,79624,22,79624456336
5,26638,22,266383804
5,34594,22,3459485
5,26608,22,266083804
5,62208,22,622085202
5,19298,22,1929888
5,19228,22,1922888
5,19378,22,1937888
5,19808,22,1980888
5,20058,22,2005888
5,34248,22,3424888
5,37318,22,3731888
5,37118,22,3711888
5,20458,22,2045888
5,07957,22,07957900192
5,35518,22,3551888
5,23608,22,2360888
5,41858,22,4185888
5,34128,22,3412888
5,51318,22,5131888
5,41988,22,4198888
5,47168,22,4716888
5,40048,22,4004888
5,48908,22,4890888
5,41728,22,4172888
5,49418,22,4941888
5,42628,22,4262888
5,41298,22,4129888
5,46028,22,4602888
5,17848,22,1784888
5,17988,22,1798888
5,11168,22,1116888
5,20508,22,2050888
5,11198,22,1119888
5,18998,22,1899888
5,25798,22,2579888
5,26098,22,2609888
5,27588,22,2758888
5,32538,22,3253888
5,12958,22,1295888
5,22268,22,2226888
5,13028,22,1302888
5,20668,22,2066888
5,24248,22,2424888
5,20438,22,2043888
5,13558,22,1355888
5,20548,22,2054888
5,25948,22,2594888
5,22018,22,2201888
5,18828,22,1882888
5,30808,22,3080888
5,20808,22,2080888
5,24868,22,2486888
5,17308,22,1730888
5,17658,22,1765888
5,28052,22,28052017
5,21108,22,2110888
5,91464,21,91464922
5,55573,21,55573825
5,33933,21,33933462
5,69798,21,697989
5,42949,21,42949999
5,65885,21,6588575
5,14920,21,14920408
5,91211,21,912111393
5,37465,21,374652704
5,02883,21,028835053
5,47004,21,47004745038148
5,24450,21,2445046
5,45548,21,455487
5,29482,21,294827304
5,80298,21,802980004
5,66747,21,6674710
5,26969,21,26969111
5,88189,21,881891804
5,48022,21,48022138
5,65582,21,65582786
5,14848,21,14848500
5,33451,21,3345121
5,57573,21,5757302
5,22145,21,2214535
5,34981,21,3498125
5,44453,21,44453900
5,28293,21,282939304
5,42984,21,42984199
5,45873,21,458732
5,56926,21,569267301
5,82009,21,82009102
5,26271,21,26271203
5,26977,21,2697732050
5,98712,21,987123
5,56635,21,566355532
5,58559,21,585596044
5,65520,21,6552078
5,65530,21,65530761
5,48516,21,48516968
5,91744,21,917447498508
5,25475,21,254755555777
5,13348,21,1334844895
5,70126,21,7012620844
5,55289,21,5528999337171
5,53743,21,537437918
5,31229,21,3122956885
5,34723,21,3472308909
5,34324,21,3432442367
5,33103,21,3310333930
5,33285,21,3328555985
5,19642,21,196427
5,07524,21,0752412342
5,13780,21,13780301234
5,77180,21,77180005
5,61488,21,614880455
5,81080,21,810805157360
5,41774,21,41774776687
5,55927,21,559277927
5,17178,21,1717816
5,73812,21,73812318229
5,04415,21,044152456
5,20221,21,202217039
5,97815,21,9781569502206
5,60432,21,604325
5,62867,21,62867404
5,36723,21,367233004
5,94755,21,94755828500
5,55590,21,5559044
5,22299,21,2229975
5,42199,21,421991604
5,41443,21,41443847249
5,07543,21,07543469082
5,92995,21,92995612354
5,20339,21,2033929669
5,47225,21,4722557349
5,53566,21,5356666
5,36704,21,36704551101
5,02651,21,026512091
5,23426,21,234261804
5,66654,21,666540002
5,44187,21,441872278000
5,35347,21,35347975
5,39769,21,397699904
5,92575,21,92575479135
5,92242,21,9224237805448
5,41766,21,41766631111
5,44061,21,44061308
5,49402,21,494023994555
5,29577,21,295777704
5,49275,21,492757
5,22752,21,227526304
5,55176,21,551760002
5,55159,21,551597517
5,52323,21,5232305
5,15409,21,15409704479
5,52384,21,523845063
5,92232,21,922321201942
5,19155,21,19155225888
5,99992,21,9999219245
5,55481,21,5548115220
5,09613,21,09613618186
5,44431,21,44431306
5,65548,21,65548584
5,75017,21,7501711929
5,26964,21,26964710
5,35900,21,35900000000
5,57557,21,5755716789
5,51595,21,5159568
5,44069,21,44069600
5,96154,21,9615431375
5,88143,21,881436804
5,44581,21,44581638
5,14506,21,14506874030
5,14502,21,14502582810
5,39567,21,395678304
5,78422,21,78422778083
5,35396,21,3539645753
5,94171,21,941712786466
5,97490,21,97490027394
5,92442,21,92442111135135
5,92327,21,9232729385
5,15843,21,15843504376
5,86502,21,86502761483
5,97457,21,97457868686
5,81587,21,81587382852
5,56542,21,5654223
5,15869,21,15869144542
5,65041,21,6504106
5,62255,21,6225532
5,34588,21,3458842714
5,92041,21,9204111
5,33507,21,335070777
5,18636,21,18636102480
5,25572,21,255720
5,44834,21,448345836355
5,81040,21,810400
5,39135,21,3913532
5,35777,21,3577799346808
5,24000,21,2400000
5,17052,21,17052871414
5,70978,21,7097838
5,56931,21,569318119
5,13700,21,137000
5,15713,21,157131
5,38233,21,382330
5,26230,21,262300
5,03453,21,03453663520
5,34870,21,3487062913
5,92428,21,92428453530
5,92203,21,922037332306
5,39628,21,3962800
5,36236,21,362362904
5,34969,21,349699
5,02602,21,026020
5,64471,21,644718102
5,11205,21,112052054
5,13024,21,13024195382
5,02158,21,0215830398
5,72129,21,721299903
5,96036,21,9603606
5,30668,21,3066804
5,39023,21,390236533562
5,44319,21,4431918
5,34863,21,3486317
5,96922,21,9692205
5,04157,21,041575741
5,62352,21,62352804
5,90398,21,9039876
5,44572,21,44572920
5,31397,21,31397104
5,65117,21,6511778050
5,04210,21,04210158
5,04707,21,047072222
5,79267,21,79267252098
5,02618,21,026184301
5,65119,21,6511983
5,26248,21,262488804
5,19148,21,19148224945
5,04292,21,042927101
5,97313,21,97313661166
5,65640,21,6564069764
5,57593,21,5759333
5,85170,21,8517000
5,04371,21,043716811
5,39810,21,398104457
5,06744,21,067443495
5,07235,21,072355992
5,35288,21,352881646684
5,38512,21,38512305385
5,31598,21,315984040
5,02447,21,024479144
5,34828,21,348288504
5,04808,21,048085827
5,28848,21,288481904
5,45158,21,4515853050
5,27328,21,273287504
5,28458,21,284582804
5,28998,21,2899839
5,26905,21,2690575
5,34358,21,3435878
5,16158,21,1615888
5,97405,20,97405817290
5,43446,20,43446903
5,33518,20,33518179
5,97263,20,97263743
5,78056,20,7805662293
5,53648,20,5364858391
5,78529,20,7852970010
5,36203,20,36203112328
5,50972,20,509725917
5,56610,20,566104832
5,44228,20,44228129
5,42947,20,42947458
5,52547,20,525477551
5,83248,20,8324886057
5,34690,20,34690305849
5,75263,20,7526372526
5,43328,20,43328200
5,43043,20,43043100
5,43402,20,43402515
5,42994,20,42994486
5,24012,20,24012801
5,36734,20,3673410
5,43397,20,43397244
5,43345,20,43345555
5,22017,20,22017499
5,43621,20,43621615
5,28289,20,2828966
5,46652,20,46652323
5,43259,20,43259900
5,43578,20,43578300
5,30735,20,307354235
5,11040,20,110400
5,27630,20,27630277724
5,89213,20,8921300012
5,37533,20,375333503723
5,37379,20,37379993337
5,88602,20,8860226571182
5,86018,20,86018906670107
5,86014,20,8601490668446
5,13655,20,13655967888
5,66218,20,6621880
5,32506,20,325061792
5,90121,20,901219
5,52088,20,520888168
5,51550,20,515500
5,07551,20,07551001
5,46094,20,460940
5,55467,20,554677728
5,44043,20,44043214
5,42743,20,4274337
5,80137,20,8013711
5,58829,20,58829428
5,43398,20,43398111
5,99242,20,9924247
5,98893,20,9889398
5,98322,20,9832253
5,93412,20,9341277
5,89038,20,8903888
5,78722,20,7872268
5,80538,20,8053801
5,42259,20,42259833
5,56587,20,56587650
5,53890,20,5389080
5,27135,20,2713585
5,17784,20,1778427
5,47017,20,47017885
5,13975,20,1397588
5,50025,20,5002531753
5,43352,20,43352873
5,86619,20,8661991
5,86029,20,8602909
5,85962,20,8596270
5,44326,20,44326077
5,81566,20,8156699
5,81521,20,8152199
5,81462,20,8146224
5,80025,20,8002511
5,46061,20,4606187
5,45520,20,45520319
5,75586,20,7558660377
5,18059,20,1805984348
5,60311,20,6031135
5,30256,20,3025615
5,59578,20,5957808
5,55235,20,55235969
5,46953,20,4695387
5,27805,20,2780510
5,22586,20,2258688
5,21399,20,2139998
5,12629,20,1262923
5,11581,20,1158123
5,98293,20,9829328
5,42353,20,42353383
5,87034,20,8703400
5,84627,20,8462728
5,80439,20,8043903
5,53670,20,5367002933
5,48051,20,4805189
5,92808,20,92808088
5,90933,20,90933923
5,29262,20,2926262
5,99568,20,9956888
5,99309,20,9930934
5,97973,20,97973132
5,92096,20,92096305
5,45144,20,45144775
5,95781,20,9578128
5,95771,20,9577168
5,93009,20,930091998
5,38018,20,3801838760
5,92542,20,9254286
5,91283,20,9128359498
5,88990,20,8899016
5,88735,20,8873539
5,88615,20,8861594
5,18957,20,1895730088
5,88266,20,8826695
5,87242,20,87242990
5,87240,20,8724098
5,87184,20,8718489
5,78800,20,7880013
5,85651,20,8565168
5,45456,20,4545645645
5,80047,20,8004738
5,78455,20,7845568
5,77417,20,7741726298
5,77360,20,7736059
5,76146,20,7614664
5,75441,20,7544188
5,71591,20,7159168
5,71508,20,7150868
5,71288,20,7128887
5,88652,20,8865200559
5,70307,20,7030778676
5,68242,20,6824259
5,67588,20,6758850
5,97810,20,978107812
5,44456,20,44456808
5,62983,20,6298376
5,61561,20,6156146
5,60982,20,60982887
5,60429,20,6042935
5,60303,20,6030302
5,60107,20,601071587
5,59147,20,5914791
5,16651,20,1665156
5,53861,20,5386138
5,42365,20,42365445
5,67425,20,67425268
5,15070,20,1507036200
5,39513,20,3951307979
5,48368,20,483688355
5,48246,20,4824628
5,47814,20,4781462
5,47048,20,4704890
5,45829,20,4582966
5,45372,20,4537267
5,44399,20,4439955
5,38888,20,3888818
5,38039,20,3803930117
5,35755,20,3575536
5,35672,20,3567290
5,33969,20,3396910040
5,33916,20,3391672
5,30423,20,3042308
5,27352,20,2735218
5,27339,20,2733938
5,25987,20,2598763
5,45573,20,45573483
5,42767,20,42767437
5,20910,20,2091054
5,18119,20,1811982
5,17632,20,1763218
5,65445,20,6544564654
5,15800,20,1580000036
5,99533,20,9953310
5,15072,20,1507201376
5,14946,20,1494698
5,14001,20,1400168
5,15995,20,1599517632
5,13225,20,1322534569
5,12382,20,1238285
5,20897,20,2089748278
5,10577,20,1057782
5,39105,20,3910551885
5,18762,20,1876238750
5,50036,20,50036988
5,42730,20,42730052
5,30184,20,3018454030
5,42771,20,4277113
5,24771,20,2477121
5,15653,20,1565375
5,18750,20,1875079796
5,65890,20,6589030
5,42099,20,42099199
5,51399,20,5139988
5,73792,20,7379289
5,77792,20,777920172
5,86058,20,8605848014
5,89461,20,8946173999
5,90924,20,90924289
5,61353,20,6135342
5,15861,20,1586153876
5,54136,20,5413661371
5,52039,20,52039908
5,86727,20,8672759925
5,38549,20,3854996300
5,21630,20,2163081357
5,18903,20,1890301
5,39250,20,3925044876
5,13767,20,1376716
5,35049,20,3504959677
5,18627,20,1862778229
5,61496,20,61496959
5,28454,20,28454113
5,82623,20,8262327
5,78207,20,7820777
5,42686,20,42686869
5,47406,20,474069462
5,54875,20,5487548
5,12587,20,12587412
5,85615,20,8561580
5,42594,20,42594415
5,43395,20,43395000
5,56246,20,56246598
5,43906,20,43906315
5,65454,20,65454321
5,42913,20,42913428
5,42975,20,42975973
5,42327,20,42327108
5,43542,20,43542031
5,42731,20,42731996
5,42395,20,42395288
5,67205,20,67205888
5,44489,20,44489180
5,24705,20,24705062
5,65304,20,6530467
5,44264,20,44264858
5,41586,20,41586688
5,43767,20,43767002
5,42577,20,42577788
5,42504,20,42504268
5,65524,20,65524631
5,42567,20,42567436
5,48857,20,48857692
5,72446,20,72446533
5,42980,20,42980192
5,48800,20,48800961
5,42340,20,42340059
5,42292,20,42292138
5,42623,20,42623377
5,25597,20,25597060
5,60877,20,6087777
5,42950,20,42950043
5,69969,20,6996948
5,42287,20,42287268
5,42342,20,42342258
5,63414,20,6341433
5,26584,20,26584618
5,42299,20,42299507
5,42667,20,42667683
5,42614,20,42614478
5,43266,20,43266508
5,68158,20,6815800
5,43215,20,43215115
5,43272,20,43272123
5,43620,20,43620911
5,43571,20,43571181
5,42243,20,42243286
5,67663,20,67663812
5,29598,20,2959866
5,48795,20,48795228
5,42383,20,4238300
5,41545,20,41545412
5,42384,20,42384668
5,85436,20,8543668
5,43532,20,43532755
5,49199,20,49199049
5,43795,20,43795266
5,42638,20,42638343
5,42525,20,42525198
5,13987,20,13987616576
5,43407,20,43407099
5,48043,20,48043250
5,65759,20,65759102
5,42296,20,42296885
5,42283,20,42283788
5,42736,20,42736099
5,44545,20,44545471
5,42247,20,42247198
5,42611,20,42611227
5,43218,20,43218777
5,31215,20,312150004
5,42231,20,42231100
5,42279,20,42279689
5,42727,20,42727718
5,43205,20,43205678
5,63445,20,63445895
5,92220,20,92220301
5,89139,20,8913905810763
5,13096,20,13096324060
5,48994,20,48994837
5,43375,20,43375165
5,48181,20,48181777
5,43467,20,43467598
5,30691,20,30691009
5,97600,20,97600517
5,58138,20,5813885326
5,38287,20,3828765759
5,13576,20,1357626207
5,13095,20,1309576999
5,18609,20,1860930199
5,43527,20,43527779
5,40967,20,409677771
5,75112,20,7511275350
5,83190,20,8319060217
5,18707,20,1870732812
5,13593,20,1359336966
5,35963,20,3596373456
5,18105,20,1810557026
5,88177,20,8817788019
5,15756,20,15756316200
5,13967,20,1396771009
5,97417,20,97417906
5,48938,20,48938117
5,18061,20,1806129600
5,62116,20,621161304
5,52228,20,5222857777
5,31871,20,3187180218
5,90986,20,90986687
5,90973,20,90973378
5,37668,20,3766849999
5,88891,20,8889166
5,39179,20,3917909179
5,31796,20,3179692799
5,13829,20,1382973686
5,39581,20,3958191117
5,38171,20,3817151392
5,98876,20,988760377
5,13690,20,1369000690
5,39507,20,3950775568
5,13825,20,1382510899
5,18712,20,1871262001
5,90918,20,9091818
5,78779,20,787796085
5,59999,20,59999999
5,63960,20,63960886
5,70871,20,708717777
5,15827,20,1582727286
5,31307,20,3130755883
5,33015,20,3301568889
5,81515,20,815158199
5,39074,20,3907483817
5,18765,20,18765279865
5,70666,20,7066679999
5,46472,20,46472400
5,62641,20,6264130518
5,44272,20,44272449
5,42993,20,42993919
5,25699,20,256991213
5,56671,20,5667105996
5,23512,20,2351298
5,15602,20,1560213209
5,18990,20,18990084741
5,18357,20,18357759757
5,18925,20,1892511654
5,18268,20,18268977681
5,39321,20,3932164707
5,59567,20,5956762921
5,60709,20,60709074
5,23663,20,23663559
5,13799,20,1379992298
5,15808,20,1580805547
5,13519,20,1351950981
5,47054,20,470547035
5,13922,20,1392288876
5,15814,20,1581401112
5,13556,20,1355689931
5,75749,20,7574903525
5,97761,20,97761394
5,18660,20,1866027932
5,13325,20,1332521082
5,13306,20,1330600080
5,92378,20,92378658
5,18620,20,1862087775
5,62637,20,6263734437
5,90353,20,90353459
5,93442,20,93442997
5,15803,20,1580341896
5,18110,20,1811063686
5,61787,20,61787868
5,37894,20,3789443028
5,86047,20,8604746040
5,38680,20,3868055947
5,59600,20,5960000055
5,38606,20,3860616176
5,37032,20,3703206118
5,88011,20,8801158566
5,58781,20,5878161973
5,30511,20,3051198618
5,38011,20,3801120808
5,37012,20,3701225198
5,38330,20,3833061737
5,86007,20,8600754919
5,86426,20,8642659666
5,36511,20,3651153698
5,30810,20,3081039888
5,33047,20,3304761185
5,89010,20,8901036441
5,35013,20,3501369615
5,89105,20,8910550295
5,89102,20,8910209020
5,17080,20,17080627777
5,51435,20,5143585888
5,94420,20,944209858
5,89083,20,8908373727
5,39468,20,3946823456
5,88014,20,8801441343
5,53828,20,5382839999
5,18929,20,18929336789
5,38061,20,3806170895
5,88757,20,8875716888
5,15332,20,1533289889
5,13999,20,1399997600
5,13579,20,13579500088
5,19460,20,1946039288
5,13846,20,1384681588
5,18999,20,1899956996
5,18971,20,18971285966
5,13554,20,1355444280
5,13260,20,1326008713
5,13942,20,139427882
5,15376,20,1537687822
5,18250,20,1825082708
5,51221,20,5122186091
5,13880,20,1388077337
5,85190,20,8519041413
5,61125,20,611255686
5,13980,20,1398009330
5,59213,20,5921364258
5,37179,20,3717980311
5,13395,20,13395718711
5,75465,20,754658666
5,69844,20,698447788
5,15250,20,1525008827
5,13574,20,1357478900
5,89779,20,897799388
5,37869,20,3786990586
5,58513,20,5851306555
5,51183,20,51183880
5,63216,20,632166666
5,64856,20,648564932
5,18560,20,1856066165
5,13585,20,1358586826
5,88750,20,8875016978
5,18666,20,1866608976
5,63457,20,634572671
5,89116,20,8911640003
5,72731,20,7273188
5,64721,20,6472174286
5,32762,20,3276233720
5,58005,20,5800569678
5,37631,20,3763158731
5,89304,20,8930497520
5,18331,20,1833138777
5,13859,20,1385979169
5,20341,20,20341995
5,43369,20,43369596
5,92640,20,92640832
5,13599,20,1359991656
5,34161,20,34161872
5,92827,20,92827523
5,15242,20,1524279779
5,13764,20,1376463256
5,18659,20,1865911001
5,37019,20,3701999898
5,98802,20,98802261
5,56960,20,56960117
5,15305,20,1530586777
5,15953,20,1595355727
5,13706,20,1370608231
5,97439,20,97439330
5,42555,20,42555702
5,90968,20,9096852495
5,98930,20,989306915980
5,98143,20,9814322550
5,35489,20,3548960304
5,16309,20,16309367068
5,11395,20,113958575
5,15089,20,15089896731
5,16152,20,16152004320
5,85501,20,855017448989
5,91028,20,9102812361244
5,79228,20,79228590250
5,98813,20,988134500598
5,12029,20,12029106431
5,64226,20,64226500497
5,40767,20,40767341478
5,91557,20,915578043679
5,91445,20,914457998776
5,44667,20,44667812667
5,33307,20,3330779784250
5,18199,20,18199190160
5,14099,20,1409970450
5,84965,20,84965599718
5,79835,20,79835066660
5,61490,20,61490180302
5,96755,20,967556836682
5,26773,20,26773003253
5,24910,20,2491010101010
5,18503,20,18503051149
5,78963,20,789630207646
5,12462,20,12462318282
5,34689,20,34689989144
5,78918,20,789189857333
5,79377,20,79377700515
5,83745,20,837458693
5,74284,20,742845109
5,64187,20,641879376
5,66640,20,666402778
5,85551,20,855519330
5,41461,20,414611508
5,85721,20,857215581
5,82057,20,820573826
5,40480,20,404804421
5,63405,20,634052394
5,14016,20,14016774
5,75241,20,752412342
5,59599,20,595992186
5,58851,20,588512614
5,56988,20,569889398
5,56983,20,569832253
5,55453,20,554536797
5,56767,20,567679326
5,56756,20,567563001
5,56651,20,566516227
5,56626,20,566261669
5,56447,20,564479637
5,56439,20,564390578
5,56301,20,563017666
5,56152,20,561526333
5,56148,20,561484168
5,56126,20,561265665
5,55948,20,559483555
5,55916,20,559160538
5,55721,20,557216888
5,55637,20,556375558
5,55582,20,555822618
5,55461,20,554617888
5,55328,20,553280304
5,52976,20,529765045
5,55206,20,552067998
5,55174,20,551749263
5,55131,20,551315597
5,55124,20,551249378
5,54718,20,547183888
5,54577,20,545772766
5,52960,20,529605687
5,52893,20,528934567
5,52876,20,528761188
5,52862,20,528622678
5,56957,20,569576726
5,52782,20,527825777
5,52756,20,527567999
5,52648,20,526482666
5,50982,20,509820333
5,50578,20,505784119
5,52263,20,522632635
5,50168,20,501685575
5,50046,20,500467801
5,56885,20,568850760
5,56801,20,568013711
5,56389,20,563892714
5,54366,20,543661371
5,56745,20,567453384
5,55524,20,555245848
5,52861,20,528613358
5,50941,20,509415888
5,50382,20,503828168
5,55630,20,556307355
5,55660,20,556606988
5,58154,20,581544646
5,56478,20,564786548
5,59885,20,598852990
5,56310,20,563102149
5,55858,20,558589851
5,93798,20,93798338080
5,96492,20,96492491
5,27782,20,27782107548
5,27064,20,270644545011
5,50570,20,505706946
5,٠٠٢٠١,20,٠٠٢٠١١٥٧٩٤٢٦٧١
5,17402,20,17402741835
5,65858,20,6585813789
5,19495,20,19495454865
5,53200,20,532003
5,20124,20,201243
5,73170,20,731707
5,30060,20,3006093000
5,32421,20,3242177850
5,24893,20,2489305
5,03015,20,03015020476
5,05238,20,0523808000
5,43363,20,43363434
5,19833,20,198331
5,05658,20,0565846271
5,15652,20,15652576594
5,37251,20,37251985077
5,49927,20,4992797
5,34287,20,342879065
5,36306,20,36306773970
5,01236,20,0123602266
5,64790,20,647905928459
5,44727,20,447272716847
5,54118,20,5411844
5,88616,20,8861698
5,65118,20,6511873
5,88328,20,8832898
5,87265,20,8726568
5,88029,20,8802982
5,25509,20,2550918
5,45299,20,4529950
5,69400,20,6940074
5,29557,20,2955791
5,63285,20,6328548
5,39560,20,3956078
5,92328,20,9232895
5,98155,20,981559980030
5,85461,20,85461227798
5,52107,20,521076118
5,74359,20,74359693733
5,44355,20,4435500
5,30374,20,3037416
5,98609,20,986096000035
5,52729,20,527292777
5,54292,20,542923270
5,50015,20,500150150
5,30507,20,30507460
5,01206,20,0120657374
5,28268,20,2826800
5,07831,20,07831357408
5,09846,20,09846903033
5,05121,20,0512113692
5,03121,20,03121142547
5,23197,20,231974
5,56766,20,567661004
5,56882,20,568822115
5,55160,20,551600616
5,18088,20,18088888
5,11988,20,11988888
5,13324,20,13324888
5,14399,20,14399888
5,50828,20,508286777
5,16800,20,1680000000
5,23700,20,237002
5,75104,20,75104600750
5,59590,20,595901
5,03360,20,03360139003
5,66841,20,66841464269
5,56333,20,563334750
5,88808,20,8880805
5,43700,20,4370000000000
5,33100,20,33100000000
5,28888,20,28888727
5,05887,20,0588770878
5,52827,20,528278309
5,20243,20,2024317111
5,20650,20,2065019920
5,94988,20,949888
5,33312,20,3331203606
5,34536,20,3453667788
5,29018,20,290180
5,06026,20,0602624537
5,07167,20,0716738644
5,07910,20,07910841623
5,60313,20,603133695925
5,44050,20,440500567273
5,26198,20,261986
5,60182,20,60182015196
5,62896,20,6289688610
5,15160,20,15160000000
5,22201,20,222010
5,43478,20,43478171
5,52530,20,525300
5,01005,20,010050
5,52440,20,524400
5,43192,20,431923
5,47540,20,475400
5,21422,20,214221
5,26130,20,261300
5,31710,20,317101
5,41230,20,412300
5,51036,20,510360
5,53022,20,530226
5,75110,20,751100
5,22640,20,226400
5,51908,20,519085
5,46150,20,461504
5,52330,20,523303
5,01200,20,012000
5,52366,20,523660
5,20028,20,2002888
5,51015,20,510150
5,20298,20,202981
5,51090,20,510900
5,53610,20,536100
5,21516,20,215163
5,71540,20,715401
5,23060,20,230601
5,10224,20,102249
5,21441,20,214413
5,47103,20,471031
5,23828,20,238281
5,86369,20,86369330056
5,21553,20,215534
5,61021,20,610212
5,21562,20,215624
5,27601,20,276016
5,86652,20,8665262389
5,41760,20,417600
5,86287,20,8628710430
5,40216,20,402160
5,86823,20,8682371365
5,11401,20,114014
5,36242,20,362421
5,86657,20,8665757567
5,43240,20,432400
5,86408,20,86408576
5,52394,20,523945
5,83400,20,834000
5,52013,20,5201314
5,43010,20,430100
5,35011,20,350119
5,35220,20,352200
5,31170,20,311700
5,86786,20,867864036
5,21513,20,215138
5,01700,20,017000
5,52602,20,526020
5,86269,20,86269589892
5,43800,20,438000
5,21404,20,214043
5,51507,20,515071
5,12500,20,125001
5,10112,20,101122
5,52450,20,524500
5,52369,20,523690
5,12200,20,122000
5,12400,20,124000
5,27430,20,274300
5,11062,20,1106230088
5,51202,20,512026
5,27670,20,276700
5,86347,20,8634770001
5,57170,20,571700
5,45551,20,455511
5,33290,20,332900
5,51906,20,519060
5,86699,20,8669918576
5,86998,20,86998129800
5,36211,20,362116
5,86192,20,8619273624
5,09192,20,091925
5,20050,20,20050606
5,19817,20,198171
5,16000,20,160000
5,86850,20,8685056853
5,61830,20,618300
5,38000,20,380009
5,86801,20,86801860755
5,86323,20,863237710
5,19518,20,1951802
5,11298,20,1129818
5,31702,20,317022
5,42612,20,42612464
5,55504,20,555045554
5,59650,20,596508413
5,64787,20,6478795017
5,77680,20,7768005151
5,56921,20,569217245
5,73269,20,7326982121
5,99196,20,991961
5,56974,20,569749261
5,44874,20,448748151956
5,50419,20,504196590
5,07734,20,07734540921
5,27769,20,27769177658
5,24037,20,2403703348
5,24246,20,242461
5,56364,20,563648638
5,41233,20,412336633
5,65659,20,65659014722
5,13468,20,13468043401
5,54400,20,544000027
5,54707,20,547077908
5,30188,20,3018886353
5,33198,20,3319851851
5,03007,20,03007061115
5,51729,20,5172921333
5,81461,20,81461000
5,37605,20,3760506410375
5,26071,20,26071789
5,44486,20,44486301
5,44231,20,44231104
5,21633,20,2163319512617
5,56814,20,5681446
5,51955,20,51955104
5,05684,20,056846900
5,55833,20,558336963
5,28763,20,287635504
5,26646,20,266466904
5,62026,20,62026004
5,66598,20,66598204
5,66377,20,66377304
5,66497,20,66497904
5,26475,20,264750004
5,49218,20,49218004
5,66411,20,66411604
5,26653,20,266533004
5,28444,20,284444404
5,26834,20,268347404
5,85149,20,85149904
5,27252,20,272522204
5,22393,20,22393604
5,26469,20,264692504
5,26953,20,269533604
5,66152,20,66152104
5,39425,20,394255204
5,35533,20,355333604
5,26968,20,269688504
5,35285,20,352855804
5,65388,20,6538830050
5,48038,20,48038904
5,34927,20,349275404
5,34265,20,342650604
5,49518,20,49518704
5,39535,20,395355204
5,34881,20,348817804
5,39417,20,394173804
5,35277,20,352775504
5,34156,20,34156704
5,34803,20,3480343
5,34325,20,343258304
5,37330,20,373300
5,44546,20,44546204
5,85806,20,85806904
5,39795,20,397950004
5,39877,20,398774504
5,34443,20,344436604
5,39826,20,398268404
5,65141,20,6514147050
5,27209,20,272091104
5,39551,20,395519104
5,66202,20,662025
5,27280,20,272807604
5,39815,20,398151004
5,38194,20,38194604
5,44586,20,44586104
5,35216,20,352168504
5,38754,20,38754404
5,39818,20,3981878
5,34829,20,348294804
5,38281,20,38281704
5,49494,20,494944304
5,67450,20,674500002
5,39804,20,398046504
5,31555,20,31555304
5,26464,20,264644604
5,30444,20,304444234
5,48183,20,48183604
5,64252,20,6425232050
5,28844,20,288441704
5,45982,20,45982304
5,34776,20,347766204
5,34204,20,342042504
5,64556,20,6455649050
5,44164,20,44164304
5,23817,20,23817204
5,31606,20,316063
5,33845,20,338459604
5,39544,20,395445904
5,31549,20,315493
5,49290,20,492908
5,45187,20,45187104
5,34695,20,346957
5,31659,20,31659504
5,61273,20,61273104
5,33219,20,332193904
5,26347,20,263477704
5,33825,20,338251204
5,39840,20,3984080
5,39847,20,398479704
5,39922,20,399229804
5,49197,20,49197504
5,32353,20,323533304
5,62233,20,62233004
5,34302,20,343020204
5,34037,20,340373704
5,34806,20,348069904
5,88441,20,884415704
5,45714,20,45714904
5,39830,20,398300604
5,39712,20,397129704
5,38646,20,38646204
5,33822,20,338226504
5,34327,20,343277604
5,39418,20,394180404
5,39801,20,398016704
5,34463,20,344631204
5,33555,20,335552304
5,04803,20,048035100
5,35561,20,3556180
5,04515,20,04515837
5,97467,20,9746702873
5,97042,20,97042232329
5,02499,20,024999999
5,35725,20,35725557703
5,97504,20,97504539725
5,98281,20,982813678180
5,79582,20,7958227337
5,36747,20,367478404
5,97026,20,97026344892
5,02698,20,026981111
5,33515,20,335154604
5,18183,20,18183604612
5,02692,20,026920343
5,06517,20,065173381
5,21237,20,21237752563
5,36179,20,3617941
5,85896,20,8589675975
5,06542,20,065420556
5,04401,20,04401932566692
5,98671,20,986712221078
5,09717,20,097172442170
5,41227,20,41227345550
5,21370,20,21370230265
5,02614,20,026149521
5,03765,20,037655076
5,91402,20,914023220468
5,13019,20,13019070976
5,99871,20,998711531457
5,04417,20,0441792872868
5,03784,20,037844668
5,18182,20,18182423115
5,39010,20,390106504
5,25527,20,255272565627
5,02582,20,025823937
5,03111,20,031111111
5,04459,20,044591378
5,35391,20,353915904
5,36391,20,363913204
5,39081,20,390815736582
5,04534,20,04534199
5,28854,20,2885419
5,42013,20,420137104
5,88028,20,88028819772
5,96603,20,966038347077
5,98341,20,983413310066
5,05225,20,0522519045
5,35312,20,3531215
5,38235,20,38235304
5,26404,20,264046004
5,39557,20,395577404
5,63222,20,632220002
5,36894,20,368942904
5,37412,20,3741204
5,04550,20,045500823
5,26267,20,262677704
5,56275,20,56275728
5,05435,20,0543554550
5,96809,20,968092198274
5,34797,20,347976904
5,36080,20,360804704
5,02417,20,024174400
5,35517,20,355179104
5,36067,20,360671104
5,36153,20,361537604
5,36394,20,363943504
5,36094,20,360945004
5,42023,20,420239704
5,35290,20,352909604
5,36187,20,3618707
5,36264,20,3626419
5,39464,20,3946454
5,37452,20,374522104
5,33955,20,339555504
5,32414,20,324142004
5,35502,20,355029204
5,36193,20,361933304
5,36081,20,3608182
5,36064,20,360645504
5,36083,20,360837904
5,44982,20,449821
5,45599,20,4559993050
5,34824,20,348240404
5,34991,20,349919904
5,27283,20,272832404
5,64412,20,6441220050
5,16143,20,16143534566
5,15108,20,15108353050
5,02509,20,025091500
5,98152,20,981525267555
5,15097,20,15097347709
5,34495,20,344955504
5,44487,20,44487804
5,39876,20,3987671
5,64442,20,6444260050
5,39819,20,398192204
5,39442,20,394422004
5,34801,20,348014904
5,34995,20,3499599
5,66717,20,66717104
5,26330,20,263306404
5,26353,20,263532304
5,66995,20,66995404
5,28741,20,287410804
5,29664,20,296644504
5,26696,20,266960404
5,66757,20,66757704
5,62436,20,6243669050
5,62444,20,6244489050
5,28255,20,2825500004
5,22477,20,224778004
5,32118,20,32118204
5,34044,20,3404440
5,45201,20,4520139362
5,39665,20,396654404
5,32918,20,3291843
5,49389,20,4938987050
5,31599,20,315997
5,38213,20,38213804
5,53633,20,53633404
5,44196,20,44196804
5,64417,20,6441799050
5,39446,20,394466704
5,53808,20,538084706
5,26336,20,263363104
5,26116,20,261161304
5,49942,20,49942704
5,39420,20,394208304
5,85116,20,85116004
5,64512,20,64512204
5,52415,20,524158406
5,13407,20,13407779499
5,66655,20,666555502
5,39791,20,3979191
5,62449,20,6244933050
5,33868,20,338688504
5,33449,20,3344990
5,26123,20,26123322333
5,42074,20,420748204
5,98351,20,983515225291
5,26442,20,264425204
5,33389,20,333899904
5,85920,20,85920704
5,83260,20,8326088
5,69231,20,69231004
5,62766,20,627660002
5,64191,20,64191704
5,26616,20,266166404
5,26266,20,262669604
5,45338,20,45338104
5,64448,20,6444882050
5,88346,20,883466
5,85743,20,85743104
5,28775,20,287750004
5,55326,20,5532601050
5,28715,20,287151704
5,28592,20,285927204
5,85923,20,85923504
5,25433,20,254332004
5,28761,20,287611804
5,88788,20,887883535176
5,88727,20,88727604
5,28519,20,285196304
5,85160,20,851608
5,68263,20,68263604
5,26249,20,262492404
5,26685,20,2668581
5,76668,20,766682506
5,85949,20,85949604
5,26412,20,264120604
5,26360,20,2636000
5,66782,20,667827
5,64337,20,64337604
5,64142,20,64142904
5,88500,20,88500804
5,26265,20,2626556
5,35566,20,355660904
5,36828,20,3682835
5,22855,20,228558804
5,36744,20,367442304
5,36170,20,361707204
5,31563,20,315631
5,45411,20,454117
5,49843,20,498432
5,44856,20,448562
5,36060,20,360604104
5,02068,20,0206816945
5,34738,20,3473888
5,35018,20,3501888
5,14428,20,1442888
5,14948,20,1494888
5,16868,20,1686888
5,24288,20,2428888
5,24658,20,2465888
5,24708,20,2470888
5,15038,20,1503888
5,15308,20,1530888
5,24228,20,2422888
5,41968,20,4196888
5,42038,20,4203888
5,12778,20,1277888
5,23918,20,2391888
5,25938,20,2593888
5,24588,20,2458888
5,28948,20,2894888
5,37178,20,3717888
5,31258,20,3125888
5,26798,20,2679888
5,30098,20,3009888
5,28318,20,2831888
5,28358,20,2835888
5,37858,20,3785888
5,25738,20,2573888
5,25208,20,2520888
5,20468,20,2046888
5,07788,20,07788658958
5,11918,20,119186
5,16538,20,1653888
5,29808,20,2980888
5,32838,20,3283888
5,29928,20,2992888
5,17098,20,1709888
5,08055,20,08055030484
5,15138,20,1513888
5,27138,20,2713888
5,15218,20,1521888
5,34288,20,3428888
5,14898,20,1489888
5,14498,20,1449888
5,88141,20,881415904
5,22648,20,2264888
5,20258,20,2025888
5,34188,20,3418888
5,34308,20,3430888
5,13128,20,1312888
5,14338,20,1433888
5,14468,20,1446888
5,20958,20,2095888
5,12878,20,1287888
5,13118,20,1311888
5,77905,20,77905006000
5,24678,20,2467888
5,33058,20,3305888
5,19458,20,1945888
5,21948,20,2194888
5,19408,20,1940888
5,79226,20,79226526500
5,79290,20,79290017893
5,17048,20,1704888
5,17398,20,1739888
5,17518,20,1751888
5,12538,20,1253888
5,12568,20,1256888
5,66863,20,66863539567
5,65685,20,6568586066
5,13345,19,13345572502
5,07970,19,07970473514
5,82614,19,82614377657
5,84171,19,84171751992
5,05954,19,0595452967
5,80396,19,8039668405
5,80305,19,8030507314
5,80994,19,8099449654
5,80231,19,8023145102
5,08096,19,08096493021
5,10330,19,103304687
5,96329,19,96329730
5,98698,19,98698539
5,97954,19,97954440
5,87984,19,87984270
5,91166,19,91166870
5,83114,19,83114818
5,82880,19,82880806
5,94562,19,94562847
5,90222,19,90222289
5,82260,19,82260620
5,87428,19,87428940
5,09126,19,091268541
5,85418,19,85418439
5,98799,19,98799511
5,87481,19,87481320
5,96807,19,96807333
5,88339,19,88339970
5,96930,19,96930120
5,82996,19,82996960
5,96759,19,96759205
5,97892,19,97892637
5,97895,19,97895666
5,97619,19,97619122
5,96515,19,96515401
5,93211,19,93211471
5,93274,19,93274327
5,90478,19,90478379
5,96799,19,96799702
5,91339,19,91339359
5,64724,19,64724746
5,97440,19,97440768844
5,17045,19,170455
5,53703,19,5370330117
5,13606,19,13606439899
5,15324,19,15324226865
5,18635,19,18635579997
5,65428,19,65428535
5,65654,19,65654204
5,56505,19,565052964
5,96717,19,96717061116
5,83242,19,8324262334
5,19545,19,19545432415
5,17093,19,17093775387
5,83142,19,83142225475
5,87965,19,8796516
5,47383,19,4738386
5,87310,19,8731006
5,84324,19,8432437
5,89769,19,8976958
5,38206,19,3820640
5,86843,19,8684308
5,85647,19,8564793
5,87954,19,8795458
5,88920,19,8892060
5,38789,19,3878966
5,88683,19,8868391
5,86162,19,8616235
5,88743,19,8874328
5,57653,19,5765368
5,88069,19,8806938
5,64585,19,6458542
5,53344,19,533445535
5,44052,19,440528327420
5,62819,19,6281931110773
5,64401,19,6440146
5,17042,19,17042880
5,42646,19,4264636
5,79673,19,79673999995
5,79269,19,79269058071
5,78482,19,78482514984
5,10261,19,1026186
5,23368,19,2336852
5,88033,19,88033003
5,71600,19,7160086
5,50060,19,500600
5,32588,19,3258852
5,56653,19,566537350
5,58817,19,588174752
5,56355,19,563552267
5,55728,19,557288882
5,59545,19,595452967
5,42599,19,4259927
5,40075,19,400755
5,17089,19,17089065
5,03609,19,0360914488
5,23222,19,23222230052
5,65311,19,65311777
5,45188,19,4518838
5,34655,19,34655935344
5,85858,19,858589
5,28200,19,2820029
5,28422,19,2842222
5,44840,19,4484043
5,44991,19,4499170
5,19089,19,19089308031
5,56499,19,564993226
5,17075,19,17075783254
5,44404,19,44404887900
5,24914,19,2491462448
5,11210,19,112104454544
5,50477,19,504773746
5,39170,19,391700004
5,95910,19,9591067473
5,22641,19,2264187
5,87329,19,87329161
5,13998,19,13998693900
5,45231,19,45231399
5,32454,19,324545
5,62120,19,6212003
5,26700,19,267001
5,45678,19,456789
5,04111,19,041118
5,36886,19,3688690
5,34370,19,343700
5,38250,19,382508
5,86613,19,866138111
5,38240,19,382401
5,33160,19,331600
5,22213,19,222137
5,40941,19,409410
5,88844,19,88844000
5,33702,19,337027
5,20123,19,201236
5,13873,19,13873569268
5,25702,19,257026
5,35225,19,352256
5,66120,19,661200
5,60606,19,606068
5,12123,19,1212333
5,02072,19,02072313138
5,22996,19,22996149086
5,54555,19,545556776
5,66674,19,6667433
5,68358,19,68358733
5,28608,19,2860836
5,39441,19,394413804
5,20973,19,209736504
5,26114,19,261140704
5,31119,19,31119404
5,34404,19,344040104
5,33225,19,332251304
5,64476,19,644768402
5,39475,19,394759604
5,34057,19,340576704
5,44619,19,44619904
5,64444,19,6444411
5,98221,19,9822112195
5,21671,19,21671749142
5,33017,19,330177704
5,12116,19,1211688
5,22468,19,224680004
5,17322,19,17322972009
5,20238,19,20238519442
5,45265,19,452659024
5,21268,19,212681981758
5,22808,19,2280889
5,26838,19,268383004
5,14048,19,14048259190
5,28743,19,287430304
5,26462,19,264621904
5,26804,19,268041404
5,27378,19,27378050
5,26454,19,26454404
5,39435,19,3943539
5,33299,19,332997804
5,33958,19,339583004
5,28811,19,2881108
5,81905,19,819054031817
5,32908,19,329088404
5,35336,19,3533633
5,26408,19,26408083
5,85688,19,85688004
5,22378,19,22378004
5,28538,19,285380004
5,28578,19,285782504
5,22649,19,226494604
5,34098,19,340989504
5,36841,19,368410504
5,38048,19,380487773373
5,07082,19,07082021
5,64782,18,6478216444
5,23497,18,23497801840
5,55569,18,55569944
5,79551,18,7955145003
5,98323,18,98323255
5,78990,18,7899045212
5,74271,18,7427106784
5,96547,18,9654754280
5,64492,18,64492204
5,39720,18,3972003
5,14802,18,14802090827
5,75453,18,7545338062
5,07412,18,07412328618
5,94770,18,94770699168
5,15122,18,15122580216
5,55586,18,555866640
5,56178,18,561780722
5,55938,18,559387258
5,52871,18,528711171
5,50326,18,503267326
5,38765,18,38765578108
5,41554,18,41554409344
5,91183,18,911832568
5,61134,18,611343
5,92502,18,92502138564
5,56849,18,568490475
5,54527,18,545273134
5,59450,18,594501
5,60531,18,6053100
5,63253,18,63253615
5,63523,18,63523100
5,63608,18,63608862
5,65339,18,6533988
5,66112,18,66112313
5,67508,18,67508716
5,67919,18,67919810
5,68614,18,68614400
5,68914,18,6891436
5,69055,18,690557302
5,72182,18,72182601111
5,74185,18,7418520001
5,74911,18,7491190
5,75174,18,7517439
5,79295,18,7929527
5,80891,18,8089115
5,81112,18,811125
5,81122,18,811221
5,85732,18,8573237
5,87346,18,8734691
5,88022,18,880229
5,88116,18,881161985
5,88218,18,882180
5,88840,18,88840865
5,88868,18,888688
5,89600,18,896008
5,89884,18,8988411
5,95003,18,95003199
5,97580,18,97580042725
5,15152,18,151521
5,36666,18,3666606
5,10601,18,1060133786
5,92114,18,92114277
5,25159,18,251598849
5,13645,18,13645865999
5,69087,18,690876972
5,19714,18,19714739
5,11538,18,1153888
5,10198,18,1019888
5,56948,18,569488191
5,56445,18,564458308
5,56323,18,563231888
5,56273,18,562733268
5,55697,18,556973681
5,55685,18,556853995
5,55182,18,551828918
5,52868,18,528685388
5,52553,18,525532107
5,52441,18,524412741
5,52309,18,523091565
5,52272,18,522726669
5,52265,18,522658011
5,52127,18,521271425
5,51909,18,519093392
5,51055,18,510559664
5,50992,18,509928216
5,50065,18,500656486
5,55180,18,551800726
5,55704,18,557045888
5,55138,18,551386888
5,55611,18,556113597
5,52208,18,522081668
5,52410,18,524103856
5,56057,18,560571561
5,56764,18,567644446
5,52212,18,522121157
5,54696,18,546967010
5,52299,18,522999954
5,54419,18,544196669
5,52612,18,526126849
5,50430,18,504306000
5,81805,18,818050335999
5,11163,18,1116316075
5,10252,18,1025257177
5,99541,18,99541877
5,12000,18,1200076535
5,90484,18,9048451234
5,78910,18,7891010101
5,24047,18,2404726671
5,98903,18,989037201522
5,94718,18,94718911168
5,38651,18,38651752560
5,10160,18,10160714
5,34220,18,3422030230
5,32162,18,3216260621
5,30094,18,3009406298
5,33369,18,3336922971
5,30036,18,3003654614
5,32225,18,3222521962
5,31536,18,3153623782
5,05231,18,0523118654
5,05477,18,0547775897
5,08555,18,0855519330
5,01020,18,010203
5,19872,18,1987210
5,17010,18,1701003215
5,11502,18,1150230565
5,53378,18,533780065
5,15236,18,15236875921
5,17819,18,1781906113
5,84396,18,843965838
5,30416,18,3041646949
5,10954,18,1095409094
5,15489,18,1548987999
5,84367,18,8436725469
5,79912,18,799120043
5,13393,18,1339314060
5,84501,18,845013586
5,12809,18,1280971620
5,28120,18,281202699
5,84622,18,846226546
5,95265,18,952658984
5,39292,18,392920085
5,19842,18,1984267102
5,36026,18,360267760
5,14269,18,1426932610
5,30614,18,306146326
5,17179,18,171793066
5,24723,18,2472306074
5,38629,18,386299301
5,75909,18,759095495
5,65252,18,6525295643
5,16532,18,1653269885
5,90512,18,905129161
5,10365,18,103654976
5,92235,18,922354679
5,42248,18,422486765
5,27672,18,2767204983
5,37946,18,379460473
5,17291,18,172911063
5,34796,18,34796654657
5,96357,18,96357681846
5,27664,18,276643788
5,76643,18,7664354876
5,94802,18,948029381
5,13952,18,1395212276
5,82241,18,822414816
5,74796,18,747968538
5,49726,18,497266842
5,41361,18,413613636
5,87050,18,870504
5,12926,18,1292684415
5,67314,18,673149276
5,71495,18,714953454
5,63187,18,631875866
5,13657,18,13657984666
5,89634,18,896345876
5,15842,18,15842706011
5,31846,18,318464673
5,69359,18,69359777
5,18965,18,18965742386
5,16890,18,1689074235
5,78268,18,782682180
5,10936,18,1093618125
5,27049,18,270492056
5,96438,18,964388725
5,40606,18,406060767
5,27194,18,2719410173
5,78517,18,78517965
5,17339,18,1733973285
5,10424,18,104245802
5,46656,18,466564263
5,97698,18,976987947
5,11734,18,1173487436
5,25632,18,2563245125
5,99968,18,9996826763
5,73676,18,736762600
5,31272,18,312724601
5,86321,18,86321564978
5,18679,18,186795423776
5,41809,18,418098317
5,14685,18,1468579254
5,41132,18,411323657
5,91512,18,915121
5,44611,18,446110028
5,47490,18,4749049
5,49519,18,495193642
5,10191,18,1019144972
5,45428,18,4542800800
5,18098,18,18098550101
5,79271,18,7927137
5,30044,18,3004485676
5,52516,18,525162470
5,94588,18,9458855
5,95400,18,9540000000
5,86294,18,8629459
5,96400,18,964000000000
5,16572,18,16572069594
5,13302,18,13302888
5,50162,18,501624242
5,50779,18,507793301
5,50693,18,506934411
5,50329,18,503293770
5,54542,18,5454293232
5,89166,18,89166517151
5,78824,18,7882477754
5,79653,18,79653486585
5,35296,18,35296583285
5,49575,18,4957536467
5,34331,18,3433195659
5,77708,18,7770830065
5,52727,18,5272702
5,19490,18,1949090800
5,19741,18,1974110600
5,56561,18,565610
5,17072,18,17072017
5,52956,18,529568075
5,67670,18,676701
5,63916,18,639167665375
5,51525,18,51525296
5,38528,18,38528586
5,90507,18,905072902464
5,97566,18,9756686
5,15672,18,156726
5,49234,18,49234380530
5,92500,18,92500092300
5,33504,18,33504720184
5,54183,18,5418364
5,89226,18,8922660
5,99850,18,998500099890
5,16134,18,16134131757
5,91200,18,91200000000
5,43343,18,43343581
5,56492,18,56492581
5,17700,18,17700000000
5,54311,18,543111799
5,52744,18,527444442
5,90100,18,9010000000
5,32668,18,3266880
5,56628,18,566286802
5,12561,18,125614564156
5,33574,18,3357461152
5,33123,18,3312397108
5,22670,18,22670203358
5,14153,18,14153877123
5,56046,18,5604614
5,25450,18,254507495068
5,18295,18,1829501685045
5,07786,18,07786078171
5,77950,18,7795062948
5,98506,18,98506198001
5,78500,18,7850030252
5,96670,18,966704670981
5,78772,18,7877282486
5,44111,18,441117361900
5,40774,18,407743225080
5,45506,18,45506543219
5,44035,18,4403500055
5,63418,18,634183999
5,67441,18,67441798
5,12858,18,1285851346
5,14228,18,14228166
5,96852,18,968529689922
5,23466,18,234667662
5,88773,18,887739
5,96885,18,9688522361
5,27253,18,272532204
5,61650,18,6165090
5,42195,18,42195158
5,92402,18,924029494
5,33539,18,3353900736
5,44415,18,4441512
5,74950,18,7495068
5,81509,18,81509019998
5,54320,18,543200200
5,20040,18,200400
5,86204,18,86204716595
5,86290,18,8629022323
5,86688,18,8668819726
5,30002,18,300021
5,86815,18,8681560568
5,27928,18,279285
5,86289,18,862896709577
5,86274,18,8627400319
5,86899,18,8689999999999
5,86260,18,8626064325
5,35501,18,355012
5,86798,18,867986783505
5,86808,18,8680880381
5,86918,18,869187560591
5,32350,18,323502
5,86219,18,86219986
5,86232,18,862322277
5,32401,18,324014
5,26143,18,261436
5,33146,18,331468
5,07150,18,071500
5,45415,18,454150
5,66510,18,665100
5,44808,18,448080
5,25504,18,255047
5,22223,18,222233
5,74012,18,7401230031
5,86658,18,8665886038
5,20228,18,202285
5,86299,18,86299313596
5,26101,18,261011
5,20538,18,2053888
5,86935,18,869356218146
5,45615,18,456150
5,86338,18,86338220745
5,55565,18,555655400
5,30067,18,3006749835
5,30080,18,3008071977
5,92812,18,92812835694
5,56239,18,562392110
5,33173,18,33173645083
5,66036,18,66036965558
5,42694,18,42694599
5,61825,18,61825635566
5,90963,18,9096300009
5,98045,18,9804570840
5,90910,18,90910280
5,16156,18,16156479859
5,27787,18,27787491745
5,27617,18,27617006700
5,43859,18,43859745
5,43331,18,43331003
5,11416,18,114167318989
5,18049,18,18049290390
5,50001,18,500010001
5,59500,18,595006005
5,50521,18,505219191
5,13038,18,13038222861
5,22198,18,221989
5,69434,18,694345224
5,98616,18,986161119701
5,96627,18,9662786865938
5,45156,18,4515697
5,33212,18,332125
5,53599,18,5359993
5,28514,18,2851474
5,66271,18,66271704
5,28707,18,287070704
5,26240,18,2624000
5,34867,18,3486792
5,44618,18,44618704
5,31175,18,311756
5,34458,18,3445861
5,44215,18,44215904
5,28278,18,282788004
5,34474,18,3447423
5,33441,18,3344178
5,33586,18,3358683
5,38294,18,38294504
5,65908,18,6590838050
5,26824,18,2682448
5,31331,18,31331904
5,39806,18,3980616
5,40802,18,4080250
5,38441,18,3844193824850
5,49396,18,4939687
5,65414,18,6541419
5,26872,18,2687222
5,35121,18,351218877576
5,39166,18,391666
5,94310,18,94310102
5,54723,18,547238602
5,04205,18,042052999
5,09661,18,096614426136
5,41266,18,412668
5,80092,18,800926
5,39554,18,395546404
5,26698,18,266983204
5,33277,18,3327767
5,34178,18,3417889
5,64418,18,6441800
5,44461,18,444616
5,66493,18,664936150
5,19083,18,19083984961
5,45577,18,455777
5,27103,18,271032465
5,34447,18,3444777
5,20853,18,2085344
5,33248,18,332488004
5,33181,18,3318126
5,28923,18,289239604
5,26288,18,262880604
5,66226,18,662260341122
5,96573,18,965738389
5,34538,18,3453877004
5,36798,18,367987204
5,16608,18,1660888
5,14888,18,1488888
5,28988,18,2898888
5,29268,18,2926888
5,23148,18,2314888
5,23358,18,2335888
5,14908,18,1490888
5,15488,18,1548888
5,15518,18,1551888
5,43728,18,4372888
5,25368,18,2536888
5,23568,18,2356888
5,23238,18,2323888
5,16398,18,1639888
5,25648,18,2564888
5,22988,18,2298888
5,28388,18,2838888
5,36938,18,3693888
5,19338,18,1933888
5,10688,18,1068888
5,15298,18,1529888
5,19928,18,1992888
5,12448,18,1244888
5,30418,18,3041888
5,25768,18,2576888
5,52171,18,521713563
5,52244,18,522448863
5,38761,18,38761897181
5,54403,18,544032465
5,05894,18,0589462460
5,63144,18,6314452641
5,07949,18,07949944455
5,23098,18,2309888
5,17018,18,1701888
5,33218,18,3321888
5,86488,18,864888
5,12318,18,1231888
5,87088,18,870888
5,88588,18,885888
5,93488,18,934888
5,16718,18,1671888
5,16408,18,1640888
5,17238,18,1723888
5,96588,18,965888
5,12558,18,1255888
5,12608,18,1260888
5,12758,18,1275888
5,16688,18,1668888
5,32818,18,3281888
5,22028,18,2202888
5,99197,18,991977
5,02092,18,02092019
5,21082,18,21082017
5,22012,18,22012021
5,33756,17,3375689
5,22107,17,221070
5,45455,17,454553277737
5,29962,17,2996229
5,35853,17,358531539219
5,44433,17,44433616
5,79800,17,7980000000
5,11005,17,1100575503
5,91708,17,917086756934
5,17744,17,17744411315
5,42827,17,4282737
5,41297,17,412975292
5,79462,17,7946205786
5,78094,17,7809409762
5,58398,17,583981737
5,56465,17,564656
5,91215,17,9121500900
5,41189,17,41189480
5,03225,17,03225103786
5,20157,17,201573
5,91825,17,918255004202
5,91089,17,9108943088244
5,22587,17,22587944300
5,22506,17,22506722628
5,14377,17,14377791874
5,45272,17,4527207808
5,44766,17,4476669
5,48023,17,480237088
5,18137,17,18137288706
5,92240,17,922405007
5,62851,17,6285100057019
5,35360,17,3536049
5,92880,17,9288000
5,14124,17,14124888
5,26418,17,264181304
5,35302,17,353022004
5,68447,17,68447704
5,68583,17,68583704
5,39413,17,3941345
5,34996,17,349967704
5,65407,17,6540776050
5,49051,17,49051904
5,39547,17,3954747
5,62527,17,6252779050
5,34027,17,340272204
5,44654,17,446546
5,34021,17,340212004
5,39562,17,395626104
5,73517,17,73517314973
5,66450,17,66450557
5,72765,17,727653024
5,75701,17,7570179
5,75393,17,753932702
5,78672,17,78672280309
5,74872,17,74872316952
5,87153,17,8715360394
5,79457,17,79457653963
5,73212,17,73212419221
5,72723,17,7272335519
5,74992,17,74992496133
5,77171,17,7717118972
5,48852,17,48852895
5,39701,17,397016104
5,56410,17,564109731
5,19761,17,1976102700
5,19840,17,1984032500
5,50006,17,50006000
5,04474,17,0447490818396
5,97232,17,9723214911000
5,56522,17,565227920
5,50512,17,505129192
5,19701,17,19701970
5,50017,17,500179992
5,43477,17,43477070
5,45586,17,45586128
5,88077,17,8807756
5,28210,17,2821003
5,61448,17,61448430342
5,90377,17,9037757
5,79111,17,79111004777
5,76716,17,7671676
5,44417,17,4441714
5,67787,17,677876702
5,36398,17,363989704
5,58585,17,585859002
5,34760,17,3476087
5,53262,17,5326266
5,79996,17,7999699
5,27839,17,27839872887
5,92582,17,925827451363
5,34669,17,34669084274
5,44225,17,44225750
5,44561,17,44561789
5,41925,17,41925230399
5,32516,17,325161604
5,39452,17,3945296
5,88193,17,881936761577
5,49899,17,498990199030
5,44376,17,44376853
5,25524,17,255242231956
5,44575,17,44575000
5,43958,17,43958996
5,50891,17,508912404
5,47922,17,4792236632
5,49948,17,4994876
5,45289,17,4528903070
5,55951,17,559513378
5,52951,17,529515151
5,55201,17,552013222
5,17785,17,17785589711
5,26744,17,26744410
5,55369,17,553694022
5,98112,17,981123495413
5,36430,17,364301
5,47415,17,474150
5,19831,17,19831020
5,25706,17,257061
5,11701,17,117016
5,61820,17,618200
5,66200,17,662000
5,64120,17,641208
5,40256,17,402560
5,21130,17,211303
5,35050,17,350500
5,27330,17,273300
5,11410,17,114100
5,34420,17,344200
5,03200,17,032000
5,35311,17,353111
5,52404,17,524043
5,44341,17,44341346
5,18146,17,18146574490
5,12475,17,124757219
5,39404,17,39404988
5,45303,17,4530304010
5,65514,17,6551422
5,19494,17,19494298643
5,18649,17,18649315002
5,36813,17,3681308
5,44411,17,444118
5,20972,17,2097222
5,02606,17,026063863
5,52461,17,524610222
5,04243,17,042434560
5,13102,17,13102650507
5,32987,17,329870004
5,18184,17,18184191699
5,02671,17,026711154
5,15196,17,15196949060
5,36176,17,361763704
5,26737,17,267373804
5,33499,17,3349992
5,35929,17,35929882545
5,40328,17,4032811881
5,40848,17,4084899977
5,79853,17,79853121212
5,48606,17,48606882963
5,28915,17,289155604
5,26544,17,2654494
5,85598,17,85598164
5,45288,17,4528819050
5,33298,17,332985904
5,28628,17,286284504
5,65400,17,6540040050
5,54572,17,5457232050
5,26218,17,262181104
5,33038,17,3303838
5,32468,17,3246888
5,36308,17,3630888
5,04721,17,047211121
5,63431,16,6343140
5,19847,16,198474
5,20136,16,201368
5,18099,16,18099552917
5,66641,16,66641701
5,55877,16,55877098
5,12039,16,12039097779
5,44509,16,44509134
5,91083,16,9108398921211
5,05864,16,0586487318
5,05985,16,0598516488
5,13100,16,1310000
5,52125,16,52125729
5,96504,16,96504754264
5,52691,16,526914666
5,22612,16,226129
5,24952,16,249529665588
5,90633,16,9063333
5,45092,16,4509290
5,92599,16,92599689632
5,87052,16,870525
5,14557,16,1455738860
5,11514,16,115146606167
5,60378,16,60378779911
5,09669,16,096696163
5,94767,16,94767374764
5,94769,16,94769713070
5,05659,16,0565960003
5,79488,16,7948888
5,42653,16,42653040
5,41245,16,41245441
5,43380,16,43380065
5,43409,16,43409740
5,44523,16,44523588
5,42622,16,42622600
5,44493,16,44493021
5,43202,16,43202286
5,46024,16,46024140
5,25588,16,25588519
5,24452,16,24452232
5,77589,16,7758927
5,45082,16,45082097
5,56733,16,567331992
5,43573,16,43573933
5,52685,16,526856222
5,43313,16,43313211
5,25501,16,25501200
5,43279,16,43279727
5,43608,16,43608898
5,43214,16,43214646
5,43350,16,43350715
5,43551,16,43551882
5,43537,16,43537186
5,48094,16,48094000
5,56796,16,567966433
5,43801,16,43801180
5,43492,16,43492412
5,43850,16,43850667
5,42648,16,42648646
5,48035,16,48035100
5,75171,16,7517106
5,48871,16,48871333
5,43591,16,43591590
5,42941,16,42941234
5,24994,16,24994227
5,55894,16,558944777
5,56306,16,563064441
5,48831,16,48831415
5,74727,16,7472794
5,56938,16,569382852
5,61634,16,6163451
5,43484,16,43484538
5,48114,16,48114000
5,44370,16,44370201
5,50299,16,502995555
5,56972,16,569720850
5,44321,16,44321551
5,56701,16,567016340
5,48827,16,48827762
5,42405,16,42405050
5,46091,16,46091497
5,42711,16,42711177
5,49543,16,49543504
5,43245,16,43245846
5,43861,16,43861165
5,43535,16,43535080
5,43554,16,43554707
5,43447,16,43447212
5,72433,16,72433128
5,93008,16,93008432929
5,55149,16,551497000
5,45572,16,45572115
5,79684,16,79684394949
5,56964,16,56964736750
5,61427,16,61427534959
5,91871,16,918718996238
5,94055,16,94055438234
5,88447,16,8844775566
5,84655,16,84655445787888
5,95961,16,9596111395
5,13067,16,13067167111
5,07828,16,07828690203
5,41860,16,418606
5,76666,16,766667
5,56258,16,562582524
5,42959,16,42959902
5,42241,16,42241250
5,43308,16,43308184
5,50783,16,507832831
5,43474,16,43474422
5,55589,16,555898954
5,56865,16,5686509
5,72461,16,72461461
5,70825,16,708250004
5,43867,16,43867325
5,26933,16,2693332050
5,54447,16,544471772
5,54462,16,544628420
5,50606,16,506062330
5,56156,16,561560651
5,91127,16,911274264000
5,54759,16,547596134
5,98984,16,9898474455
5,11216,16,11216662222
5,12080,16,120802
5,13310,16,13310991077
5,13070,16,130705
5,13673,16,13673362696
5,80119,16,8011981108
5,54738,16,547380456
5,11624,16,1162424583
5,99094,16,990945
5,23010,16,23010000
5,58110,16,581101
5,60760,16,607608
5,10056,16,100563
5,15153,16,151531
5,84800,16,848000
5,86903,16,869032034444
5,43330,16,433300
5,40521,16,405214500
5,24140,16,241403102208
5,52106,16,521069324
5,56271,16,562713611
5,56621,16,566213977
5,55357,16,553579970
5,55153,16,551532003
5,52792,16,527926777
5,54523,16,545231231
5,52879,16,528799918
5,52923,16,529232895
5,57750,16,577501
5,45421,16,4542170570
5,98180,16,9818088989
5,27642,16,27642370636
5,58276,16,582765120
5,12399,16,12399617265
5,15186,16,15186353050
5,30690,16,306906415600
5,34688,16,34688337369
5,79672,16,79672733764
5,82724,16,8272403
5,34621,16,3462135836
5,23985,16,239855
5,30053,16,3005339146
5,30850,16,3085059473
5,34583,16,3458360022
5,21349,16,2134961683
5,30059,16,3005932464
5,83839,16,8383983
5,30747,16,3074787360
5,30844,16,3084440623
5,31024,16,3102474972
5,32227,16,3222798812
5,32382,16,3238232771
5,03326,16,03326078888
5,33592,16,3359219216
5,33328,16,3332861030
5,32244,16,3224420902
5,30392,16,3039295009
5,34592,16,3459274444
5,34123,16,3412382468
5,34540,16,3454023033
5,32294,16,3229484603
5,30912,16,3091281441
5,33716,16,3371621500
5,34724,16,3472442897
5,34572,16,3457202220
5,32270,16,3227070211
5,30074,16,3007476962
5,31199,16,3119991110
5,31812,16,3181222357
5,87938,16,8793883
5,32152,16,3215215490
5,34533,16,3453323135
5,03324,16,03324170455
5,31582,16,3158234425
5,31363,16,3136361801
5,30428,16,3042876118
5,31266,16,3126622345
5,30043,16,300430753
5,33502,16,3350221620
5,30424,16,3042473052
5,33512,16,3351240114
5,31524,16,3152462757
5,03006,16,03006355853
5,30619,16,3061939415
5,31184,16,3118462488
5,33511,16,3351125785
5,34580,16,3458060609
5,34227,16,3422770040
5,31584,16,3158457131
5,30125,16,3012520998
5,30522,16,3052277335
5,31471,16,3147111786
5,30122,16,3012276927
5,92487,16,92487811866
5,61390,16,61390849844
5,05257,16,0525720703
5,05439,16,0543999995
5,13198,16,1319855
5,13078,16,13078882535
5,11506,16,11506246110
5,12688,16,1268833
5,88480,16,8848072
5,88669,16,8866956
5,67686,16,6768601
5,70363,16,7036335
5,27206,16,2720658
5,33226,16,3322699
5,77088,16,7708851
5,29289,16,2928918
5,88689,16,8868982
5,88208,16,8820878
5,88756,16,8875699
5,65557,16,6555712
5,45679,16,4567975
5,34785,16,3478508
5,65839,16,6583935396
5,56518,16,565188888
5,86164,16,861644888
5,03142,16,03142222827
5,06643,16,06643905585
5,05328,16,0532845250
5,14136,16,14136797846
5,10107,16,101070
5,56471,16,564710374
5,56227,16,562274113
5,56348,16,563485913
5,52735,16,527356453
5,58550,16,585506800
5,55284,16,552841586
5,36702,16,36702221424
5,46766,16,46766001705
5,58873,16,588733178
5,39489,16,3948981
5,52590,16,525900377
5,43108,16,43108720
5,52569,16,525698088
5,56761,16,567616991
5,55295,16,552959575
5,52739,16,527391761
5,67265,16,6726508
5,17883,16,1788371541
5,09964,16,099648434
5,09727,16,097276237
5,56783,16,567834559
5,73467,16,73467530577
5,51454,16,5145458
5,78600,16,78600000000
5,91400,16,914000000000
5,34332,16,3433288
5,43017,16,4301738
5,67929,16,6792999
5,94500,16,94500000000
5,43336,16,43336556
5,43486,16,43486129
5,39649,16,39649457
5,92145,16,9214547473
5,96502,16,96502456419
5,96503,16,96503984053
5,52714,16,5271472
5,40883,16,4088349291
5,56506,16,565067505
5,49212,16,492122334989
5,77188,16,7718804414
5,20865,16,2086536698
5,36599,16,36599449864
5,07896,16,07896682555
5,75434,16,7543469082
5,98770,16,98770721999
5,98276,16,982766
5,73377,16,7337750663
5,88628,16,886287524091
5,04917,16,0491725205656
5,20188,16,20188585
5,43277,16,43277775
5,43596,16,43596740
5,43439,16,43439834
5,43594,16,43594434
5,43253,16,43253690
5,43341,16,43341234
5,48820,16,48820984
5,44029,16,4402920522722
5,54303,16,543034025
5,52652,16,526526999
5,55184,16,551849933
5,58849,16,588498298
5,54721,16,547212867
5,94159,16,9415911
5,27790,16,27790902525
5,46013,16,46013141413
5,42888,16,42888075
5,14232,16,14232026612
5,21255,16,21255555985
5,20966,16,209665552579
5,56710,16,567100039
5,72444,16,72444430
5,42632,16,42632326
5,03442,16,03442743717
5,03045,16,03045066006
5,03644,16,03644037391
5,03143,16,03143266666
5,03234,16,03234800239
5,03315,16,03315072924
5,03245,16,03245559555
5,46296,16,462966649
5,03157,16,03157315315
5,56358,16,563588967
5,54790,16,5479094
5,42557,16,42557541
5,52698,16,526981424
5,52779,16,527793555
5,50720,16,507200464
5,50410,16,504100170
5,42166,16,42166244
5,42433,16,4243300
5,17474,16,17474777777
5,05904,16,0590484899
5,41605,16,4160543
5,30066,16,300664
5,71658,16,716586
5,82100,16,821000000000
5,44249,16,44249401
5,88360,16,883600004
5,43291,16,43291722
5,58600,16,586000000
5,41229,16,41229942880
5,23453,16,234532348024
5,43538,16,43538853
5,44222,16,44222570
5,48066,16,48066666
5,21535,16,21535302
5,73329,16,7332907543
5,54743,16,547437176
5,66583,16,665833
5,33986,16,339866
5,52216,16,52216904
5,79632,16,79632725619
5,54460,16,544601818
5,81910,16,8191019998902
5,43243,16,43243536
5,76131,16,7613176
5,96775,16,96775346
5,43618,16,43618827
5,30246,16,302467025150
5,58883,16,5888315050
5,63900,16,639000000000
5,39290,16,39290753434
5,46097,16,46097791
5,43794,16,43794833
5,43284,16,43284105
5,43799,16,43799904
5,43692,16,43692888
5,30900,16,309000000
5,40600,16,406000000
5,09611,16,09611872216
5,45531,16,45531029
5,43969,16,43969644
5,26984,16,26984256
5,17900,16,179000000000
5,04747,16,047474
5,65481,16,6548116
5,42624,16,42624776
5,44307,16,44307680
5,43909,16,43909205
5,23527,16,2352760
5,43335,16,43335403
5,30200,16,302000000000
5,39045,16,390457300511
5,43254,16,43254917
5,78100,16,78100000000
5,78124,16,78124989347
5,43315,16,43315511
5,49300,16,493000000000
5,49100,16,491000000
5,49506,16,49506196703
5,33567,16,3356786
5,44054,16,44054437
5,43616,16,43616638
5,87100,16,8710000000
5,77300,16,77300000000
5,43588,16,43588070
5,43709,16,43709111
5,95700,16,9570000000
5,43466,16,43466278
5,33509,16,33509440630
5,43275,16,43275463
5,30441,16,3044156067
5,64503,16,6450330
5,34847,16,3484717
5,63162,16,6316202
5,42879,16,42879393
5,39322,16,39322106514
5,43963,16,43963888
5,43686,16,43686102
5,43597,16,43597402
5,44048,16,44048754
5,35287,16,352872204
5,43353,16,43353750
5,48841,16,48841567
5,69949,16,699495
5,23800,16,2380038
5,43887,16,43887828
5,43555,16,43555150
5,44414,16,44414757
5,67456,16,67456140
5,38046,16,3804665099
5,53089,16,5308930
5,61506,16,61506321827
5,93200,16,93200000000
5,68234,16,6823434
5,32252,16,3225218866
5,61354,16,61354809221
5,27756,16,2775677
5,03805,16,0380503284923
5,87051,16,87051530061
5,87015,16,87015882955
5,78314,16,78314151152
5,79193,16,79193928467
5,79203,16,79203439700
5,98518,16,98518869470
5,14152,16,1415265
5,38056,16,380562339356
5,56219,16,562195269
5,96811,16,968112212333
5,72272,16,722728448
5,20375,16,203753030
5,98505,16,98505555692
5,22217,16,2221744
5,40050,16,40050064
5,54469,16,544690909
5,56661,16,566613869
5,14847,16,14847405141
5,79650,16,79650588648
5,52144,16,5214436827521
5,96507,16,96507010707
5,49087,16,490872
5,89653,16,89653353675
5,21707,16,2170721
5,52670,16,526707839
5,06623,16,066234968
5,09900,16,099000599
5,09274,16,092743091
5,56717,16,5671703937
5,15192,16,15192125788
5,63935,16,639357318961
5,25411,16,25411227188
5,60092,16,60092212275804
5,88009,16,880092215340337
5,10680,16,1068023
5,24281,16,242818
5,55717,16,557179922
5,77987,16,7798749
5,33238,16,3323800
5,39508,16,3950818
5,11811,16,1181192
5,42515,16,42515450
5,43590,16,43590141
5,42951,16,42951777
5,58880,16,5888086
5,56716,16,5671655
5,23025,16,2302550125
5,23040,16,2304059999
5,56349,16,5634999
5,96988,16,969888
5,12028,16,1202888
5,40726,16,40726188816
5,98765,16,98765432
5,33124,16,3312480345
5,33780,16,3378029843
5,55870,16,558703004
5,56743,16,567435345
5,05214,16,0521416086
5,28383,16,283838833
5,01148,16,01148717007
5,01056,16,010563
5,40464,16,4046404
5,20821,16,2082169324
5,44635,16,4463510207
5,44578,16,445784777200
5,36098,16,3609854
5,23802,16,2380266099
5,66854,16,66854737847
5,44875,16,4487522550
5,48683,16,4868313
5,34634,16,34634915440
5,88088,16,880880
5,24814,16,248141
5,55803,16,558034184
5,41079,16,410799423303
5,19832,16,19832019
5,91091,16,9109167225552
5,56713,16,567131725
5,56237,16,562377475
5,43292,16,43292399
5,52780,16,527800033
5,45069,16,45069000
5,65328,16,65328728
5,42522,16,425220707
5,78607,16,7860713975
5,53481,16,5348123
5,13812,16,13812088866
5,12011,16,120114
5,36241,16,362413
5,12510,16,125101988
5,16345,16,163453
5,19678,16,196782
5,45465,16,454650
5,51660,16,516600
5,71900,16,719000
5,52346,16,523469
5,07300,16,073000
5,54190,16,541906
5,41210,16,412101
5,15018,16,1501844
5,04500,16,045000
5,74600,16,746000
5,33080,16,330800
5,40152,16,401520
5,53010,16,530100
5,83004,16,830044
5,10410,16,104100085
5,43022,16,430223
5,18021,16,180218
5,13031,16,13031304
5,21453,16,214533
5,86621,16,8662108015
5,21160,16,211600
5,21510,16,215100
5,13430,16,134300
5,25530,16,255300
5,51851,16,518519
5,15200,16,152000
5,25100,16,251006
5,62900,16,629000
5,22541,16,225411
5,53800,16,538001
5,46167,16,461670
5,35420,16,354200
5,40082,16,4008205751
5,05715,16,057150
5,31301,16,313012
5,40081,16,4008123456
5,86224,16,86224320199
5,41770,16,417701
5,06660,16,066600
5,31451,16,314512
5,61153,16,611530
5,16430,16,164300
5,36214,16,362143
5,41220,16,412200
5,54280,16,542800
5,22523,16,225233
5,23930,16,239300
5,07400,16,074000
5,45237,16,452370
5,02140,16,021400
5,41450,16,414500
5,06245,16,062450
5,51613,16,516133
5,30150,16,301501
5,23140,16,231400
5,63800,16,638000
5,45800,16,458000
5,13413,16,134135
5,45360,16,453600
5,65700,16,657000
5,11610,16,116100
5,31004,16,310041
5,25302,16,253025
5,65004,16,650041
5,52322,16,523228
5,57115,16,571153
5,11011,16,110111
5,71208,16,712085
5,52078,16,520789
5,40008,16,400084
5,61183,16,611830
5,46600,16,466000
5,16341,16,163412
5,32201,16,322011
5,83110,16,831100
5,21412,16,214124
5,51830,16,518300
5,31545,16,315450
5,73005,16,730050
5,24200,16,242000
5,43030,16,430300
5,61193,16,611934
5,51630,16,516300
5,36320,16,363200
5,10076,16,100761
5,21170,16,211700
5,24230,16,242300
5,41011,16,410111
5,25205,16,252059
5,42000,16,420000
5,41140,16,411406
5,52403,16,524038
5,13650,16,136500
5,52430,16,524300
5,80012,16,800128
5,26000,16,260000
5,25503,16,255037
5,11014,16,110142
5,51503,16,515031
5,62001,16,62001990
5,41031,16,410317
5,42528,16,42528000
5,41060,16,410600
5,40450,16,404500
5,36234,16,362341
5,61840,16,618400
5,22430,16,224300
5,52365,16,523658
5,11668,16,116688
5,18052,16,1805200061
5,22651,16,226511
5,64610,16,64610000
5,21561,16,215612
5,13020,16,130200
5,21290,16,2129029
5,27700,16,277000
5,21421,16,214212
5,51304,16,513040
5,21303,16,213032
5,42240,16,422405
5,11121,16,111212
5,23398,16,23398777
5,05360,16,053600
5,26212,16,262129
5,34230,16,342300
5,19102,16,19102600
5,14351,16,1435127299
5,92318,16,92318500010
5,17890,16,1789048834
5,03244,16,032443240092
5,03438,16,03438888878
5,03418,16,03418888878
5,03412,16,03412267858
5,01289,16,012892900015
5,03359,16,03359555195
5,41434,16,41434991933
5,82523,16,8252320
5,03327,16,0332717345
5,34720,16,3472020222
5,30662,16,3066273383
5,31226,16,3122666226
5,21381,16,2138183912
5,34169,16,3416928969
5,32293,16,3229302377
5,30740,16,3074029014
5,30266,16,3026674037
5,30198,16,3019884781
5,30075,16,3007512543
5,30964,16,3096467093
5,30181,16,3018164706
5,33526,16,3352649065
5,30796,16,3079696926
5,31329,16,3132923753
5,34616,16,3461697880
5,30925,16,3092587528
5,30177,16,3017772898
5,30249,16,3024955955
5,30480,16,3048055558
5,34842,16,3484216738
5,31358,16,3135817030
5,30214,16,3021421242
5,46500,16,46500559
5,21583,16,2158372280333
5,55716,16,557166741
5,42685,16,42685222
5,78458,16,7845825
5,68078,16,6807800
5,03217,16,03217766677
5,03433,16,03433332711
5,03228,16,03228330719
5,03175,16,03175026934
5,03444,16,03444441000
5,34963,16,34963818
5,12135,16,12135590692
5,42509,16,42509147
5,25582,16,25582808
5,42197,16,42197000
5,55147,16,551476342
5,٠٧٨٦٤,16,٠٧٨٦٤١٨٢٢٨
5,20137,16,201371
5,07961,16,07961767961
5,19406,16,19406136909
5,03336,16,0333669146
5,18604,16,18604369880
5,16109,16,16109053046
5,03321,16,0332149005
5,18126,16,18126981811
5,25993,16,25993685
5,28327,16,28327167
5,43244,16,43244444
5,26796,16,26796066
5,52348,16,523488886
5,07976,16,07976686595
5,67647,16,67647272
5,55572,16,555728856
5,92659,16,92659357
5,77726,16,7772657666
5,31623,16,31623093676
5,50686,16,506860990
5,21265,16,212656699913
5,27081,16,270817273809
5,57317,16,573176706
5,18504,16,18504200795
5,53658,16,536581735
5,13391,16,13391917373
5,63574,16,63574688
5,12136,16,1213636
5,86056,16,860566059581
5,57706,16,577067138
5,19659,16,19659117228
5,80971,16,809718954
5,27451,16,27451908
5,03472,16,03472208213
5,03154,16,03154007000
5,03455,16,03455911911
5,83276,16,8327666366
5,03344,16,03344354431
5,02136,16,02136330247
5,92767,16,927675330
5,18097,16,18097070786
5,68060,16,6806050
5,65751,16,65751122
5,43316,16,43316500
5,79477,16,7947758880
5,10615,16,1061517299
5,63818,16,63818505
5,27887,16,278875
5,05891,16,0589195491
5,43997,16,43997071
5,44363,16,44363740
5,37616,16,37616311
5,23796,16,2379659916405
5,42294,16,42294242
5,73412,16,73412780666
5,47582,16,475825255
5,56912,16,569128528
5,08200,16,082005821
5,55492,16,554928751
5,16776,16,1677650
5,96844,16,9684444552
5,63564,16,6356492
5,40544,16,4054454545
5,43979,16,43979522
5,52650,16,526506402
5,43975,16,43975145
5,42826,16,42826622
5,42234,16,42234636
5,45585,16,45585963
5,66556,16,665561602
5,66124,16,66124804
5,35757,16,3575775
5,88999,16,8899954
5,18826,16,188267
5,65290,16,6529090050
5,22466,16,224660604
5,79138,16,79138474722
5,05256,16,0525696525
5,05685,16,0568505977
5,05696,16,0569666657
5,31915,16,3191591
5,45207,16,4520725604
5,35577,16,3557723
5,20948,16,2094840
5,36175,16,3617579
5,06765,16,067652121
5,66803,16,6680312050
5,16302,16,16302321374
5,92508,16,92508230188
5,34808,16,348088804
5,17704,16,17704167343
5,56202,16,5620276
5,22588,16,2258833
5,68488,16,68488004
5,29732,16,2973211
5,26318,16,263183004
5,27360,16,2736060
5,97462,16,9746251
5,65810,16,6581001050
5,26768,16,267686104
5,21308,16,2130834
5,63425,16,6342525
5,02699,16,026997107
5,22118,16,2211888
5,21898,16,2189888
5,21498,16,2149888
5,19578,16,1957888
5,30728,16,3072888
5,34368,16,3436888
5,30998,16,3099888
5,19328,16,1932888
5,32558,16,3255888
5,19728,16,1972888
5,34508,16,3450888
5,19758,16,1975888
5,34648,16,3464888
5,20498,16,2049888
5,31418,16,3141888
5,20718,16,2071888
5,34928,16,3492888
5,20328,16,2032888
5,36288,16,3628888
5,19838,16,1983888
5,19868,16,1986888
5,35338,16,3533888
5,22298,16,2229888
5,39608,16,3960888
5,32348,16,3234888
5,32738,16,3273888
5,53208,16,5320888
5,32098,16,3209888
5,31998,16,3199888
5,32618,16,3261888
5,53418,16,5341888
5,32308,16,3230888
5,32768,16,3276888
5,53628,16,5362888
5,32518,16,3251888
5,34708,16,3470888
5,36238,16,3623888
5,35458,16,3545888
5,35618,16,3561888
5,35778,16,3577888
5,35178,16,3517888
5,35768,16,3576888
5,37198,16,3719888
5,20478,16,2047888
5,73837,16,73837106371
5,70077,16,70077015015
5,43932,16,43932032
5,47350,16,47350316
5,28242,16,2824280
5,28238,16,2823888
5,28308,16,2830888
5,27838,16,2783888
5,27318,16,2731888
5,21188,16,2118888
5,27238,16,2723888
5,27558,16,2755888
5,29008,16,2900888
5,28028,16,2802888
5,37728,16,3772888
5,86301,16,863018524993
5,87366,16,873664349
5,34093,16,340938418315
5,20641,16,2064145692
5,98957,16,9895778899
5,01879,16,01879189714
5,90788,16,907888
5,91388,16,913888
5,91488,16,914888
5,92188,16,921888
5,92388,16,923888
5,10998,16,1099888
5,11038,16,1103888
5,10818,16,1081888
5,18298,16,1829888
5,17888,16,1788888
5,18338,16,1833888
5,11078,16,1107888
5,17918,16,1791888
5,18368,16,1836888
5,11108,16,1110888
5,10878,16,1087888
5,17958,16,1795888
5,18408,16,1840888
5,11138,16,1113888
5,11148,16,1114888
5,26308,16,2630888
5,11178,16,1117888
5,28978,16,2897888
5,29048,16,2904888
5,21328,16,2132888
5,15938,16,1593888
5,11258,16,1125888
5,21788,16,2178888
5,11278,16,1127888
5,11318,16,1131888
5,21538,16,2153888
5,11338,16,1133888
5,09844,16,0984444772501
5,07920,16,07920511111
5,92392,16,923928493330
5,43175,16,43175800
5,31238,16,3123888
5,32698,16,3269888
5,26738,16,2673888
5,26878,16,2687888
5,21558,16,2155888
5,32828,16,3282888
5,12988,16,1298888
5,24608,16,2460888
5,19688,16,1968888
5,19898,16,1989888
5,23388,16,2338888
5,22958,16,2295888
5,19288,16,1928888
5,32808,16,3280888
5,33048,16,3304888
5,33578,16,3357888
5,23988,16,2398888
5,24528,16,2452888
5,35398,16,3539888
5,21138,16,2113888
5,35148,16,3514888
5,28918,16,2891888
5,17588,16,1758888
5,29538,16,2953888
5,49000,16,4900000000
5,05474,16,0547437176
5,31048,16,3104888
5,37028,16,3702888
5,54568,16,5456888
5,30848,16,3084888
5,22048,16,2204888
5,24838,16,2483888
5,20288,16,2028888
5,21958,16,2195888
5,21168,16,2116888
5,51693,16,51693966
5,13994,16,1399497338
5,39405,16,394058113
5,43732,16,43732318309
5,56645,16,566451468
5,22038,16,2203888
5,21228,16,2122888
5,21248,16,2124888
5,17218,16,1721888
5,20798,16,2079888
5,25308,16,2530888
5,21978,16,2197888
5,25138,16,2513888
5,29012,16,29012021
5,78198,15,781980
5,33685,15,33685354145
5,70322,15,7032225661
5,90230,15,9023077291
5,96486,15,964868
5,13186,15,13186666512
5,18675,15,18675555501
5,13730,15,13730314051
5,17601,15,17601656130
5,58800,15,588003398
5,55891,15,558910999
5,52788,15,527888721
5,52587,15,525874534
5,56576,15,565766406
5,58899,15,588991551
5,16582,15,16582688679
5,47548,15,4754880
5,90800,15,908000
5,٠١٠٠١,15,٠١٠٠١٦٢٤٦٤٨
5,73610,15,736101331
5,20118,15,201180
5,17236,15,1723616191
5,٠٧٩٥٧,15,٠٧٩٥٧٩٠٧٨٨
5,٠٦٩٥٧,15,٠٦٩٥٧٩٠٨٨٨
5,37706,15,3770680860198
5,65921,15,6592121322
5,81909,15,819094863760
5,91082,15,9108288861626
5,90570,15,9057000000
5,80358,15,8035827018
5,19147,15,19147705070
5,88244,15,882444
5,64367,15,6436703
5,15692,15,15692215385
5,15604,15,15604818307
5,94450,15,944503263400
5,65931,15,6593149
5,88430,15,8843008
5,22776,15,2277697
5,88699,15,8869947
5,39807,15,3980782
5,88484,15,8848433
5,65321,15,6532183
5,76002,15,7600262464
5,56242,15,562426794
5,31645,15,31645242883
5,21578,15,2157898
5,24606,15,246067140
5,75119,15,7511957088
5,79286,15,79286520513
5,52798,15,527987295
5,31362,15,3136257
5,56266,15,562662241
5,79576,15,7957604592
5,52947,15,529479796
5,54583,15,545839781
5,58563,15,585630523
5,37060,15,37060799420
5,97040,15,9704065777
5,55458,15,554581623
5,66080,15,660802880288
5,17132,15,17132612655
5,56510,15,56510246304
5,46991,15,469919549835
5,65656,15,6565666
5,73982,15,7398268
5,33305,15,3330505006
5,50648,15,5064860222
5,64640,15,6464099
5,44351,15,44351068444
5,77886,15,7788696642
5,55154,15,551540148
5,55788,15,557881938
5,50472,15,5047212101
5,45199,15,451998
5,43301,15,433014629
5,01010,15,010101
5,92522,15,92522200070
5,35020,15,350200
5,27148,15,27148906
5,86120,15,8612087614019
5,65550,15,655500
5,10272,15,10272119
5,86205,15,86205239532
5,66220,15,662201
5,86118,15,8611865716375
5,35569,15,355697021472
5,40724,15,40724316693
5,13059,15,13059888855
5,15793,15,1579315
5,15832,15,15832309588
5,78866,15,7886699
5,65819,15,6581953123
5,34473,15,344738
5,43508,15,4350863
5,38220,15,38220404
5,28534,15,285344904
5,66121,15,66121204
5,26344,15,263445304
5,66084,15,66084304
5,66170,15,66170004
5,85823,15,85823104
5,26432,15,264327404
5,26253,15,262532704
5,66704,15,66704204
5,23447,15,23447704
5,65731,15,6573113050
5,29690,15,296909004
5,62356,15,62356104
5,64648,15,64648804
5,26682,15,266821804
5,26951,15,269510404
5,66012,15,66012404
5,29667,15,296678704
5,62549,15,625499
5,20285,15,202859404
5,63121,15,63121604
5,28284,15,28284206
5,66135,15,66135804
5,45284,15,4528454050
5,85745,15,85745904
5,34519,15,345190004
5,66794,15,66794404
5,62502,15,6250278050
5,65470,15,65470904
5,26867,15,268672204
5,26537,15,265371704
5,29799,15,297999804
5,26687,15,266873104
5,26618,15,266182704
5,34299,15,342991004
5,04513,15,045139922
5,66151,15,66151504
5,26434,15,264345604
5,30305,15,303053804
5,66748,15,66748604
5,61690,15,61690904
5,62151,15,62151504
5,66904,15,66904604
5,26225,15,262253904
5,26320,15,263203404
5,66023,15,66023704
5,26879,15,268799704
5,64516,15,6451664050
5,66116,15,66116504
5,26153,15,261539804
5,45211,15,4521191050
5,28852,15,2885275
5,85935,15,85935604
5,66912,15,66912304
5,28995,15,289955504
5,26315,15,263151204
5,29676,15,296767704
5,64480,15,64480504
5,64420,15,6442009050
5,69597,15,6959736
5,28587,15,285875
5,39017,15,3901749
5,65222,15,6522202050
5,29554,15,295541104
5,34935,15,349356704
5,26283,15,26283083
5,44185,15,44185804
5,49229,15,49229504
5,44357,15,44357104
5,38155,15,38155504
5,65422,15,6542267050
5,34479,15,344795104
5,34968,15,349686204
5,39434,15,394347304
5,65765,15,6576552050
5,49433,15,49433004
5,29770,15,297700004
5,22267,15,222671009
5,39432,15,394326904
5,26733,15,267334104
5,64511,15,6451134050
5,48037,15,48037904
5,34329,15,343299904
5,34922,15,349222204
5,34911,15,349111704
5,49745,15,497459
5,34457,15,344575804
5,44923,15,44923504
5,34511,15,345111504
5,04692,15,04692221
5,44583,15,44583104
5,64547,15,6454787050
5,49619,15,49619004
5,85656,15,85656804
5,62416,15,6241604050
5,49406,15,494067484847
5,24363,15,243634707
5,34998,15,349988704
5,28449,15,284494904
5,61376,15,61376004
5,26155,15,261556004
5,85953,15,859536690067
5,61524,15,61524104
5,69505,15,69505404
5,28837,15,288373804
5,26511,15,265111604
5,65139,15,6513938050
5,88700,15,88700704
5,39741,15,397411104
5,65257,15,6525707050
5,44112,15,44112904
5,28830,15,288303604
5,45721,15,45721604
5,33870,15,3387005
5,34887,15,3488777
5,34839,15,3483995
5,44805,15,448053502
5,44318,15,44318504
5,39832,15,398322204
5,65032,15,6503223050
5,39401,15,394016104
5,97403,15,9740385
5,38227,15,38227804
5,64431,15,6443113050
5,64129,15,641299902
5,49552,15,49552904
5,64508,15,6450836050
5,33813,15,338133204
5,49370,15,49370804
5,45054,15,45054104
5,65152,15,6515255050
5,31156,15,31156904
5,26731,15,26731104
5,33176,15,331767904
5,85814,15,85814604
5,26217,15,26217504
5,31557,15,315576
5,45555,15,455557804
5,38303,15,38303804
5,33119,15,331198204
5,33922,15,339220304
5,48808,15,488086
5,38159,15,38159404
5,20752,15,207526404
5,28954,15,289543404
5,26883,15,268838304
5,48030,15,48030404
5,45997,15,45997004
5,45084,15,45084704
5,35556,15,355565504
5,34835,15,3483525804
5,48189,15,48189804
5,39548,15,395485804
5,67440,15,674404402
5,62557,15,6255751050
5,35343,15,353437004
5,65255,15,6525587050
5,34316,15,343161504
5,31109,15,31109904
5,45936,15,45936404
5,31267,15,31267504
5,62514,15,6251405050
5,34062,15,340621704
5,62433,15,6243342050
5,49253,15,492535
5,62388,15,6238846050
5,34961,15,349617904
5,64445,15,6444557050
5,34900,15,349000404
5,44277,15,44277704
5,45900,15,459007
5,39496,15,3949666404
5,45776,15,45776404
5,38391,15,38391704
5,33257,15,332575504
5,66105,15,6610550050
5,30127,15,301275704
5,34923,15,349234904
5,38271,15,38271204
5,44091,15,440917
5,61492,15,61492203
5,34088,15,340885504
5,39834,15,398347904
5,64447,15,6444756050
5,38312,15,383127
5,45795,15,45795704
5,65411,15,6541113050
5,65265,15,6526532050
5,31631,15,31631604
5,28580,15,285809004
5,45192,15,4519230050
5,02659,15,026595688
5,62458,15,6245829
5,88378,15,883780004
5,33186,15,331863304
5,35263,15,3526367
5,98361,15,983614456187
5,06521,15,065217200
5,36072,15,360720404
5,62215,15,62215680717
5,02406,15,024061400
5,22831,15,228311106
5,98031,15,9803116885683
5,85882,15,85882204
5,28535,15,285357804
5,39848,15,3984849
5,76156,15,761566603
5,61240,15,612401542998
5,27123,15,27123275000
5,98021,15,9802144203468
5,61892,15,61892493792
5,93199,15,931993
5,36395,15,363959704
5,48158,15,48158421989
5,46161,15,4616133401
5,03526,15,0352621495940
5,78381,15,783812780237
5,79113,15,79113594711
5,96417,15,96417183838
5,76411,15,764116603
5,97432,15,9743297790
5,74732,15,74732561098
5,45403,15,4540304035
5,32116,15,3211631139
5,15215,15,152152
5,26342,15,2634251551
5,62119,15,6211975
5,33288,15,3328800
5,19724,15,19724791817
5,97447,15,9744794330
5,09662,15,096626650962
5,09256,15,09256811991
5,49530,15,4953062356
5,22692,15,2269282
5,63119,15,631199002
5,21611,15,2161130
5,12127,15,12127445442
5,79610,15,79610760201
5,66746,15,6674676
5,38062,15,380626437831
5,22687,15,226879104
5,04376,15,043769554
5,35395,15,3539532732
5,06525,15,065255581
5,04291,15,042911111
5,39315,15,393152104
5,22178,15,2217823
5,04705,15,047053600
5,36824,15,368244304
5,62460,15,6246003050
5,35349,15,353499527856
5,27312,15,27312669602
5,48226,15,4822663899807
5,96177,15,9617734400
5,23775,15,23775295252
5,81524,15,81524452608
5,29522,15,295222204
5,90216,15,902165370687
5,35321,15,353217431028
5,26247,15,262474704
5,33744,15,337440004
5,70115,15,7011555
5,39436,15,394366604
5,66585,15,665850002
5,04230,15,042307552
5,04260,15,042601111
5,23503,15,2350326
5,40905,15,4090500
5,28553,15,2855344
5,02089,15,020890419089
5,03755,15,037555503
5,28311,15,2831155
5,04609,15,046094609
5,68177,15,681777702
5,17149,15,17149327900
5,06764,15,067647272
5,06575,15,065751122
5,03706,15,037061249
5,49308,15,493085786201
5,22321,15,223211104
5,36896,15,368965304
5,28876,15,288761704
5,34836,15,348364504
5,26781,15,267811204
5,28263,15,282638804
5,33856,15,338560004
5,36952,15,369522904
5,36054,15,360548704
5,27215,15,27215519205
5,80598,15,805980804
5,22277,15,2227763
5,32102,15,321024704
5,34097,15,3409788
5,36182,15,361821604
5,80801,15,8080162
5,26323,15,263232304
5,35223,15,352233504
5,26739,15,2673904685
5,36842,15,368426604
5,06515,15,0651584751
5,81449,15,81449228889
5,34897,15,3489700
5,35992,15,3599211
5,28261,15,2826161
5,28823,15,288234504
5,29946,15,299465904
5,39533,15,395330804
5,42018,15,420185804
5,04278,15,042780767
5,44836,15,44836304
5,63512,15,635128448
5,27130,15,271300004
5,26800,15,268005504
5,42117,15,42117804
5,45189,15,45189704
5,20644,15,206441804
5,34413,15,344136204
5,34445,15,344455004
5,02586,15,025861127
5,39053,15,3905384
5,65251,15,6525153050
5,39822,15,398220004
5,97022,15,97022235246
5,38275,15,382758685
5,06552,15,065520
5,02074,15,02074366600
5,22591,15,2259114
5,26226,15,262262450874
5,33473,15,33473861912
5,98151,15,981512211661
5,44136,15,441360771074
5,98891,15,988913118730
5,21361,15,21361519083
5,98831,15,988317299423
5,35341,15,35341988963
5,49223,15,492236961698
5,35346,15,353469053053
5,14087,15,14087463925
5,44243,15,4424325037
5,61894,15,61894443042
5,98211,15,982116246418
5,35226,15,35226444998
5,02325,15,023257887
5,39054,15,390541933886
5,33493,15,33493749752
5,35345,15,35345874926
5,27117,15,27117065849
5,06537,15,065371091
5,17733,15,1773350178
5,95950,15,9595081380
5,45960,15,459600
5,48053,15,48053404
5,37167,15,37167614801
5,62410,15,6241004050
5,26644,15,266443904
5,45127,15,45127704
5,33164,15,3316461
5,39825,15,398256604
5,38935,15,389354
5,68159,15,68159304
5,49061,15,49061304
5,85756,15,857561
5,28717,15,287177604
5,83212,15,832124204
5,62424,15,6242411050
5,35224,15,3522491
5,22773,15,227733604
5,22877,15,228775004
5,28547,15,2854774
5,78888,15,78888302
5,49713,15,49713372788
5,04293,15,042933333
5,44763,15,44763552205
5,66649,15,66649004
5,64577,15,6457779050
5,66409,15,664093661174
5,64586,15,64586604
5,29777,15,297772504
5,66921,15,66921204
5,66132,15,66132004
5,64446,15,6444601050
5,74909,15,749094406
5,66963,15,66963404
5,26467,15,264677804
5,66167,15,66167804
5,26699,15,266994604
5,49558,15,49558204
5,26695,15,266952104
5,22357,15,22357304
5,34937,15,349377904
5,34920,15,349201804
5,28633,15,286336304
5,31143,15,3114378
5,45229,15,4522990899
5,91667,15,9166719423
5,31261,15,31261704
5,33261,15,332616104
5,65553,15,65553302
5,38177,15,38177504
5,28853,15,288533204
5,38148,15,38148604
5,45115,15,451155
5,67597,15,6759778050
5,32900,15,32900504
5,34468,15,344688804
5,64522,15,6452212050
5,33156,15,331564404
5,64494,15,6449448050
5,48251,15,482511
5,39866,15,3986665
5,22863,15,22863804
5,34491,15,344919104
5,28507,15,285079104
5,34008,15,340086604
5,31636,15,31636604
5,34407,15,3440754
5,34471,15,344715104
5,28838,15,288383804
5,26888,15,268886204
5,34111,15,341111404
5,02408,15,024089555
5,34846,15,348467404
5,33907,15,3390788
5,34066,15,3406676
5,34416,15,34416850
5,28282,15,282827004
5,28576,15,285768604
5,31981,15,31981804
5,39440,15,394405604
5,33162,15,331628004
5,28624,15,28624404
5,12128,15,12128682444
5,26214,15,262140904
5,26363,15,2636313
5,02418,15,024185101
5,33846,15,338460604
5,34476,15,344763704
5,62567,15,6256790050
5,69172,15,69172804
5,39070,15,3907000
5,04604,15,046044133
5,02554,15,025549000
5,66345,15,66345104
5,69504,15,69504804
5,28555,15,285552704
5,66010,15,66010804
5,26498,15,2649888
5,28921,15,289214504
5,89278,15,89278804
5,62440,15,62440004
5,85877,15,85877104
5,87497,15,87497404
5,26624,15,266243304
5,20647,15,206470404
5,44284,15,44284504
5,45070,15,45070504
5,22265,15,22265804
5,27357,15,273575704
5,69644,15,69644104
5,85778,15,857786
5,39655,15,396552304
5,62625,15,626252504
5,69938,15,69938304
5,22643,15,226439904
5,28626,15,2862629
5,26639,15,266395804
5,28773,15,287733104
5,28771,15,287714404
5,63397,15,63397704
5,85829,15,85829304
5,85099,15,85099004
5,85180,15,85180904
5,66965,15,66965204
5,28500,15,285008804
5,62646,15,62646204
5,28753,15,287532304
5,65399,15,6539990050
5,27251,15,272512604
5,85111,15,85111104
5,85937,15,85937004
5,26126,15,261265404
5,28618,15,286182804
5,26415,15,2641589
5,66017,15,66017204
5,28564,15,285646404
5,26693,15,266937404
5,62594,15,62594104
5,85724,15,85724404
5,26435,15,264354204
5,85785,15,85785804
5,69636,15,69636304
5,66242,15,66242104
5,28573,15,285738104
5,85757,15,85757604
5,69309,15,69309004
5,66967,15,66967704
5,65616,15,6561655
5,28591,15,285913304
5,45255,15,4525550050
5,66114,15,66114704
5,31847,15,3184777
5,85913,15,85913404
5,26245,15,2624548
5,72981,15,72981104
5,63177,15,631777702
5,64161,15,64161704
5,63332,15,63332304
5,64184,15,64184604
5,26124,15,261246604
5,61320,15,61320904
5,44095,15,44095704
5,22647,15,226476304
5,26382,15,26382004
5,66077,15,66077204
5,45832,15,4583277050
5,28015,15,280157504
5,36174,15,361745904
5,36262,15,362628504
5,74022,15,740220191
5,63283,15,632833902
5,43268,15,432681604
5,22335,15,2233559
5,39770,15,397700004
5,39738,15,397382404
5,04504,15,045044931
5,63349,15,633492102
5,31287,15,312870004
5,21153,15,211530504
5,36895,15,368951804
5,36295,15,362952104
5,36639,15,366390504
5,82642,15,8264242
5,06055,15,0605551136
5,88274,15,8827482
5,04123,15,041234567
5,44205,15,442053606962
5,39671,15,396712004
5,95285,15,9528531400
5,49376,15,493768
5,36156,15,361560704
5,62892,15,6289222050
5,36159,15,361592504
5,39034,15,390340004
5,70752,15,7075275650
5,04735,15,047356416
5,04356,15,043560569
5,22236,15,2223671
5,79069,15,79069950404
5,77926,15,77926477481
5,17012,15,17012021
5,66817,15,66817731385
5,66894,15,66894154051
5,66615,14,66615404
5,55703,14,55703147
5,66002,14,66002508
5,77110,14,7711085660
5,56235,14,562353645
5,10018,14,10018478679
5,58503,14,5850345
5,17738,14,17738701281
5,49437,14,494371896088
5,94752,14,94752274713
5,56270,14,562700823
5,41612,14,41612122
5,13726,14,13726764086
5,18673,14,18673129532
5,12516,14,1251677999
5,58889,14,588898957
5,10423,14,1042321552
5,95140,14,951401064
5,09305,14,0930554023
5,09587,14,0958711882
5,18856,14,18856030468
5,56836,14,568362351
5,56395,14,563956999
5,55860,14,558602909
5,55490,14,554901088
5,55324,14,553243765
5,55318,14,553185803
5,55148,14,551486327
5,52720,14,527205190
5,55009,14,550097155
5,54358,14,543581888
5,52858,14,528588118
5,52851,14,528518288
5,52775,14,527751818
5,52701,14,527011822
5,52598,14,525987980
5,52525,14,525252168
5,52334,14,523344774
5,52198,14,521981899
5,52161,14,521616688
5,52152,14,521526720
5,52145,14,521455666
5,52009,14,520097152
5,55690,14,556909365
5,52292,14,522929104
5,51153,14,511530003
5,51135,14,511351088
5,56154,14,561549708
5,55675,14,556757688
5,55342,14,553422138
5,52317,14,523170243
5,52268,14,522688423
5,52211,14,522114444
5,51251,14,512512100
5,55617,14,556173707
5,52916,14,529160888
5,55656,14,556562561
5,54854,14,548547859
5,59255,14,592552055
5,56322,14,563222681
5,54745,14,547459999
5,54438,14,544383883
5,59944,14,599449896
5,52316,14,523166948
5,28019,14,280197
5,46720,14,46720017911
5,17753,14,17753122381
5,78526,14,7852678092
5,63949,14,639493294657
5,27625,14,27625725869
5,14527,14,14527898827
5,96963,14,9696335890
5,92054,14,920544576066
5,98780,14,987801285053
5,90229,14,9022935521
5,94759,14,947594000727
5,51996,14,51996012427
5,54427,14,544274849
5,88977,14,8897743270
5,05485,14,0548572981
5,74626,14,7462652576
5,48441,14,4844184
5,91080,14,9108008899220
5,92420,14,924203349402298
5,99103,14,9910319780
5,13139,14,13139995882
5,08374,14,0837458693
5,20091,14,2009170
5,21029,14,210294
5,41202,14,412025485
5,10404,14,1040489030
5,17160,14,17160054371
5,15732,14,15732156395
5,13833,14,13833620642
5,54518,14,5451870
5,48188,14,481885
5,22240,14,222404
5,33880,14,338801
5,51133,14,5113301
5,74928,14,7492809
5,29680,14,2968018
5,25232,14,2523278
5,55048,14,5504822
5,62815,14,6281553296603
5,36304,14,36304153665
5,35555,14,3555554
5,41538,14,4153858
5,44960,14,449602
5,36977,14,3697772
5,49554,14,49554642
5,64500,14,6450095
5,48288,14,4828810
5,45244,14,4524419
5,34673,14,34673599596
5,41717,14,4171701
5,42020,14,4202002
5,45050,14,450500
5,14343,14,1434306
5,98050,14,980504760908
5,79773,14,79773480000
5,56549,14,565491804
5,60007,14,6000713
5,65859,14,6585931787
5,62477,14,6247785
5,62200,14,6220025
5,02654,14,026540
5,82320,14,8232025
5,45404,14,4540426
5,64456,14,6445659
5,65151,14,6515136
5,46897,14,4689778
5,78137,14,7813764075
5,11938,14,1193888
5,96088,14,960888
5,92233,14,922333103029
5,53016,14,530165086
5,20073,14,200739
5,97903,14,97903019
5,84424,14,844246364
5,44256,14,442561350
5,44684,14,446842471
5,44625,14,446251940
5,44934,14,449341195
5,44909,14,449091875
5,44213,14,44213571462
5,44323,14,443232665
5,44911,14,4491193365
5,55008,14,550080459
5,12046,14,1204695187
5,77478,14,7747868574
5,20895,14,2089589376
5,44571,14,4457168699
5,79611,14,7961119175
5,56949,14,569498676
5,31285,14,3128506
5,32049,14,320498970131
5,40725,14,4072554911
5,98989,14,9898989999
5,50523,14,505235824
5,17872,14,17872346790
5,12130,14,12130809
5,84983,14,84983591057
5,17347,14,17347303904
5,99001,14,9900100
5,31506,14,31506212742
5,55005,14,5500565
5,88110,14,88110001
5,86333,14,86333545654
5,30009,14,300090
5,86128,14,8612820616049
5,86387,14,8638789898
5,45782,14,457822
5,86473,14,864732552213
5,86505,14,8650550280
5,86239,14,8623917886
5,86811,14,868110868
5,31183,14,311835
5,39559,14,39559201
5,86245,14,862454564565
5,56240,14,562400
5,38013,14,38013802
5,48510,14,48510202201100
5,86110,14,8611062773691
5,77240,14,772400
5,20087,14,200873104100055
5,86955,14,86955062068
5,88399,14,88399888
5,86601,14,8660186905
5,31242,14,312421
5,38310,14,3831002
5,52203,14,522031
5,91511,14,915111602
5,86343,14,86343282334
5,12341,14,12341235
5,86504,14,8650484788
5,28769,14,287699
5,86479,14,864796999880
5,86685,14,8668585266
5,31777,14,317777
5,45107,14,45107734
5,86584,14,8658400659
5,27272,14,27272727
5,16310,14,163101
5,86944,14,8694486972
5,42221,14,422213
5,10013,14,100131
5,44350,14,443509
5,23530,14,235300
5,86889,14,8688976149
5,86165,14,86165726987
5,86902,14,869026823895
5,86548,14,86548088675
5,86457,14,864572197574
5,86325,14,863255212020
5,86585,14,8658545618
5,45458,14,454585
5,52063,14,520630
5,41919,14,4191903
5,45730,14,457300
5,86901,14,869016272288
5,63223,14,63223456
5,51088,14,510888
5,86612,14,8661286705
5,33280,14,332808
5,34462,14,3446299
5,45625,14,456250
5,36111,14,361111
5,82300,14,823000
5,86893,14,868931111
5,20314,14,203142
5,31235,14,312352
5,22373,14,223731
5,86448,14,864486913063
5,44501,14,44501300060
5,54600,14,546009
5,20245,14,202450
5,86973,14,869738722864
5,88678,14,88678159358
5,26613,14,266130000
5,88201,14,88201215006
5,16367,14,163678
5,34004,14,34004677
5,86340,14,8634050381000
5,44812,14,448124
5,20213,14,2021301
5,26325,14,26325028
5,86943,14,869438311509
5,86908,14,869085781008
5,26119,14,261193
5,34380,14,343800
5,86829,14,8682971751
5,86544,14,86544502888
5,88162,14,88162008
5,21429,14,214293
5,44260,14,442600
5,86693,14,866933868
5,22633,14,226331
5,32402,14,324024
5,81891,14,818918
5,10030,14,100306
5,86807,14,8680722613
5,14112,14,14112019
5,56259,14,562599051
5,58294,14,582945402
5,14102,14,14102464180
5,98230,14,9823059184
5,56397,14,563971755
5,43514,14,43514408
5,27168,14,2716834158984
5,56162,14,561623743
5,49244,14,492449
5,78994,14,78994523
5,27638,14,27638501570
5,07455,14,07455512655
5,96299,14,96299049491
5,52963,14,529638888
5,18477,14,18477497005
5,39380,14,393807896473
5,12018,14,12018035228
5,52227,14,522277160
5,55921,14,559211533
5,53314,14,533145630
5,56316,14,563162085
5,56613,14,566138744
5,55532,14,5553264333
5,55276,14,552765008
5,32177,14,3217700881
5,79223,14,79223166955
5,73832,14,73832798967
5,48503,14,48503360065
5,17139,14,17139882900
5,29660,14,296601004
5,65323,14,6532363050
5,26847,14,268478704
5,26301,14,263016504
5,28754,14,287546504
5,44841,14,448417
5,44899,14,44899504
5,33266,14,332666604
5,65056,14,6505652050
5,65104,14,6510442050
5,39852,14,398520004
5,45527,14,45527204
5,33116,14,331167204
5,26348,14,2634854
5,34932,14,349324704
5,02562,14,025620406
5,79112,14,79112741380
5,74932,14,74932380337
5,28955,14,2895550
5,30792,14,307921204
5,03762,14,037624666
5,32982,14,3298200
5,05212,14,0521242717
5,49677,14,496775
5,36183,14,3618363
5,49711,14,49711504
5,62582,14,6258258050
5,27282,14,272829604
5,17389,14,1738994015
5,35328,14,3532825650731
5,28584,14,285848904
5,39461,14,394617904
5,39850,14,3985084
5,45018,14,45018704
5,22287,14,2228786
5,39880,14,3988020
5,39479,14,3947966
5,39803,14,3980361
5,04404,14,044044575
5,05249,14,0524964853
5,26167,14,2616708
5,28758,14,287580504
5,33466,14,334662004
5,88455,14,884555504
5,20134,14,201345104
5,33345,14,3334546
5,83282,14,8328248
5,39858,14,398580004
5,28589,14,2858934
5,88726,14,88726304
5,26952,14,2695266
5,26654,14,266545704
5,33043,14,3304343
5,35131,14,3513124
5,28699,14,2869937
5,39055,14,3905580
5,44368,14,443688502
5,17720,14,17720888
5,17959,14,17959888
5,18530,14,18530888
5,18067,14,18067888
5,18309,14,18309888
5,18343,14,18343888
5,18378,14,18378888
5,18481,14,18481888
5,18550,14,18550888
5,18654,14,18654888
5,43628,14,43628888
5,33898,14,3389888
5,34258,14,3425888
5,35228,14,3522888
5,40448,14,4044888
5,20398,14,2039888
5,73727,14,737272572
5,08292,14,0829248005
5,07801,14,07801945839
5,10538,14,1053888
5,72728,14,7272888
5,26028,14,2602888
5,69788,14,697888
5,48638,14,4863888
5,69888,14,698888
5,17817,14,17817888
5,11358,14,1135888
5,13738,14,1373888
5,36648,14,3664888
5,41838,14,4183888
5,17348,14,1734888
5,12588,14,1258888
5,13988,14,1398888
5,50080,14,500801050
5,02121,14,02121979
5,27108,14,2710888
5,26178,14,2617888
5,27338,14,2733888
5,28138,14,2813888
5,27808,14,2780888
5,79246,14,79246430045
5,35077,14,3507779
5,37888,14,3788887
5,57411,14,5741179
5,64868,14,6486843
5,72448,14,7244830
5,75544,14,7554445
5,75870,14,7587085
5,89284,14,89284303333
5,96333,14,9633313
5,99762,14,9976262
5,14968,14,1496888
5,16998,14,1699888
5,15208,14,1520888
5,15438,14,1543888
5,10358,14,1035888
5,12278,14,1227888
5,14408,14,1440888
5,27038,14,2703888
5,27478,14,2747888
5,15728,14,1572888
5,27538,14,2753888
5,15248,14,1524888
5,22428,14,2242888
5,27248,14,2724888
5,15278,14,1527888
5,14248,14,1424888
5,15338,14,1533888
5,34548,14,3454888
5,24198,14,2419888
5,69715,14,6971566050429
5,41868,14,4186888
5,14548,14,1454888
5,37608,14,3760888
5,42188,14,4218888
5,32708,14,3270888
5,91496,14,914962501316
5,40488,14,4048888
5,41088,14,4108888
5,30558,14,3055888
5,16248,14,1624888
5,18288,14,1828888
5,31898,14,3189888
5,14268,14,1426888
5,22918,14,2291888
5,34148,14,3414888
5,20378,14,2037888
5,34388,14,3438888
5,23178,14,2317888
5,14448,14,1444888
5,32898,14,3289888
5,23258,14,2325888
5,20638,14,2063888
5,33018,14,3301888
5,23298,14,2329888
5,19698,14,1969888
5,33598,14,3359888
5,19908,14,1990888
5,25058,14,2505888
5,13268,14,1326888
5,13448,14,1344888
5,14518,14,1451888
5,13548,14,1354888
5,25328,14,2532888
5,37698,14,3769888
5,36058,14,3605888
5,37818,14,3781888
5,37938,14,3793888
5,13648,14,1364888
5,14718,14,1471888
5,36278,14,3627888
5,20988,14,2098888
5,29188,14,2918888
5,28658,14,2865888
5,22308,14,2230888
5,21528,14,2152888
5,22248,14,2224888
5,18758,14,1875888
5,22738,14,2273888
5,22818,14,2281888
5,19008,14,1900888
5,16168,14,1616888
5,16678,14,1667888
5,79066,14,79066794242
5,79730,14,79730001110
5,79056,14,79056514949
5,33528,14,3352888
5,43058,14,4305888
5,38128,14,3812888
5,29368,14,2936888
5,26848,14,2684888
5,25918,14,2591888
5,28088,14,2808888
5,26048,14,2604888
5,26558,14,2655888
5,41748,14,4174888
5,23808,14,2380888
5,19958,14,1995888
5,19368,14,1936888
5,76126,14,761267210
5,79137,14,79137000050
5,78577,14,7857748627
5,71009,14,71009715010
5,77917,14,77917880192
5,79867,14,79867600000
5,79805,14,79805451777
5,73435,14,73435452089
5,79338,14,79338885500
5,77843,14,77843236241
5,74915,14,74915734767
5,84995,14,84995026374
5,17418,14,1741888
5,17008,14,1700888
5,17298,14,1729888
5,17448,14,1744888
5,17203,14,17203290623
5,19248,14,1924888
5,19278,14,1927888
5,22908,14,2290888
5,19558,14,1955888
5,66847,14,66847417407
5,12438,14,1243888
5,87188,14,871888
5,66859,14,66859202832
5,66865,14,66865502905
5,66897,14,66897550975
5,33510,13,33510728
5,07097,13,070977
5,42724,13,42724911
5,34002,13,340029304
5,49169,13,491697
5,03766,13,037663044
5,65309,13,65309588
5,98934,13,989347695984
5,71119,13,7111989
5,10501,13,10501800775
5,26667,13,26667281
5,42045,13,42045959
5,35906,13,3590690
5,37071,13,370719
5,26022,13,2602228139
5,62673,13,6267396
5,43366,13,43366136
5,35524,13,3552413
5,88111,13,8811112
5,96353,13,963539665062
5,57579,13,575794949
5,17097,13,170976
5,05478,13,0547894445
5,55259,13,552599788
5,55157,13,551576740
5,99099,13,9909951
5,88601,13,8860126351
5,74474,13,7447447246
5,05305,13,0530547726
5,22502,13,22502022105
5,34929,13,3492953680
5,34535,13,3453597820
5,55113,13,551133
5,37255,13,37255624007
5,71279,13,7127983
5,67653,13,6765356
5,92501,13,92501567644
5,49009,13,490098939248
5,92702,13,927026035461
5,44385,13,443857971302
5,44352,13,443526212412
5,56967,13,569677994
5,56155,13,561553883
5,81333,13,81333423242
5,81282,13,81282894545
5,62838,13,6283830697477
5,98715,13,9871504465708
5,39749,13,3974984
5,64623,13,6462391
5,13948,13,1394841
5,07914,13,07914817020
5,16126,13,16126888
5,16285,13,16285888
5,54293,13,5429323
5,52721,13,527215555
5,64137,13,6413770
5,75087,13,7508745645
5,50024,13,50024404
5,79275,13,79275105010
5,70750,13,7075018410
5,56290,13,562904695
5,75779,13,7577987296
5,73493,13,73493655396
5,73700,13,73700005
5,75013,13,7501336565
5,92621,13,9262191112
5,79371,13,79371611454
5,56201,13,562014067
5,79452,13,79452580277
5,70953,13,70953635432
5,79747,13,79747017
5,75054,13,7505456444
5,75088,13,7508824777
5,75046,13,750464427
5,75291,13,7529115052
5,73331,13,73331466686
5,75556,13,75556860
5,79913,13,7991368239
5,77791,13,77791662
5,26312,13,2631252
5,79145,13,79145444649
5,90379,13,9037965393
5,52492,13,524923673
5,79220,13,7922072333
5,79110,13,79110291919
5,47495,13,474959531659
5,77495,13,774959127577
5,87758,13,87758135703
5,75009,13,7500915555
5,89165,13,89165833038
5,74143,13,741432775010
5,79225,13,79225062233
5,79593,13,7959376352
5,79513,13,7951303107
5,72951,13,72951303107
5,79527,13,79527298910
5,56770,13,567704319
5,18000,13,1800098
5,55495,13,554959980
5,52715,13,527157374
5,58547,13,585474696
5,55341,13,553417352
5,56720,13,567201674
5,52881,13,528811494
5,42862,13,42862424
5,54430,13,544304387
5,58217,13,582177774
5,51212,13,5121201
5,19900,13,1990052600
5,19811,13,1981111600
5,19750,13,1975080800
5,19770,13,1977082700
5,19670,13,1967011800
5,96533,13,96533617803
5,66918,13,66918896392
5,52285,13,522857247
5,58691,13,5869110
5,54998,13,549980482
5,71545,13,71545827782
5,54588,13,5458885
5,05854,13,05854939
5,05608,13,0560836115
5,77710,13,77710805944
5,60323,13,60323017001
5,53913,13,539131120
5,97523,13,97523468747
5,54464,13,544649555
5,58178,13,581784066
5,03934,13,0393440663370
5,97468,13,97468662112
5,01317,13,013174742198
5,09752,13,097525229
5,63942,13,639426154085
5,56292,13,562929545
5,50003,13,500034497
5,47988,13,4798888977
5,54092,13,540925223
5,62690,13,6269065
5,53568,13,535685555
5,76518,13,7651834012
5,76006,13,7600670055
5,91926,13,919265268911
5,14122,13,14122250396
5,91752,13,917522991137
5,18095,13,18095711184
5,05232,13,0523249708
5,47889,13,4788978
5,50439,13,504394917
5,66624,13,666241
5,36181,13,361817
5,18882,13,1888222
5,80647,13,8064775363
5,92075,13,92075701
5,56892,13,568929127
5,56917,13,569171740
5,06199,13,06199181144
5,78010,13,7801000816
5,20229,13,2022934103
5,33534,13,3353460176
5,32228,13,3222814207
5,34221,13,3422188925
5,33581,13,3358108415
5,33379,13,3337904959
5,33231,13,3323135549
5,33537,13,3353770332
5,40086,13,400869
5,99854,13,99854068
5,15686,13,1568611537
5,47802,13,47802694200
5,01614,13,01614286364
5,07852,13,07852106817
5,07946,13,07946577075
5,79712,13,7971284804
5,53243,13,532432222
5,52875,13,528756919
5,44593,13,44593324013
5,64214,13,6421489035
5,44731,13,44731399288
5,07789,13,07789714393
5,77749,13,7774941782
5,79309,13,7930925127
5,26059,13,2605905584
5,77645,13,7764576034
5,78165,13,7816525615
5,56904,13,569049708
5,47793,13,47793459383
5,56487,13,564879935
5,78790,13,7879067238
5,78707,13,7870761234
5,93783,13,93783418581
5,56563,13,5656399116
5,78148,13,7814889090
5,78662,13,7866252868
5,77862,13,7786260316
5,79790,13,7979001769
5,77216,13,7721653872
5,75250,13,7525042169
5,79737,13,79737700613
5,44707,13,44707414115
5,44933,13,449336071
5,55117,13,551177814
5,12074,13,12074002550
5,97957,13,97957197688
5,18773,13,1877330429
5,33809,13,3380950
5,14298,13,1429869893
5,45461,13,4546112
5,44085,13,440850460000
5,77733,13,7773343263
5,76025,13,760253559
5,56790,13,567907123
5,26582,13,2658202777
5,77391,13,7739133686
5,78081,13,7808168898
5,79646,13,79646431009
5,52892,13,528921394
5,55116,13,551168470
5,79004,13,7900496271
5,79705,13,7970552091
5,69924,13,6992486
5,50402,13,504021112
5,92125,13,921255051
5,30695,13,306958601361
5,48211,13,48211104
5,41218,13,41218036252
5,71428,13,7142820749
5,62895,13,6289505824777
5,79114,13,79114690909
5,12006,13,1200603
5,32841,13,3284119
5,25566,13,2556677
5,55195,13,551956155
5,56730,13,567302533
5,62046,13,620460
5,02000,13,020000
5,10106,13,10106677
5,44820,13,448200
5,22113,13,221132
5,81110,13,81110024
5,80020,13,800204
5,23807,13,238070
5,80001,13,800010
5,60961,13,609610
5,36223,13,362235
5,65050,13,650506
5,29111,13,291112
5,12343,13,123434
5,22637,13,226371
5,64245,13,642450
5,62170,13,621700
5,22532,13,22532400
5,32432,13,324323
5,35200,13,352000
5,31142,13,311422
5,18838,13,188388
5,31503,13,315032
5,33733,13,337337
5,36244,13,362442
5,22611,13,226113
5,27101,13,271019
5,28212,13,2821208
5,18022,13,180223
5,38673,13,38673405059
5,20194,13,20194987203
5,92352,13,92352192760
5,01582,13,01582415697
5,92021,13,920215830392
5,91827,13,918273237682
5,16503,13,16503073031
5,61499,13,61499377586
5,54658,13,546583333
5,43558,13,43558894
5,41874,13,418748374
5,24413,13,2441394478
5,61727,13,61727857844
5,26349,13,26349000
5,26710,13,267105312
5,97465,13,97465051523
5,96691,13,966910000027
5,34691,13,34691976491
5,59995,13,5999528888
5,15174,13,15174027668
5,99565,13,99565878366
5,81408,13,814085443520
5,15177,13,15177631373
5,62829,13,6282928000
5,81924,13,81924065657
5,34335,13,343355
5,76730,13,767300
5,14125,13,14125761138
5,92821,13,928218071313
5,15099,13,1509989234
5,38368,13,3836894
5,06677,13,0667726
5,65802,13,6580207
5,34376,13,3437655
5,66852,13,668529
5,66862,13,66862904
5,33740,13,3374000
5,52108,13,521081050
5,53173,13,531736
5,34366,13,3436666
5,34960,13,3496098
5,20892,13,2089271
5,39139,13,3913929
5,94947,13,94947676
5,22333,13,2233334
5,22229,13,222296
5,39814,13,3981414
5,66353,13,663535
5,61111,13,6111116
5,28506,13,2850622
5,85909,13,859092
5,55327,13,5532710
5,34807,13,3480762
5,88466,13,8846666
5,34080,13,3408089
5,34505,13,3450513
5,96644,13,9664451010
5,73338,13,7333869
5,11389,13,113896518
5,79285,13,79285888150
5,93923,13,9392316
5,71171,13,711711
5,34854,13,3485404
5,91716,13,9171621148
5,74308,13,7430822
5,22598,13,2259888
5,35998,13,3599899822869
5,11915,13,1191537364
5,29876,13,298760024
5,17384,13,1738409989
5,81281,13,812812
5,15020,13,1502034496
5,11927,13,1192704650
5,10334,13,1033410249
5,10041,13,10041952
5,29703,13,2970391
5,31980,13,3198070
5,86002,13,8600262
5,30828,13,308282354
5,45978,13,459785856
5,37542,13,375421074
5,13283,13,1328353777
5,11598,13,1159863558
5,30430,13,304309188
5,30654,13,30654070
5,30484,13,304842802
5,15779,13,157798295
5,36996,13,369965134
5,48361,13,483613
5,27498,13,274980106
5,13674,13,1367491810
5,84584,13,84584979
5,20252,13,2025222
5,44715,13,44715404
5,19890,13,19890719
5,58226,13,582266133
5,84940,13,84940126
5,31828,13,31828202
5,19702,13,197026
5,13715,13,13715132929
5,25734,13,2573477615
5,24359,13,243592849
5,61586,13,61586184573
5,96642,13,9664261111
5,45251,13,45251904
5,53466,13,534663489
5,44496,13,444969602
5,85250,13,852509319119
5,62559,13,6255951
5,71755,13,7175540
5,33643,13,3364399344
5,12196,13,121963
5,62614,13,626144
5,64070,13,6407063
5,12485,13,12485048823
5,96537,13,9653725249
5,46767,13,46767106140
5,37448,13,37448804
5,04322,13,043220902
5,20630,13,2063004
5,35928,13,359289004
5,32754,13,327541217
5,24278,13,24278520300
5,24101,13,2410106
5,24951,13,2495187606
5,28593,13,2859393
5,23488,13,234880304
5,28244,13,282447404
5,38335,13,383357
5,76446,13,7644606050
5,54668,13,546689196
5,95673,13,956735521
5,47804,13,478040317
5,47226,13,472260650
5,64260,13,642609349
5,28237,13,2823785
5,64481,13,6448188050
5,35588,13,355881504
5,41216,13,41216513737
5,59890,13,598900
5,75265,13,75265437
5,22668,13,2266888
5,16098,13,1609888
5,18062,13,18062017
5,26775,12,26775259099
5,05500,12,055008998
5,51099,12,5109968432
5,67443,12,67443374
5,65698,12,6569870197
5,30546,12,3054611346
5,88023,12,8802384943
5,97275,12,9727508652
5,79663,12,79663499929
5,17605,12,17605774484
5,24615,12,24615702
5,69965,12,6996594460233
5,43246,12,43246383
5,99659,12,996596695021
5,06065,12,0606530623
5,55266,12,552665266
5,22089,12,220890
5,14940,12,149405
5,56374,12,563746767
5,15643,12,15643820
5,53220,12,532209999
5,86941,12,869414
5,08572,12,0857215581
5,94723,12,94723802662
5,80827,12,8082786
5,36206,12,3620631
5,24150,12,24150000
5,91833,12,918334821047
5,66950,12,66950365536
5,52874,12,528747474
5,70090,12,700900
5,46000,12,460000
5,52737,12,527375516
5,55247,12,552479757
5,22345,12,223457404
5,05111,12,05111998
5,70023,12,7002305717
5,11030,12,110302
5,11101,12,111010
5,12832,12,12832906972
5,13329,12,13329634454
5,13343,12,13343945373
5,11234,12,112341
5,12260,12,122601
5,13007,12,13007099816
5,13091,12,130910
5,13110,12,131103
5,13327,12,13327188843
5,13563,12,13563498519
5,15087,12,15087199227
5,17090,12,17090028675
5,84959,12,84959203736
5,56515,12,565155272
5,13676,12,13676910923
5,82372,12,823722491
5,10843,12,1084330533
5,15617,12,1561776221
5,48848,12,48848025
5,47151,12,471516500
5,13630,12,13630194157
5,78599,12,78599571
5,08197,12,081972
5,46443,12,464434917
5,52239,12,522398909
5,99328,12,993286621
5,95555,12,955555573899
5,31390,12,313900
5,58946,12,589466801
5,58283,12,582833856
5,56937,12,569378866
5,56828,12,568283860
5,56827,12,568275532
5,56772,12,567726888
5,56719,12,567196186
5,56401,12,564012458
5,56233,12,562335678
5,56182,12,561821888
5,56131,12,561310935
5,55930,12,559306888
5,55749,12,557493164
5,55744,12,557446986
5,55393,12,553935188
5,55382,12,553828607
5,55242,12,552422842
5,55163,12,551637675
5,54323,12,543230971
5,52836,12,528368756
5,52752,12,527522285
5,50898,12,508988088
5,50431,12,504313517
5,50262,12,502624582
5,56853,12,568531787
5,56742,12,567427530
5,56456,12,564564545
5,55625,12,556251056
5,52128,12,521285360
5,55912,12,559123060
5,52746,12,527468675
5,56386,12,563864142
5,54990,12,549902278
5,55781,12,557813244
5,54399,12,543999995
5,98194,12,9819488845
5,05452,12,0545286775
5,34160,12,341605
5,27791,12,27791246756
5,97344,12,973444344
5,٠٥٠٣٥,12,٠٥٠٣٥٢٣٥٦١
5,54611,12,546111877
5,98922,12,989224093897
5,22564,12,22564533034
5,22589,12,22589206534
5,22569,12,22569166516
5,37072,12,370727
5,09393,12,09393721
5,07196,12,071967
5,56965,12,569652961
5,55738,12,557381988
5,52596,12,525968466
5,05813,12,0581359564
5,07428,12,0742845109
5,06418,12,0641879376
5,05345,12,0534518076
5,06664,12,0666402778
5,05213,12,0521358987
5,07675,12,0767533672
5,01334,12,0133477066
5,01267,12,0126767717
5,05783,12,0578306071
5,06296,12,0629601270
5,05815,12,0581545115
5,20015,12,200151
5,05892,12,0589205672
5,16440,12,1644014697
5,95493,12,9549344760
5,53407,12,5340745
5,66706,12,667065
5,51333,12,5133322
5,47230,12,4723021
5,58331,12,5833129
5,24420,12,2442048
5,40900,12,4090004
5,45961,12,4596138
5,45062,12,4506227
5,21616,12,2161602
5,96180,12,961806682
5,42397,12,42397779
5,65732,12,65732263
5,25596,12,25596021
5,44339,12,44339523
5,47774,12,477747353
5,52708,12,527083317
5,13653,12,13653362535
5,56479,12,564797743
5,56580,12,56580134
5,56141,12,561412370
5,54488,12,5448843
5,45424,12,4542442
5,54157,12,5415717
5,84740,12,8474096
5,11501,12,11501200
5,11490,12,11490888
5,16224,12,16224888
5,18081,12,18081888
5,18232,12,18232888
5,17095,12,17095888
5,17801,12,17801888
5,12712,12,12712888
5,13045,12,13045888
5,11878,12,11878888
5,13291,12,13291888
5,11773,12,11773888
5,12217,12,12217888
5,13546,12,13546888
5,13545,12,13545888
5,14446,12,14446888
5,14432,12,14432888
5,16003,12,16003888
5,14433,12,14433888
5,15952,12,15952888
5,15956,12,15956888
5,14401,12,14401888
5,16083,12,16083888
5,15972,12,15972888
5,14406,12,14406888
5,14515,12,14515888
5,14774,12,14774888
5,16543,12,16543888
5,14771,12,14771888
5,15034,12,15034888
5,54533,12,545334723
5,88885,12,8888507
5,52765,12,527658858
5,67296,12,67296917
5,42212,12,42212693
5,44580,12,44580011
5,60077,12,6007713
5,77152,12,77152420843
5,73427,12,73427144604
5,42346,12,42346620
5,74525,12,7452580277
5,78655,12,78655354048
5,74565,12,74565465465
5,43367,12,43367476
5,38234,12,3823493
5,44227,12,44227900
5,43389,12,43389116
5,45616,12,45616900
5,44421,12,444216519
5,43418,12,43418181
5,69414,12,6941489
5,43996,12,43996487
5,42798,12,42798888
5,87773,12,87773020580
5,43955,12,43955560
5,10805,12,108054535032
5,48832,12,48832010
5,70951,12,70951085038
5,66712,12,6671253
5,03353,12,03353035099
5,35889,12,35889063
5,52624,12,526245146
5,26031,12,26031000
5,44309,12,44309577
5,24036,12,24036688
5,05759,12,057593
5,14707,12,14707749818
5,82801,12,8280149
5,03335,12,03335269818
5,26427,12,2642707
5,03102,12,03102033158
5,56535,12,565354808
5,58537,12,585373849
5,55401,12,554012738
5,25536,12,25536777
5,45575,12,45575409
5,44524,12,44524466
5,43384,12,43384004
5,26056,12,26056277
5,43503,12,43503522
5,45511,12,45511421
5,65874,12,6587481320
5,11020,12,11020838
5,63730,12,6373088
5,52826,12,5282656
5,25667,12,2566712
5,21190,12,2119057
5,47991,12,4799108884
5,20470,12,20470528
5,31314,12,3131498024
5,86339,12,863391672
5,13561,12,135610
5,43678,12,43678637
5,43089,12,43089154
5,42825,12,42825116
5,43929,12,43929770
5,43470,12,43470900
5,65261,12,65261288
5,42752,12,42752900
5,43256,12,43256295
5,43943,12,43943977
5,56727,12,567273630
5,43411,12,43411431
5,20879,12,2087932800
5,01286,12,0128652571
5,01449,12,01449612033
5,19127,12,1912739239
5,43609,12,43609263
5,23614,12,23614518
5,43123,12,43123216
5,43455,12,43455751
5,60320,12,60320552669
5,42853,12,42853660
5,27126,12,27126673025
5,13222,12,1322281442
5,20264,12,2026415
5,44634,12,44634579503
5,43638,12,43638880
5,56449,12,564498544
5,85257,12,8525731131
5,43348,12,43348585
5,44259,12,44259002
5,72077,12,72077653
5,42314,12,42314471
5,42821,12,42821555
5,44468,12,44468300
5,36620,12,366208104
5,16842,12,1684294482
5,19151,12,1915130796
5,28229,12,2822981
5,43081,12,43081606
5,16286,12,1628627949
5,44290,12,44290100
5,43693,12,43693553
5,43745,12,43745100
5,20876,12,2087642290
5,43234,12,43234100
5,32349,12,323499404
5,30431,12,3043100
5,43396,12,43396222
5,43069,12,43069999
5,36078,12,360787104
5,42278,12,42278535
5,72026,12,72026390
5,43317,12,43317681
5,43545,12,43545075
5,78030,12,7803060281
5,79448,12,7944820643
5,44394,12,44394300
5,32897,12,3289732104
5,42765,12,42765644
5,42519,12,4251999
5,43522,12,43522714
5,42163,12,42163840
5,43025,12,43025800
5,26770,12,26770228
5,65844,12,6584444564
5,25864,12,2586433
5,47930,12,4793077254
5,25197,12,251978883768
5,27653,12,27653637565
5,60984,12,609849564
5,67060,12,6706091
5,41705,12,417054302
5,79731,12,7973129
5,86166,12,8616606297098
5,17193,12,17193317272
5,96589,12,9658965
5,74127,12,741274
5,54473,12,544732
5,59929,12,5992917
5,14424,12,14424176794
5,89001,12,890011
5,63910,12,639100926996
5,73097,12,7309712670
5,53434,12,534342789
5,18048,12,180485
5,63932,12,639325826657
5,75198,12,751987
5,16141,12,161414
5,61458,12,61458983658
5,17705,12,17705453392
5,67200,12,672009
5,84962,12,84962881985
5,91086,12,9108691880865
5,76480,12,76480463
5,99201,12,992017
5,88067,12,8806700005
5,59840,12,598404795
5,31625,12,31625038000
5,91736,12,917368962999
5,05479,12,054799771
5,26307,12,2630774327490
5,54789,12,547894445
5,13342,12,133428
5,96765,12,96765520
5,32413,12,3241318
5,55917,12,559174857
5,43640,12,43640000
5,26445,12,26445581
5,49761,12,497618208111
5,44381,12,44381949
5,44347,12,44347172
5,42503,12,42503280
5,42367,12,42367470
5,22340,12,223400
5,43310,12,433100
5,33020,12,330200
5,21419,12,214194
5,13151,12,13151638883
5,13813,12,138139140
5,51085,12,510850
5,43710,12,437100
5,16816,12,168168
5,32410,12,324100
5,41811,12,418116
5,51910,12,519100
5,24700,12,247000
5,40132,12,401320
5,06110,12,061100
5,22421,12,224213
5,46230,12,462300
5,25120,12,251200
5,24630,12,246300
5,11404,12,114044
5,60060,12,600603
5,03210,12,032100
5,42198,12,421980
5,21311,12,213118
5,20045,12,200452
5,43200,12,432000
5,01003,12,010030
5,21407,12,214074
5,43004,12,430047
5,52620,12,526200
5,12131,12,121310012
5,21131,12,211316
5,22173,12,221732
5,33151,12,3315102600
5,52358,12,523581
5,51502,12,515021
5,23650,12,236500
5,10038,12,100380
5,51440,12,514400
5,66688,12,666888
5,01006,12,010062
5,21541,12,215413
5,54110,12,541100
5,51460,12,514600
5,44271,12,442714
5,51071,12,510710
5,51612,12,516127
5,32521,12,325211
5,32370,12,323700
5,35510,12,355101
5,25521,12,255215
5,53810,12,538100
5,72700,12,727000
5,64100,12,641000
5,25150,12,251500
5,22440,12,224400
5,43160,12,431600
5,39000,12,390000
5,23820,12,238200
5,31181,12,311814
5,51563,12,515638
5,77121,12,771215
5,31801,12,318016
5,52000,12,520000
5,43820,12,438200
5,25110,12,251100
5,40830,12,408300
5,05450,12,054500
5,51151,12,511515
5,65310,12,653100
5,75002,12,750021
5,51054,12,510545
5,20016,12,200169
5,50058,12,50058888
5,32340,12,323400
5,47435,12,474350
5,25180,12,2518003
5,40276,12,402760
5,52339,12,523391
5,35031,12,350315
5,52375,12,523752
5,11611,12,116113
5,21116,12,211167
5,54630,12,546300
5,72420,12,724206
5,05791,12,05791860
5,52377,12,523779
5,86828,12,8682893195
5,42560,12,425605
5,53060,12,530602
5,62101,12,621010
5,41320,12,413200
5,46250,12,462500
5,21534,12,215343
5,30220,12,302200129
5,44180,12,441800
5,06265,12,062650
5,24110,12,241100
5,53240,12,532400
5,46240,12,462400
5,80085,12,8008571162
5,06130,12,061300
5,01008,12,010080
5,47250,12,472500
5,12240,12,122400
5,52363,12,523633
5,35100,12,351000
5,23100,12,231000
5,53030,12,530300
5,31401,12,314011
5,71030,12,710300
5,37120,12,3712000
5,25502,12,255028
5,30160,12,301603
5,51402,12,514021
5,07255,12,072550
5,51029,12,510290
5,73510,12,735100
5,11013,12,110136
5,44320,12,443208
5,24650,12,246500
5,20061,12,200613
5,07275,12,072751
5,67700,12,677000
5,40110,12,401100085
5,34150,12,341500
5,07180,12,071800
5,45803,12,458030
5,46750,12,467500
5,03061,12,030619
5,43540,12,435400
5,12034,12,120345
5,27320,12,273200
5,27401,12,274015
5,25310,12,253100
5,05387,12,053873
5,22204,12,222042
5,21542,12,215421
5,17450,12,174502
5,35052,12,350524
5,41930,12,419300
5,72101,12,721014
5,21411,12,214116
5,66629,12,66629601200129
5,24710,12,247100
5,34250,12,3425071230
5,22351,12,223510031
5,31701,12,317016
5,84300,12,843000
5,27450,12,274500
5,59513,12,595139
5,42570,12,425700
5,42230,12,422300
5,75030,12,750300
5,51554,12,515549
5,66699,12,666999
5,10156,12,101568
5,25268,12,2526878
5,25620,12,256206
5,31751,12,317511
5,82072,12,820723
5,31125,12,311256
5,53540,12,535400
5,36224,12,362246
5,32440,12,324400
5,65023,12,650231
5,04100,12,041000
5,23150,12,231500
5,40071,12,400715
5,22206,12,222062
5,13500,12,135000
5,52395,12,523957
5,11130,12,111301
5,26540,12,265400
5,11021,12,11021104
5,41440,12,414400
5,46710,12,467100
5,41350,12,413500
5,31581,12,315812
5,31573,12,315731
5,66633,12,666338
5,52382,12,523820
5,38207,12,3820737
5,22002,12,220020
5,66571,12,665714
5,13740,12,137401
5,32211,12,322118
5,07570,12,075700
5,31126,12,311266
5,07140,12,071400
5,22365,12,223656
5,52352,12,523528
5,31207,12,312071
5,66851,12,668518
5,06420,12,064200
5,36231,12,362314
5,27610,12,276100
5,16338,12,163388
5,41510,12,415100
5,23430,12,234300
5,80551,12,805515041
5,61184,12,611844
5,88800,12,888008
5,21568,12,215688
5,15016,12,150160
5,26530,12,265300
5,83500,12,835000
5,51045,12,510450
5,13991,12,139912
5,51833,12,518336
5,80082,12,8008202580
5,80051,12,800510
5,71002,12,710021
5,06580,12,065800
5,83006,12,830063
5,83118,12,83118999
5,24728,12,247280
5,51907,12,519070
5,05602,12,056023
5,05331,12,0533114
5,59141,12,591414
5,91561,12,91561498463
5,58875,12,5887522
5,58484,12,5848482
5,25725,12,2572591
5,34529,12,3452964971
5,13220,12,13220104732
5,18872,12,18872901079
5,18323,12,18323983456
5,33136,12,3313621084
5,56205,12,562057127
5,22674,12,2267426600
5,10605,12,106055
5,54219,12,542196853
5,56495,12,564951626
5,54306,12,543066231
5,09876,12,098765432
5,63093,12,6309393157475
5,65815,12,6581510928
5,64449,12,6444906
5,65813,12,6581389442
5,23322,12,233222119797
5,31188,12,3118805767
5,97501,12,97501875628
5,59060,12,590604454
5,53777,12,537770053
5,34712,12,347123408
5,33482,12,3348256868
5,33443,12,3344343887
5,33344,12,3334459450
5,18657,12,18657867979
5,18845,12,18845818379
5,18096,12,18096189497
5,18330,12,18330676778
5,15377,12,15377503859
5,13041,12,13041132564
5,18020,12,18020766267
5,15600,12,15600666585
5,15541,12,15541144887
5,13946,12,13946330431
5,18565,12,18565459152
5,52716,12,527162824
5,13694,12,13694141015
5,15231,12,15231896999
5,56555,12,565555343
5,96179,12,96179119999
5,16978,12,16978243
5,53366,12,53366004
5,51699,12,516999050
5,64540,12,6454045
5,38384,12,38384504
5,51154,12,511546050
5,66843,12,66843604
5,33857,12,3385770
5,38165,12,381656677881
5,06749,12,067490173
5,04307,12,043079214
5,17136,12,17136478517
5,05223,12,0522382920
5,05224,12,0522449128
5,53171,12,5317110
5,35129,12,3512993
5,55628,12,556287806
5,05255,12,052555225
5,19802,12,19802002
5,15123,12,15123382922
5,14142,12,14142288357
5,02583,12,025838124
5,35358,12,3535857
5,39882,12,3988265
5,30192,12,3019277
5,21667,12,21667704
5,34718,12,3471807
5,66385,12,66385404
5,56272,12,5627222
5,28314,12,2831414
5,35144,12,3514441
5,22721,12,2272106
5,31979,12,3197925
5,26222,12,2622222
5,21028,12,2102888
5,19566,12,19566249230
5,56922,12,569222560
5,90012,12,90012913
5,36034,12,3603464804
5,05443,12,0544352000
5,53111,12,531111534
5,05470,12,0547070870
5,05862,12,0586296393
5,58205,12,582055376
5,52422,12,524225075
5,54435,12,544352000
5,14254,12,14254423157
5,15656,12,1565645
5,52319,12,523193964
5,56212,12,562122134
5,56381,12,563811771
5,58299,12,582996334
5,55849,12,558497928
5,55987,12,559874683
5,56257,12,562572123
5,58266,12,582669570
5,58567,12,585670154
5,56475,12,564753117
5,58107,12,581078000
5,52467,12,524672840
5,55537,12,555376399
5,52794,12,527942514
5,52237,12,522370060
5,55143,12,551432507
5,54476,12,544769666
5,15622,12,15622533057
5,58918,12,589186097
5,52558,12,525586239
5,88181,12,881819047519
5,88173,12,881733932286
5,56643,12,566439415
5,56482,12,564822311
5,56670,12,566700423
5,52275,12,522750102
5,56932,12,569323086
5,58574,12,585749058
5,57217,12,572177396
5,58696,12,586964278
5,41628,12,41628496070
5,50404,12,504043807
5,19045,12,19045993225
5,07595,12,07595512460
5,08026,12,08026842256
5,05964,12,0596417199
5,85728,12,8572888
5,59968,12,5996888
5,31458,12,3145888
5,14858,12,1485888
5,28868,12,2886888
5,22708,12,2270888
5,14458,12,1445888
5,22838,12,2283888
5,29098,12,2909888
5,27468,12,2746888
5,16768,12,1676888
5,22928,12,2292888
5,27518,12,2751888
5,24478,12,2447888
5,29378,12,2937888
5,39138,12,3913888
5,14738,12,1473888
5,39288,12,3928888
5,39358,12,3935888
5,43668,12,4366888
5,43748,12,4374888
5,15420,12,1542000
5,14928,12,1492888
5,42928,12,4292888
5,23538,12,2353888
5,14958,12,1495888
5,39958,12,3995888
5,40028,12,4002888
5,44838,12,4483888
5,40178,12,4017888
5,24988,12,2498888
5,25388,12,2538888
5,15388,12,1538888
5,40258,12,4025888
5,43568,12,4356888
5,43648,12,4364888
5,40408,12,4040888
5,40478,12,4047888
5,42608,12,4260888
5,40628,12,4062888
5,25228,12,2522888
5,40708,12,4070888
5,42848,12,4284888
5,42998,12,4299888
5,15668,12,1566888
5,40998,12,4099888
5,25458,12,2545888
5,25898,12,2589888
5,22078,12,2207888
5,35958,12,3595888
5,40738,12,4073888
5,93688,12,936888
5,79059,12,7905928459
5,17368,12,1736888
5,27258,12,2725888
5,68438,12,6843888
5,25778,12,2577888
5,20788,12,2078888
5,87028,12,8702888
5,25258,12,2525888
5,24068,12,2406888
5,18808,12,1880888
5,23818,12,2381888
5,10428,12,1042888
5,10158,12,1015888
5,10308,12,1030888
5,24788,12,2478888
5,10828,12,1082888
5,10578,12,1057888
5,23678,12,2367888
5,10568,12,1056888
5,10618,12,1061888
5,16018,12,1601888
5,24138,12,2413888
5,11458,12,1145888
5,16228,12,1622888
5,24128,12,2412888
5,24178,12,2417888
5,10848,12,1084888
5,17278,12,1727888
5,24348,12,2434888
5,60488,12,6048888
5,26388,12,2638888
5,40688,12,4068888
5,29258,12,2925888
5,58168,12,5816888
5,40278,12,4027888
5,28338,12,2833888
5,48258,12,4825888
5,14148,12,1414888
5,28378,12,2837888
5,48318,12,4831888
5,40388,12,4038888
5,29028,12,2902888
5,24998,12,2499888
5,14778,12,1477888
5,24358,12,2435888
5,26258,12,2625888
5,42788,12,4278888
5,44648,12,4464888
5,29838,12,2983888
5,28078,12,2807888
5,47028,12,4702888
5,48538,12,4853888
5,37408,12,3740888
5,27708,12,2770888
5,26758,12,2675888
5,28178,12,2817888
5,27738,12,2773888
5,45038,12,4503888
5,37578,12,3757888
5,14638,12,1463888
5,30578,12,3057888
5,36128,12,3612888
5,37628,12,3762888
5,38598,12,3859888
5,37688,12,3768888
5,14668,12,1466888
5,36808,12,3680888
5,36248,12,3624888
5,37798,12,3779888
5,14688,12,1468888
5,53018,12,5301888
5,28428,12,2842888
5,27688,12,2768888
5,27268,12,2726888
5,25958,12,2595888
5,15778,12,1577888
5,28638,12,2863888
5,29108,12,2910888
5,90738,12,9073888
5,12138,12,1213888
5,12928,12,1292888
5,24408,12,2440888
5,29248,12,2924888
5,12388,12,1238888
5,29718,12,2971888
5,25108,12,2510888
5,29628,12,2962888
5,29948,12,2994888
5,30108,12,3010888
5,25688,12,2568888
5,65808,12,6580888
5,37228,12,3722888
5,80498,12,8049888
5,20480,12,2048020400
5,41138,12,4113888
5,38118,12,3811888
5,75645,12,75645645456
5,79142,12,79142030682
5,79374,12,79374571039
5,27459,12,274593
5,63630,12,636302
5,24216,12,2421670
5,26058,12,2605888
5,38428,12,3842888
5,42498,12,4249888
5,42658,12,4265888
5,42818,12,4281888
5,71528,12,7152888
5,13398,12,1339888
5,30788,12,3078888
5,35614,12,3561420102700
5,13638,12,1363888
5,17271,12,1727105
5,85588,12,855888
5,12478,12,1247888
5,15838,12,1583888
5,34627,12,34627195190
5,11618,12,1161888
5,16808,12,1680888
5,11768,12,1176888
5,16088,12,1608888
5,11868,12,1186888
5,29858,12,2985888
5,12268,12,1226888
5,15768,12,1576888
5,12468,12,1246888
5,15928,12,1592888
5,94388,12,943888
5,30838,12,3083888
5,17908,12,1790888
5,13048,12,1304888
5,16918,12,1691888
5,14085,12,14085047255
5,12658,12,1265888
5,12408,12,1240888
5,12708,12,1270888
5,16438,12,1643888
5,32508,12,3250888
5,32748,12,3274888
5,32878,12,3287888
5,32938,12,3293888
5,21758,12,2175888
5,33118,12,3311888
5,17168,12,1716888
5,17198,12,1719888
5,33738,12,3373888
5,22318,12,2231888
5,33798,12,3379888
5,22358,12,2235888
5,33978,12,3397888
5,46618,12,4661888
5,34158,12,3415888
5,46958,12,4695888
5,81221,12,8122190
5,18072,12,18072017
5,01082,12,01082017
5,06092,12,06092017
5,14092,12,14092017
5,21196,12,211963
5,38787,12,3878787
5,05151,12,051515
5,17662,12,17662773
5,17693,12,17693574
5,73508,12,735087
5,86010,11,8601063261770
5,44861,11,448611
5,33966,11,339667
5,65837,11,6583740814
5,42168,11,4216808
5,92267,11,9226704
5,45344,11,4534471
5,88684,11,8868408
5,22830,11,2283085
5,49723,11,4972355
5,65761,11,6576120
5,46731,11,4673139
5,45153,11,4515312
5,85759,11,8575950
5,74177,11,7417708
5,25012,11,2501242
5,15012,11,15012767688
5,61428,11,61428024967
5,26032,11,2603255
5,55416,11,554163793
5,36225,11,3622522
5,17702,11,1770271
5,14026,11,14026011873
5,45281,11,4528123180
5,99920,11,9992000
5,78112,11,781126
5,44914,11,449149540
5,44645,11,446456452
5,44058,11,440587069110
5,10417,11,104171
5,95245,11,95245663
5,44176,11,441761451553
5,44710,11,44710636444
5,41223,11,41223111441
5,33263,11,3326323
5,54605,11,5460505
5,54666,11,546666670
5,96256,11,962564406090
5,73200,11,7320032
5,21219,11,2121974
5,96673,11,96673175000
5,28655,11,2865567
5,36091,11,360919604
5,48050,11,480500
5,51256,11,512569221
5,49292,11,49292904
5,77226,11,77226226
5,41442,11,414424
5,13614,11,136142
5,22788,11,22788222
5,31123,11,311231
5,51999,11,5199999
5,65110,11,651108
5,77783,11,7778395132
5,10980,11,1098069
5,55844,11,5584469
5,66711,11,66711504
5,65959,11,6595989050
5,45261,11,4526166050
5,34988,11,349889404
5,02610,11,026100000
5,07227,11,072275959
5,23032,11,2303202050
5,90000,11,900000
5,37518,11,3751890
5,11112,11,111121
5,65391,11,6539139050
5,04253,11,042530547
5,52247,11,5224727
5,97451,11,9745192555
5,71458,11,7145888744
5,16099,11,16099189186
5,37063,11,37063300337
5,92544,11,92544602393
5,66844,11,66844279807
5,04852,11,048526221
5,42972,11,4297256
5,77784,11,77784264636
5,92708,11,927083966
5,16465,11,16465221944
5,74803,11,748035
5,69388,11,69388404
5,38388,11,38388804
5,98009,11,980098541241
5,38288,11,38288104
5,65111,11,6511163050
5,65216,11,6521667050
5,45085,11,45085904
5,45302,11,4530255915
5,82628,11,826288459
5,92462,11,924626
5,96636,11,96636641839
5,06766,11,067666006
5,19919,11,199199
5,65299,11,6529919050
5,66342,11,66342404
5,65420,11,6542070050
5,26118,11,261189804
5,65558,11,6555898050
5,03732,11,037322003
5,42078,11,420786504
5,34617,11,34617493613
5,27796,11,27796615500
5,48810,11,48810482
5,74232,11,74232226725
5,65630,11,6563005239
5,84123,10,841237565044
5,52556,10,525567069894
5,90626,10,90626056
5,70432,10,70432750
5,16714,10,16714821071
5,54404,10,544044623
5,88882,10,888827
5,94712,10,94712723723
5,94729,10,94729346713
5,94720,10,94720903163
5,56441,10,56441026
5,95920,10,9592010814
5,24005,10,2400551
5,74764,10,7476408404
5,17274,10,17274812731
5,86053,10,86053285027077
5,86021,10,8602162810338
5,82044,10,8204485923
5,10604,10,106047718781
5,27021,10,270215927660
5,26001,10,26001272683
5,26002,10,2600211272683
5,86075,10,8607567763665
5,70985,10,709852104962
5,97404,10,97404835438
5,97406,10,97406568193
5,86015,10,86015117241077
5,55598,10,5559869000
5,15194,10,15194976916
5,54552,10,5455252517
5,58949,10,589491545
5,58854,10,588543181
5,58853,10,588534289
5,58852,10,588520106
5,58845,10,588450919
5,58826,10,588263921
5,58811,10,588115956
5,58808,10,588088888
5,58288,10,582881578
5,58280,10,582802281
5,58258,10,582589671
5,58189,10,581899244
5,58128,10,581283399
5,57749,10,577495068
5,57009,10,570097155
5,56953,10,569538558
5,56934,10,569341277
5,56910,10,569105656
5,56890,10,568903888
5,56887,10,568877567
5,56868,10,568687999
5,56855,10,568552283
5,56826,10,568269518
5,56811,10,568118058
5,56805,10,568053801
5,56782,10,567827321
5,56776,10,567760087
5,56699,10,566995660
5,56677,10,566770806
5,56649,10,566497331
5,56634,10,566342268
5,56632,10,566325211
5,56567,10,565670999
5,56564,10,565644565
5,56552,10,565521255
5,56504,10,565048185
5,56327,10,563277777
5,56317,10,563170327
5,56313,10,563136888
5,56283,10,562835665
5,56181,10,561819888
5,56158,10,561589696
5,56129,10,561296838
5,52725,10,527259888
5,56530,10,565308181
5,55984,10,559843728
5,55896,10,558966258
5,55865,10,558656176
5,55852,10,558527164
5,55682,10,556820899
5,54089,10,540896192
5,55285,10,552852321
5,55258,10,552583907
5,55257,10,552578800
5,55171,10,551716468
5,55145,10,551450755
5,55133,10,551336671
5,54758,10,547581888
5,54423,10,544238442
5,54390,10,543903333
5,54370,10,543707344
5,53733,10,537335555
5,53545,10,535459454
5,53148,10,531488888
5,52991,10,529918966
5,52974,10,529742514
5,52971,10,529715287
5,52955,10,529551588
5,52954,10,529548017
5,52952,10,529527724
5,52905,10,529059731
5,52886,10,528860778
5,52882,10,528825218
5,55304,10,553041616
5,52870,10,528703400
5,52855,10,528550768
5,52786,10,527863135
5,52785,10,527855613
5,52763,10,527633619
5,53763,10,537633619
5,52751,10,527513222
5,52749,10,527496660
5,52748,10,527482666
5,52728,10,527280730
5,52702,10,527029388
5,52697,10,526972786
5,52686,10,526869188
5,52678,10,526782643
5,52621,10,526219999
5,52656,10,526565188
5,52651,10,526516789
5,52632,10,526328388
5,52628,10,526285888
5,52619,10,526192888
5,52613,10,526139888
5,52601,10,526019899
5,52561,10,525615580
5,52508,10,525083097
5,52486,10,524862228
5,52314,10,523147929
5,52295,10,522956689
5,52195,10,521957771
5,52189,10,521896613
5,52176,10,521761946
5,52052,10,520528883
5,51928,10,519280808
5,51509,10,515098246
5,50792,10,507921393
5,43399,10,433998222
5,50608,10,506087900
5,50604,10,506042935
5,56594,10,565949528
5,56197,10,561978558
5,50605,10,506057626
5,50405,10,504054668
5,50401,10,504018868
5,50683,10,506835018
5,50237,10,502372629
5,50194,10,501948133
5,50192,10,501924901
5,50186,10,501865311
5,50136,10,501367846
5,50092,10,500926682
5,50064,10,500645958
5,50964,10,509645999
5,50130,10,501308213
5,50043,10,500439111
5,52896,10,528961888
5,56633,10,566335366
5,52513,10,525139988
5,58390,10,583907483
5,53277,10,532772213
5,50867,10,508672759
5,56614,10,566149695
5,52274,10,522748198
5,56971,10,569713636
5,56871,10,568711141
5,56823,10,568238350
5,56781,10,567811858
5,56714,10,567145821
5,56636,10,566363270
5,56620,10,566200597
5,56490,10,564905298
5,56463,10,564637083
5,56440,10,564401303
5,56375,10,563754855
5,56373,10,563735888
5,56319,10,563199772
5,56314,10,563146039
5,56286,10,562865423
5,56280,10,562802651
5,56276,10,562768136
5,56136,10,561362706
5,55812,10,558123724
5,55765,10,557658686
5,55581,10,555810770
5,55435,10,554356811
5,55419,10,554195976
5,55358,10,553582999
5,55321,10,553211999
5,55166,10,551667858
5,54497,10,544978479
5,52638,10,526387882
5,52966,10,529664692
5,52958,10,529583053
5,52793,10,527936715
5,52790,10,527900581
5,52761,10,527619555
5,52680,10,526803526
5,52676,10,526760286
5,52585,10,525859792
5,52581,10,525816677
5,52417,10,524175888
5,52349,10,523498086
5,52281,10,522818639
5,52162,10,521622709
5,52807,10,528072226
5,50178,10,501788249
5,56638,10,566388761
5,56289,10,562892600
5,50337,10,503378100
5,52863,10,528633788
5,50630,10,506305580
5,59903,10,599035529
5,55875,10,558757226
5,56598,10,565985667
5,55893,10,558932401
5,54494,10,544940948
5,52935,10,529356936
5,55140,10,551401184
5,56485,10,564852260
5,52696,10,526968982
5,56161,10,561617725
5,52589,10,525898279
5,55254,10,552544606
5,52675,10,526757421
5,56891,10,568910888
5,52543,10,525435588
5,55092,10,550922768
5,53822,10,538221656
5,54448,10,544480853
5,54373,10,543734541
5,59895,10,598951105
5,58135,10,581359564
5,52631,10,526319040
5,52572,10,525720703
5,58176,10,581768680
5,53213,10,532136502
5,53451,10,534518076
5,56534,10,565344079
5,57830,10,578306071
5,52194,10,521944440
5,53504,10,535040350
5,53513,10,535133035
5,59658,10,596588003
5,55421,10,554214424
5,50913,10,509137312
5,52887,10,528870070
5,42963,10,429636167
5,58867,10,588673207
5,55175,10,551757575
5,58576,10,585767680
5,58953,10,589538126
5,58920,10,589205672
5,58125,10,581254416
5,56584,10,565846271
5,50116,10,501162224
5,10037,10,1003713781
5,30539,10,3053971723
5,27634,10,27634384476
5,58990,10,589903448
5,80273,10,8027336387
5,58219,10,582191914
5,05253,10,0525311592
5,12133,10,12133227015
5,09874,10,0987446199
5,94594,10,945945
5,09102,10,0910225100
5,09722,10,0972281756
5,79934,10,7993466
5,13702,10,13702025353
5,32149,10,3214999155
5,34582,10,3458230042
5,34522,10,3452242180
5,33342,10,3334227999
5,66871,10,668711
5,56791,10,567910888
5,98116,10,9811643939
5,13712,10,13712507676
5,05471,10,0547135268
5,54449,10,544497977
5,18091,10,18091010101010
5,37510,10,3751055
5,17504,10,1750495887
5,60200,10,602000
5,19700,10,19700816
5,87190,10,8719084
5,91691,10,916916
5,46196,10,461968
5,89200,10,892009
5,30469,10,304692
5,14519,10,1451981
5,60716,10,60716080
5,19825,10,198255
5,29564,10,295644520
5,90209,10,902090
5,14334,10,143341
5,22331,10,223312
5,19991,10,199913
5,92861,10,928619
5,13305,10,133055
5,59070,10,5907075
5,99003,10,9900383
5,20099,10,2009993
5,26151,10,261519
5,37191,10,371918
5,15434,10,1543470229
5,95062,10,950621
5,40011,10,400114
5,11589,10,1158977
5,19882,10,198826
5,14070,10,140706
5,39270,10,3927031
5,55695,10,556955125
5,69611,10,696118
5,89847,10,8984771
5,13551,10,13551269450
5,17832,10,17832211820
5,15930,10,15930332535
5,18093,10,18093194598
5,13678,10,13678655160
5,18514,10,18514669826
5,15354,10,15354173092
5,15171,10,15171081770
5,16619,10,16619976159
5,13293,10,13293183333
5,13635,10,13635629932
5,13633,10,13633168773
5,13920,10,13920782666
5,17064,10,17064630258
5,13464,10,13464688060
5,15640,10,15640424598
5,15724,10,15724376654
5,13582,10,13582721766
5,18842,10,18842708236
5,15614,10,15614376242
5,17333,10,17333684633
5,15703,10,15703999505
5,18365,10,18365217236
5,15933,10,15933358163
5,18116,10,18116229972
5,18942,10,18942779830
5,17653,10,17653298523
5,18410,10,18410440977
5,90445,10,9044544811
5,58956,10,5895669283
5,49577,10,495774189
5,20346,10,2034630375
5,20212,10,2021224504301
5,75908,10,7590830310
5,70901,10,70901311912
5,25783,10,257836773906
5,97688,10,97688114888
5,64212,10,64212860882
5,47958,10,4795807479
5,98699,10,98699793875
5,12132,10,12132550111
5,96235,10,96235987
5,32983,10,3298343
5,20908,10,2090827
5,81294,10,8129488
5,88651,10,8865188
5,73938,10,7393811
5,87850,10,8785090
5,87851,10,8785138
5,46177,10,4617758
5,89410,10,8941048
5,22493,10,2249372
5,84438,10,8443851
5,88643,10,8864309
5,46943,10,4694308
5,87969,10,8796919
5,87925,10,8792536
5,68442,10,6844245
5,29649,10,2964996
5,70220,10,7022068
5,81883,10,8188356
5,45984,10,4598453
5,88686,10,8868676
5,29516,10,2951636
5,53831,10,5383168
5,53918,10,5391868
5,80564,10,8056498
5,29295,10,2929548
5,56436,10,5643660
5,74848,10,7484869
5,84093,10,8409358
5,59875,10,5987589
5,25032,10,2503244
5,70977,10,7097756
5,76483,10,7648344
5,47925,10,4792568
5,67839,10,6783985
5,48307,10,4830753
5,56540,10,5654096
5,37553,10,3755369
5,86704,10,8670428
5,94337,10,9433744
5,55074,10,5507428
5,75848,10,7584851
5,42388,10,4238820
5,62596,10,6259684
5,65667,10,6566781
5,46437,10,4643705
5,81106,10,8110609
5,28332,10,2833279
5,75933,10,7593358
5,76962,10,7696234
5,42621,10,4262168
5,88664,10,8866486
5,79665,10,7966568
5,77068,10,7706825
5,88267,10,8826728
5,46269,10,4626911
5,87267,10,8726707
5,36109,10,3610968
5,88749,10,8874988
5,83858,10,8385888
5,49156,10,4915628
5,39658,10,3965898
5,32835,10,328352
5,84894,10,8489469
5,25231,10,2523191
5,22552,10,2255237
5,66266,10,6626610
5,51958,10,5195858
5,28968,10,2896876
5,32568,10,32568695
5,54501,10,5450123
5,32046,10,320465651291
5,61429,10,61429888384
5,99039,10,9903993096
5,12504,10,12504672554
5,12267,10,12267924455
5,30322,10,3032201484
5,56390,10,563907977
5,27849,10,27849801515
5,27735,10,27735362311
5,44621,10,446213710
5,50364,10,503645543
5,43534,10,43534193
5,55331,10,553319969
5,55851,10,558515577
5,56304,10,563045971
5,47710,10,47710298629
5,52291,10,522915080
5,81585,10,81585573999
5,58910,10,589100208
5,75157,10,7515722101
5,64764,10,647646000
5,33349,10,3334904343
5,13703,10,13703510444
5,30238,10,3023864
5,31441,10,314416
5,17011,10,17011702
5,52320,10,523200
5,51620,10,516200
5,62802,10,628021
5,86142,10,8614259744689
5,86320,10,8632051556
5,51880,10,518800
5,23328,10,233287666
5,07130,10,071300
5,86636,10,8663634749
5,86125,10,8612583213191
5,34190,10,341900
5,26548,10,26548175
5,60160,10,601603
5,86145,10,861452255168
5,86647,10,8664718449
5,86268,10,8626858275
5,86382,10,863823417
5,86444,10,86444648066
5,13658,10,136588
5,86381,10,8638196
5,86322,10,863229659
5,86200,10,8620000000000
5,86422,10,8642245111
5,86474,10,864748866963
5,86687,10,8668761255
5,21322,10,213223
5,99011,10,990111
5,86700,10,8670021012567
5,86336,10,86336418
5,86915,10,86915396531
5,57468,10,574685
5,86927,10,8692748729
5,82250,10,8225009
5,86904,10,8690403832
5,86947,10,8694726827
5,10710,10,107107
5,86367,10,863671131317
5,86344,10,86344518029
5,20132,10,201324
5,43260,10,432600
5,61009,10,610091
5,86669,10,866695874587
5,86273,10,8627306134
5,86116,10,86116828
5,58218,10,582185
5,86620,10,8662020036
5,86698,10,8669846613
5,86449,10,864499999
5,86923,10,869234566777
5,21545,10,2154581008
5,86364,10,8636486345285
5,30110,10,301102
5,86622,10,8662227622
5,86589,10,8658974540856
5,86665,10,866658790
5,86587,10,8658795423698
5,86653,10,8665314301
5,23155,10,231553
5,42210,10,422100
5,86789,10,86789456123
5,86365,10,8636598671
5,86984,10,8698466058
5,26105,10,261051
5,86603,10,866033353
5,57688,10,576886
5,86560,10,865600826
5,86402,10,864025582243
5,86970,10,8697021190
5,86678,10,8667866263
5,10058,10,100580
5,51338,10,5133833
5,11102,10,111024
5,86267,10,8626736313
5,86362,10,86362288
5,55661,10,5566168
5,20195,10,20195798929
5,48108,10,48108249
5,48850,10,48850833
5,45516,10,45516760
5,11434,10,11434672905
5,79573,10,7957380333
5,90615,10,9061506109
5,52797,10,527974571
5,19014,10,19014020928
5,55658,10,556589984
5,86173,10,8617360130925
5,95254,10,95254820
5,99646,10,9964699542
5,56976,10,56976489134
5,22465,10,224657487878
5,78022,10,7802241363
5,05379,10,053792606
5,91657,10,916576645409
5,14842,10,14842352758
5,69445,10,6944525205
5,75418,10,7541893566
5,56211,10,562114181
5,75723,10,7572320077
5,56128,10,561282256
5,54352,10,543521100
5,65532,10,6553244
5,52688,10,526888808
5,55375,10,553756190
5,55301,10,553010556
5,55128,10,551285020
5,63995,10,639953877856
5,54777,10,547775482
5,74407,10,7440722
5,29977,10,29977443
5,58540,10,585406672
5,14084,10,14084394362
5,40073,10,400731745042
5,55974,10,559740
5,50704,10,507044360
5,50083,10,50083349
5,55046,10,550466090
5,55042,10,550420015
5,50005,10,500051200
5,59351,10,593512318
5,54088,10,540883399
5,56908,10,569087373
5,59533,10,59533999
5,56192,10,561920264
5,56060,10,560606022
5,50051,10,500515525
5,57094,10,570945070
5,54646,10,546465554
5,54418,10,544186555
5,59200,10,592000118
5,56502,10,565028173
5,53078,10,530788787
5,54135,10,541358252
5,54313,10,543130010
5,55082,10,550828250
5,53355,10,533554201
5,53529,10,535290342
5,55797,10,557975736
5,57151,10,571518634
5,58328,10,583280807
5,59221,10,592211226
5,59433,10,594333332
5,53358,10,533583134
5,55762,10,557620549
5,53083,10,530832550
5,53069,10,530699812
5,59597,10,595977836
5,54377,10,543772408
5,56377,10,563779018
5,56873,10,568732222
5,53555,10,535555303
5,53905,10,539053955
5,53946,10,539469033
5,59777,10,597777780
5,54318,10,543183213
5,59430,10,594303939
5,17329,10,17329866210
5,20365,10,2036525
5,62300,10,623008253909
5,03204,10,03204786768
5,92551,10,92551027545
5,55747,10,557472921
5,22593,10,22593904
5,61691,10,61691604
5,66417,10,66417004
5,62488,10,6248806050
5,64605,10,64605704
5,26277,10,262776804
5,70302,10,7030210050
5,66099,10,66099004
5,66158,10,66158704
5,45324,10,45324604
5,66705,10,66705504
5,66574,10,665742
5,24662,10,24662085
5,69691,10,69691904
5,62777,10,627777502
5,76861,10,768611103
5,66260,10,66260004
5,66676,10,66676804
5,33746,10,337463604
5,69018,10,69018904
5,61522,10,61522504
5,65760,10,6576009050
5,66738,10,66738604
5,66398,10,66398504
5,66799,10,66799604
5,26729,10,267290504
5,66751,10,66751604
5,66603,10,66603604
5,29689,10,296899804
5,85796,10,85796204
5,22160,10,221600004
5,44521,10,44521004
5,62866,10,6286623050
5,66070,10,66070604
5,66459,10,66459604
5,26405,10,264053504
5,66307,10,66307604
5,63108,10,631084
5,78281,10,782814203
5,68296,10,68296804
5,45126,10,45126204
5,66482,10,66482904
5,69778,10,6977811050
5,85323,10,85323004
5,48148,10,4814855050
5,44098,10,44098604
5,66946,10,66946904
5,62562,10,6256291050
5,62685,10,62685204
5,69034,10,69034604
5,93944,10,93944262
5,64534,10,64534204
5,23780,10,237800643328
5,65781,10,6578144050
5,76645,10,766457103
5,62692,10,62692704
5,69020,10,69020804
5,85070,10,85070004
5,66461,10,66461004
5,66989,10,66989804
5,66484,10,66484304
5,66491,10,66491604
5,26961,10,269618604
5,69502,10,69502804
5,69095,10,69095004
5,26971,10,269717104
5,66489,10,66489204
5,29757,10,297578804
5,69483,10,6948324050
5,22281,10,222811104
5,66724,10,66724504
5,62700,10,62700604
5,66425,10,66425704
5,21376,10,21376604
5,85525,10,85525604
5,69477,10,6947789050
5,66142,10,66142004
5,74296,10,742968506
5,68856,10,6885653011684
5,63306,10,633066402
5,64012,10,64012204
5,25800,10,258005604
5,63400,10,63400004
5,28236,10,282365504
5,26814,10,268144104
5,88887,10,8888733
5,26991,10,269912204
5,61675,10,61675604
5,88640,10,88640704
5,68878,10,68878104
5,28925,10,289256804
5,62845,10,6284515050
5,65430,10,6543000050
5,69117,10,69117204
5,61211,10,61211204
5,62478,10,62478704
5,26697,10,266977804
5,66093,10,66093404
5,63145,10,63145804
5,26321,10,263211504
5,28629,10,28629904
5,26914,10,269142304
5,66875,10,66875704
5,65044,10,6504489050
5,33956,10,339563904
5,48048,10,480488
5,28711,10,287118104
5,82198,10,82198204
5,87082,10,87082104
5,87096,10,87096004
5,87045,10,87045704
5,37312,10,37312204
5,88065,10,88065404
5,87035,10,87035804
5,87031,10,87031004
5,28709,10,287098404
5,28719,10,287198904
5,87097,10,87097404
5,28700,10,287008004
5,28731,10,287313104
5,62288,10,6228871050
5,28712,10,287122704
5,28718,10,287188704
5,34423,10,344233504
5,69335,10,69335204
5,48195,10,481954900965
5,45133,10,45133304
5,49400,10,49400904
5,49316,10,49316604
5,45240,10,452402
5,85020,10,85020904
5,49863,10,49863604
5,53517,10,535174
5,44827,10,448275443625
5,44010,10,440105
5,45117,10,4511770050
5,44211,10,44211304
5,44301,10,44301904
5,49333,10,49333604
5,40625,10,406258804
5,33163,10,331632304
5,44972,10,449728
5,49559,10,49559504
5,33694,10,336949404
5,21225,10,21225083
5,44242,10,44242504
5,44627,10,44627604
5,62223,10,622236002
5,60288,10,6028884050
5,66178,10,661787
5,34516,10,345166604
5,44584,10,445846
5,46125,10,46125004
5,49900,10,49900104
5,53665,10,536655
5,44612,10,44612104
5,34945,10,349454504
5,28857,10,2885799
5,35259,10,352590004
5,34967,10,349674704
5,44664,10,44664504
5,44821,10,44821504
5,69236,10,69236104
5,92440,10,9244085
5,48838,10,48838604
5,39304,10,393048104
5,68788,10,687880
5,44863,10,448631
5,44386,10,443862
5,44760,10,447600
5,26831,10,268317804
5,62727,10,627279002
5,66645,10,6664511
5,72643,10,726439666429
5,69444,10,69444604
5,66922,10,66922804
5,78333,10,783330203
5,43655,10,43655304
5,45167,10,4516700050
5,68118,10,68118904
5,66900,10,66900204
5,45534,10,4553455050
5,27374,10,273745404
5,22754,10,22754704
5,72850,10,72850504
5,53212,10,532120
5,22069,10,22069804
5,65477,10,6547750050
5,66403,10,66403204
5,36712,10,367122204
5,63931,10,639319302
5,39399,10,393999604
5,50073,10,5007339
5,63333,10,633331102
5,66129,10,66129302
5,02203,10,022033500
5,20889,10,20889601580044
5,71225,10,71225450
5,62359,10,6235991050
5,53193,10,531937500965
5,40562,10,405622004
5,37081,10,37081204
5,03623,10,03623204
5,45027,10,45027004
5,38772,10,38772804
5,31279,10,31279004
5,34942,10,349422104
5,68624,10,6862447050
5,61395,10,6139555050
5,47201,10,472010
5,38556,10,385562
5,45725,10,45725504
5,45112,10,4511270050
5,49095,10,490957316252
5,61112,10,6111282050
5,64552,10,6455292050
5,34099,10,340990804
5,39894,10,398944904
5,64565,10,6456510050
5,38174,10,38174004
5,60644,10,606442002
5,31372,10,31372304
5,31569,10,31569104
5,45358,10,4535815050
5,36909,10,36909104
5,38668,10,38668604
5,34355,10,343551904
5,34011,10,340111804
5,34030,10,3403000
5,33855,10,338554804
5,65113,10,6511338050
5,38133,10,38133604
5,38331,10,38331204
5,67151,10,671516503
5,31217,10,31217104
5,67061,10,67061604
5,65795,10,6579530050
5,48031,10,48031404
5,74272,10,742725604
5,44976,10,44976604
5,45172,10,4517244050
5,65040,10,6504004050
5,44848,10,44848504
5,44336,10,44336204
5,34860,10,348603804
5,38278,10,38278704
5,29773,10,297730204
5,32431,10,32431783983835
5,88332,10,88332804
5,83406,10,83406903
5,68406,10,68406904
5,48442,10,48442604
5,49002,10,49002404
5,62995,10,62995904
5,31875,10,31875604
5,39307,10,393073704
5,54213,10,5421388050
5,48100,10,481007
5,38344,10,38344604
5,39462,10,3946226050
5,43581,10,43581704
5,33848,10,338487004
5,33816,10,338168804
5,34851,10,348515504
5,34079,10,340792204
5,38474,10,38474404
5,48244,10,48244704
5,49312,10,49312504
5,34164,10,3416464050
5,45466,10,4546663050
5,32911,10,32911004
5,65884,10,6588484050
5,31706,10,31706004
5,48052,10,480526489889
5,97421,10,9742108
5,45752,10,45752304
5,48151,10,48151604
5,31219,10,31219504
5,31158,10,31158004
5,38996,10,389966
5,38289,10,38289604
5,38508,10,38508904
5,44916,10,449169
5,38284,10,38284204
5,68206,10,68206503
5,48112,10,48112904
5,64443,10,6444398050
5,32880,10,328808
5,42631,10,42631204
5,49363,10,49363404
5,58143,10,581432
5,33723,10,337233004
5,49110,10,49110704
5,69962,10,699627
5,76244,10,762447703
5,45025,10,45025104
5,64482,10,6448235050
5,70756,10,707560004
5,35455,10,35455406
5,21973,10,219735004
5,49413,10,49413604
5,65467,10,6546766050
5,37584,10,37584104
5,35475,10,35475804
5,31059,10,31059104
5,34746,10,347466704
5,38445,10,38445404
5,62883,10,6288344050
5,38212,10,38212204
5,44450,10,44450304
5,38476,10,384766
5,45558,10,45558004
5,67774,10,677745002
5,45522,10,455221
5,48264,10,48264504
5,38497,10,38497704
5,38161,10,38161904
5,31127,10,311278
5,06240,10,06240217
5,49049,10,49049804
5,65338,10,6533820050
5,65364,10,6536412050
5,38126,10,381266
5,44084,10,44084504
5,85888,10,85888804
5,36535,10,36535204
5,76840,10,768406803
5,39891,10,398919104
5,45624,10,45624204
5,44940,10,44940204
5,33193,10,331939804
5,38922,10,38922804
5,31595,10,31595904
5,64604,10,6460473050
5,38109,10,38109704
5,39524,10,395240404
5,64566,10,6456643050
5,65417,10,6541771050
5,46020,10,46020404
5,34036,10,340365604
5,81262,10,812629050
5,31576,10,31576204
5,48169,10,48169704
5,64414,10,6441422050
5,30372,10,303720204
5,49484,10,49484304
5,39878,10,398788604
5,38816,10,38816604
5,85575,10,85575604
5,30532,10,305323804
5,39406,10,394066704
5,35313,10,353133304
5,62456,10,6245657050
5,33734,10,337343504
5,44285,10,44285204
5,48779,10,48779204
5,85999,10,85999804
5,80023,10,8002321
5,45194,10,4519419050
5,38279,10,38279104
5,45852,10,45852604
5,70352,10,703527204
5,38375,10,38375604
5,83414,10,83414403
5,62266,10,622665405
5,45988,10,4598888050
5,45260,10,4526040050
5,45733,10,4573336050
5,45234,10,45234904
5,61114,10,6111499050
5,54509,10,545099
5,38777,10,38777404
5,68686,10,68686604
5,61195,10,6119540050
5,38433,10,38433004
5,44093,10,44093404
5,38653,10,38653604
5,65345,10,6534509050
5,44049,10,44049904
5,44855,10,44855304
5,67070,10,67070504
5,38661,10,386612
5,49267,10,49267804
5,38588,10,385881
5,38514,10,38514304
5,35525,10,355254404
5,88310,10,883101
5,65529,10,6552992050
5,39736,10,397360504
5,38526,10,38526004
5,62311,10,6231110050
5,69190,10,691900
5,31528,10,31528204
5,31773,10,317731
5,49612,10,49612504
5,44005,10,440052
5,63104,10,631043
5,62483,10,62483104
5,34783,10,347833304
5,66180,10,66180804
5,38722,10,38722304
5,75117,10,751177703
5,38304,10,38304804
5,33591,10,335912204
5,49455,10,494554
5,45623,10,456234
5,48010,10,48010404
5,82777,10,82777104
5,44958,10,44958604
5,64584,10,6458480050
5,38367,10,38367204
5,62425,10,6242554050
5,60390,10,6039066050
5,34050,10,340505304
5,65755,10,6575503050
5,34361,10,343613204
5,39495,10,394954304
5,39697,10,396977704
5,65536,10,6553665050
5,45659,10,45659904
5,38906,10,38906004
5,95260,10,9526090050
5,45497,10,45497704
5,34750,10,3475023
5,45166,10,4516652050
5,64452,10,6445254050
5,61144,10,6114455050
5,45917,10,459172
5,45483,10,45483804
5,45584,10,45584404
5,48072,10,480723
5,65793,10,6579393050
5,45919,10,45919504
5,62125,10,6212598
5,33910,10,339102004
5,33508,10,335082804
5,74342,10,743426606
5,34314,10,343141004
5,66055,10,660551
5,35319,10,353199704
5,65038,10,6503848050
5,44837,10,44837004
5,65246,10,6524661050
5,64635,10,6463533050
5,34859,10,348595904
5,34115,10,341155304
5,48717,10,48717704
5,62224,10,6222478050
5,40662,10,406624904
5,03641,10,03641150
5,80474,10,804740204
5,45719,10,45719504
5,49326,10,49326704
5,35159,10,3515929
5,73357,10,73357906
5,35145,10,35145206
5,64575,10,6457582050
5,38908,10,389081204
5,36715,10,367153
5,33891,10,338912504
5,33775,10,337755204
5,48172,10,4817280050
5,21156,10,211568604
5,64583,10,6458395050
5,31286,10,31286704
5,34351,10,343512304
5,37037,10,37037904
5,38356,10,38356004
5,38255,10,382558
5,62229,10,6222925050
5,38373,10,38373104
5,38221,10,38221604
5,31736,10,31736204
5,39875,10,398752204
5,33175,10,3317555
5,39482,10,394823304
5,45767,10,45767204
5,26821,10,2682194
5,44886,10,4488610591
5,01158,10,01158465375
5,07730,10,07730733934
5,14075,10,14075744330
5,61635,10,61635304
5,04532,10,045325968
5,38676,10,38676125595
5,27329,10,273292204
5,84444,10,8444488
5,65565,10,6556565050
5,07833,10,078334314
5,98543,10,985434228159
5,98372,10,983723236992
5,19897,10,19897996945
5,92217,10,92217656936
5,32980,10,329805004
5,33138,10,3313828
5,45432,10,454326
5,27174,10,2717459
5,41642,10,4164223775
5,45863,10,4586365471
5,45294,10,4529428570
5,07739,10,07739677799
5,69777,10,69777704
5,92223,10,92223335605
5,91225,10,91225833731
5,65692,10,6569200
5,65663,10,65663102
5,22734,10,2273456
5,02682,10,026820834
5,61295,10,61295997016
5,35656,10,35656275777455
5,44229,10,44229971127
5,75992,10,7599245
5,59544,10,595445
5,96628,10,9662880477
5,98660,10,9866061616
5,04086,10,040864
5,54944,10,549444
5,13997,10,139971
5,90585,10,9058559637
5,95095,10,9509584
5,22889,10,228899204
5,66677,10,666774902
5,33293,10,332933604
5,27866,10,27866179385
5,97054,10,97054529697
5,98971,10,989711610557
5,11590,10,1159040778
5,07317,10,073172
5,67869,10,6786975772
5,39352,10,393523804
5,02323,10,02323325
5,28007,10,280075104
5,22290,10,222900704
5,78352,10,78352571841
5,04919,10,049199049
5,96538,10,9653861414
5,76729,10,767299403
5,04727,10,047272807
5,49235,10,492359297480
5,97755,10,977554525505
5,96971,10,9697144232897
5,34342,10,343422404
5,64119,10,6411991050
5,46972,10,469723424
5,39521,10,39521335314622
5,04815,10,048156666
5,06545,10,065454011
5,66737,10,667377502
5,40884,10,408844404
5,04614,10,046145706
5,04137,10,041379285
5,28299,10,282991104
5,91480,10,914802720110
5,91423,10,91423391960
5,44687,10,446871
5,98631,10,986314453314
5,98545,10,985454442862
5,30162,10,3016202124
5,09719,10,097192384811
5,03531,10,035318251362
5,35301,10,353018403700
5,07712,10,07712654747
5,07051,10,0705178356
5,77142,10,77142550413
5,98229,10,982294721192
5,74923,10,74923441371
5,39073,10,390733264531
5,58111,10,5811111111149
5,97372,10,9737214292
5,96173,10,9617343422
5,10320,10,103208
5,19722,10,19722486432
5,53359,10,5335935
5,88394,10,8839442
5,99873,10,998732264565
5,09929,10,0992927703078
5,09668,10,09668345420
5,07701,10,077015558851
5,07960,10,079604000010
5,23991,10,239912391075
5,28821,10,2882175
5,37052,10,37052790677
5,42125,10,421252926066
5,71819,10,718195
5,14200,10,142005
5,34383,10,343830604
5,02628,10,026280445
5,21224,10,2122416140
5,91428,10,9142801100
5,09173,10,0917383551321
5,96321,10,963212220910
5,04010,10,0401047168
5,79884,10,7988428
5,43093,10,430936304
5,47458,10,4745883045
5,16682,10,16682000
5,24475,10,244755056
5,39155,10,3915555
5,96661,10,9666114349434
5,39174,10,3917496158
5,88529,10,885298362240
5,22241,10,2224172634
5,64937,10,649379790
5,73515,10,73515238580
5,42059,10,420597904
5,94552,10,945520533
5,61733,10,61733796709
5,98150,10,981506417035
5,09945,10,0994502181006
5,47957,10,47957787745
5,49221,10,4922180110122
5,04571,10,04571369
5,04066,10,040667795
5,78419,10,784196690327133
5,23856,10,2385601
5,71701,10,717017259344
5,27176,10,27176380622
5,30109,10,30109602901
5,04695,10,046954690
5,23494,10,23494138313
5,73262,10,73262451203
5,64027,10,64027260690
5,03572,10,035722490995
5,01127,10,01127834505047
5,61272,10,61272770408
5,69267,10,69267348402
5,39990,10,3999000
5,22272,10,222728
5,28215,10,2821555
5,21092,10,210927204
5,04877,10,048777881
5,03782,10,037825606
5,89674,10,89674959
5,06688,10,066886088
5,45225,10,4522588763
5,25569,10,2556998
5,34849,10,348492204
5,26505,10,265050004
5,29597,10,295979604
5,22841,10,228414104
5,22263,10,2226333
5,61299,10,612993002
5,33166,10,331668904
5,78256,10,782564403
5,22480,10,2248000
5,60342,10,60342576739
5,39379,10,3937955
5,35188,10,3518863
5,28528,10,2852815
5,29412,10,2941234
5,06745,10,067457448
5,39063,10,390633674666
5,02494,10,024941606
5,02616,10,026168517
5,28446,10,2844622
5,69070,10,69070704
5,04473,10,04473951
5,34832,10,3483242
5,97212,10,972122716954
5,35128,10,3512821
5,06726,10,06726966
5,36836,10,368367504
5,96615,10,96615461961
5,04822,10,048222212
5,39598,10,3959800
5,39771,10,3977147
5,26916,10,2691610
5,70336,10,7033600986
5,69161,10,69161004
5,36256,10,362565504
5,27217,10,27217019489
5,96619,10,9661920004468
5,96635,10,96635309000
5,85540,10,855404599210
5,96192,10,9619218093
5,98123,10,981233280434
5,01254,10,01254699557
5,22691,10,2269134
5,36638,10,366385604
5,82108,10,821087782701
5,66611,10,6661155
5,96544,10,96544194419
5,01384,10,0138457222111
5,24155,10,2415502
5,39476,10,3947655
5,26887,10,268870004
5,04888,10,048883500
5,32151,10,321516504
5,80351,10,803510004
5,42005,10,420054904
5,22979,10,2297933
5,43822,10,438222004
5,37434,10,3743405
5,26657,10,266571204
5,22783,10,227834004
5,34402,10,344025004
5,42002,10,4200271
5,31765,10,317652104
5,22839,10,228394604
5,46874,10,4687451988
5,80736,10,807363604
5,39678,10,3967885
5,92042,10,920428453530
5,36059,10,360599004
5,30677,10,306777704
5,06690,10,066901511
5,39068,10,39068610444
5,22846,10,2284655
5,42747,10,427470004
5,20262,10,2026244942
5,22494,10,224946504
5,60444,10,6044418
5,21955,10,219554804
5,04556,10,045561434
5,04131,10,041312680
5,02508,10,025087347
5,28858,10,2885881
5,62652,10,6265287
5,36009,10,3600920
5,82671,10,826711
5,28230,10,282305004
5,14058,10,1405881775
5,23229,10,232298004
5,02694,10,026943462
5,36631,10,366310704
5,13063,10,13063707636
5,35399,10,3539960
5,22737,10,227377404
5,32969,10,329699904
5,22227,10,2222720
5,04274,10,042749000
5,39427,10,3942788
5,92429,10,92429231322
5,02403,10,024036688
5,04650,10,046500559
5,02449,10,024498586
5,04848,10,048480426
5,22381,10,223818204
5,30379,10,3037992
5,28265,10,282652604
5,88338,10,883381104
5,22126,10,2212626
5,29539,10,2953978
5,42083,10,420837604
5,06598,10,065981203
5,35327,10,353276704
5,30386,10,303860204
5,20852,10,208529004
5,29418,10,294183464795
5,21936,10,219366604
5,29525,10,2952566
5,88460,10,884604604
5,95131,10,9513168804
5,60178,10,6017838
5,07818,10,07818852327
5,35974,10,359744404
5,36324,10,363241204
5,23544,10,2354433
5,36393,10,3639334
5,42974,10,429742104
5,26227,10,262272804
5,74204,10,742044606
5,39122,10,391220504
5,40811,10,408113004
5,30812,10,308121304
5,28228,10,2822832
5,33246,10,332463604
5,74000,10,740005306
5,26919,10,269198504
5,39549,10,3954950
5,68172,10,681729902
5,09460,10,094602841
5,39601,10,396011004
5,62411,10,6241179050
5,28824,10,288243304
5,40303,10,403030004
5,04634,10,046346978
5,21627,10,216272704
5,42115,10,421150504
5,69584,10,695842
5,42019,10,420193904
5,34217,10,342171904
5,07553,10,075538790
5,44401,10,44401807
5,28270,10,2827079
5,22913,10,229131
5,36341,10,36341274
5,34155,10,3415580
5,04656,10,046564334
5,41435,10,4143534705
5,80543,10,805436804
5,04586,10,045866682
5,26070,10,26070300
5,04567,10,045673611
5,68130,10,681309902
5,42081,10,420813204
5,39355,10,3935588
5,28203,10,282036704
5,34399,10,3439910
5,33179,10,3317999
5,57443,10,5744365
5,02753,10,027538902
5,36272,10,3627287
5,76144,10,761445503
5,42048,10,4204859
5,42140,10,421404004
5,84463,10,844636
5,74013,10,740139406
5,07205,10,072058000
5,35954,10,359543304
5,02412,10,024124000
5,22153,10,221534204
5,36371,10,3637114
5,36061,10,360611204
5,04245,10,042454544
5,04770,10,047702611
5,21185,10,211857704
5,39130,10,3913044
5,35179,10,351793504
5,39723,10,3972361
5,31976,10,319760104
5,39173,10,391730204
5,02690,10,026909000
5,28567,10,2856738
5,28465,10,284652869
5,13163,10,1316309857
5,28543,10,285433304
5,22840,10,228400004
5,34916,10,349165604
5,34487,10,344873704
5,65355,10,6535559050
5,30128,10,3012822
5,49188,10,491884804
5,32113,10,321131104
5,44639,10,44639604
5,39733,10,397333804
5,48255,10,48255904
5,44990,10,44990304
5,64596,10,6459666050
5,88355,10,883557704
5,34426,10,344268904
5,49446,10,49446904
5,33589,10,335899904
5,02404,10,024044600
5,49911,10,49911804
5,45736,10,45736604
5,44465,10,44465504
5,34419,10,344194704
5,34357,10,343570804
5,35322,10,353222204
5,65383,10,6538359050
5,64557,10,6455795050
5,64677,10,6467717050
5,42009,10,42009304
5,45150,10,4515000
5,49128,10,49128304
5,74428,10,7442822
5,88716,10,88716704
5,45331,10,45331404
5,23529,10,2352997
5,28814,10,288145504
5,29706,10,2970693
5,37000,10,37000004
5,33174,10,331745504
5,04103,10,041039100
5,25550,10,2555083
5,23081,10,23081975
5,06264,10,062640564
5,06729,10,067297744
5,26625,10,266252504
5,65431,10,6543185
5,26413,10,264139604
5,96114,10,96114738232
5,66115,10,66115104
5,66560,10,66560604
5,02410,10,02410022
5,68262,10,68262004
5,48400,10,4840042
5,02564,10,025646461
5,44337,10,44337287
5,02619,10,026192340
5,21626,10,21626312831
5,44817,10,4481771
5,25672,10,2567280536
5,44484,10,4448440
5,20932,10,20932305034
5,60197,10,60197785646
5,19580,10,195800828
5,33553,10,3355333
5,96341,10,96341359022
5,79715,10,7971501577230
5,87172,10,87172755655
5,12766,10,12766476071
5,12098,10,12098321881
5,32365,10,3236587330
5,78700,10,787004515221
5,35621,10,35621554955
5,73582,10,73582463756
5,98641,10,986415258843
5,26346,10,2634610908
5,94351,10,94351501095
5,64632,10,6463299511
5,29821,10,298216679
5,44167,10,44167483869
5,44979,10,449793224322
5,45619,10,4561981632
5,16304,10,16304439510
5,16183,10,16183510522
5,17185,10,17185313520
5,87017,10,87017998524
5,06523,10,065232193
5,90435,10,9043554981912
5,07973,10,07973387342
5,07816,10,07816525615
5,01162,10,01162741133
5,91332,10,913323372378
5,45369,10,4536921816
5,39302,10,39302686967
5,81332,10,81332167344
5,22044,10,2204472388
5,49661,10,496612506098
5,39071,10,390712812489
5,63629,10,63629920957
5,39221,10,3922132411
5,27413,10,27413671237
5,15056,10,15056722265
5,45363,10,4536301009
5,39305,10,393059797672
5,39036,10,39036581733
5,39308,10,39308921958
5,30222,10,302221086109
5,73463,10,73463247479
5,43194,10,4319477504
5,61754,10,61754498642
5,61394,10,61394343296
5,78844,10,788442273888
5,97449,10,9744963554
5,45332,10,4533238238
5,34972,10,34972667688
5,35359,10,353599140829
5,15626,10,15626288592
5,04899,10,048996555
5,33134,10,33134128703
5,16307,10,16307590118
5,35342,10,353429669834
5,04940,10,049400630
5,97480,10,9748044350
5,99364,10,99364020001
5,28126,10,2812657171
5,91250,10,9125065041
5,70815,10,7081531
5,04646,10,046461986
5,96616,10,96616500282
5,45999,10,459996859294
5,02656,10,026566864
5,20235,10,2023591652
5,87701,10,8770165050
5,39732,10,397326604
5,91792,10,917926920797
5,48200,10,482004
5,16035,10,16035573461
5,76688,10,7668822
5,24826,10,2482606060
5,96106,10,96106210708
5,45353,10,4535361380
5,33911,10,3391105
5,68141,10,681414602
5,33413,10,33413055033
5,06624,10,066242108
5,28967,10,289677804
5,39860,10,398605404
5,65133,10,6513313050
5,45122,10,45122204
5,96518,10,9651820081
5,88164,10,881643904
5,28552,10,285529904
5,61397,10,61397541455
5,96526,10,9652662901
5,25442,10,2544231482
5,61893,10,61893774282
5,22790,10,22790242424
5,27113,10,271132949911
5,22722,10,227227
5,45794,10,457948
5,45692,10,456929
5,64502,10,6450230050
5,45765,10,45765704
5,52554,10,52554404
5,65609,10,6560932050
5,44974,10,449745
5,39885,10,398858004
5,45854,10,45854504
5,45952,10,45952304
5,39842,10,398429004
5,34081,10,340811004
5,64453,10,6445388050
5,29454,10,294544404
5,37055,10,37055504
5,22816,10,22816104
5,48149,10,48149704
5,34784,10,347844604
5,38941,10,389410004
5,45130,10,451308
5,45145,10,45145104
5,45110,10,45110704
5,45687,10,456870
5,65212,10,6521211050
5,45095,10,45095704
5,45350,10,45350804
5,39889,10,398893304
5,45777,10,45777204
5,26948,10,269489304
5,45911,10,45911104
5,39706,10,397060004
5,34817,10,348173304
5,48484,10,48484404
5,34882,10,348820404
5,39477,10,394778404
5,38131,10,38131904
5,65307,10,6530753050
5,44925,10,44925104
5,60620,10,606204104
5,02553,10,025535700
5,33887,10,338874504
5,69514,10,69514604
5,21171,10,211716104
5,36634,10,366348804
5,18564,10,18564552009
5,04290,10,042903505
5,23464,10,2346494131897
5,36133,10,3613355961
5,77201,10,772011
5,64594,10,6459444050
5,26627,10,266273104
5,45266,10,4526653050
5,85012,10,85012304
5,85154,10,85154704
5,69554,10,69554404
5,69835,10,69835504
5,28843,10,288438804
5,38727,10,38727204
5,26870,10,268706504
5,33715,10,337150004
5,66805,10,66805704
5,63245,10,63245504
5,64621,10,64621904
5,45152,10,4515284050
5,26354,10,263544304
5,26679,10,266798704
5,65544,10,6554466050
5,28825,10,288255204
5,66106,10,66106404
5,67823,10,6782315050
5,26690,10,266903104
5,82351,10,82351104
5,66960,10,66960404
5,43222,10,4322223050
5,39491,10,394911604
5,26868,10,268688304
5,49889,10,4988908050
5,39412,10,394123404
5,33585,10,335858304
5,34216,10,342166304
5,44927,10,449274
5,20211,10,202112304
5,28574,10,285748104
5,33853,10,338536604
5,48459,10,48459404
5,26997,10,269977904
5,69191,10,69191204
5,66495,10,66495404
5,26674,10,266742404
5,66890,10,66890804
5,22770,10,227707804
5,33837,10,338377704
5,66766,10,667666602
5,26691,10,266914404
5,87062,10,87062304
5,38405,10,38405504
5,33850,10,338505204
5,39439,10,394399704
5,45557,10,45557804
5,27154,10,271541004
5,04276,10,042766014
5,22769,10,2276997
5,62213,10,622131934746
5,88458,10,8845849
5,02810,10,028105593
5,76664,10,766645803
5,71477,10,7147778890
5,28520,10,285209204
5,60989,10,609895633
5,30651,10,306517804
5,89222,10,89222585755
5,18187,10,18187000717
5,21851,10,21851615918
5,33456,10,334568233
5,39043,10,390434569833
5,61352,10,61352612756
5,77262,10,77262345735
5,25064,10,2506414343345
5,91141,10,911412410966
5,96568,10,9656893431
5,61383,10,61383907039
5,07931,10,07931956720
5,25101,10,25101958
5,65052,10,6505221050
5,21643,10,216434704
5,26689,10,266897904
5,45212,10,4521202050
5,65225,10,6522590050
5,34010,10,340109404
5,34940,10,349405704
5,62612,10,6261277050
5,61166,10,6116646050
5,65308,10,65308173050
5,48466,10,48466404
5,62550,10,6255004050
5,31084,10,310848
5,48971,10,48971404
5,39191,10,39191304
5,44251,10,4425182013733
5,33133,10,331338704
5,31590,10,31590904
5,48851,10,488515104
5,31104,10,311047
5,33150,10,331509004
5,48159,10,48159604
5,63402,10,6340209050
5,33157,10,331575704
5,35229,10,352299204
5,45034,10,45034004
5,64523,10,6452326050
5,26216,10,26216083
5,62580,10,6258037050
5,33843,10,3384342
5,49909,10,49909904
5,83263,10,832636604
5,62435,10,6243536050
5,39408,10,394085804
5,49281,10,49281104
5,38779,10,38779004
5,34481,10,344813404
5,33874,10,338743904
5,45955,10,4595594050
5,35503,10,355036304
5,66662,10,666629002
5,61656,10,61656204
5,33711,10,337111104
5,38273,10,38273004
5,31113,10,31113404
5,33869,10,338698904
5,64441,10,6444185050
5,34392,10,343929004
5,26314,10,26314083
5,39075,10,39075704
5,31731,10,31731004
5,66992,10,66992902
5,69479,10,694799
5,39487,10,394878704
5,64572,10,6457214050
5,34503,10,345034704
5,29583,10,295833404
5,34328,10,343285804
5,33895,10,338952204
5,34811,10,348114804
5,34229,10,342299004
5,33875,10,338756004
5,34837,10,348372804
5,33892,10,338928904
5,39454,10,394542404
5,33168,10,331681004
5,39777,10,397777304
5,33188,10,331881504
5,12233,10,1223323
5,33936,10,339363904
5,88234,10,882343304
5,33416,10,334162204
5,34207,10,342074804
5,34049,10,340491104
5,06544,10,065440335
5,62958,10,62958704
5,64163,10,64163004
5,28832,10,288320704
5,63344,10,633445502
5,34876,10,348765404
5,34437,10,344374204
5,42985,10,4298565
5,35457,10,35457206
5,34831,10,348314904
5,34727,10,347274304
5,04475,10,0447590818785
5,28445,10,284450004
5,12627,10,12627943888
5,03536,10,0353656849906
5,46633,10,46633141748
5,39451,10,394514504
5,28521,10,285211104
5,38797,10,38797604
5,45239,10,4523996050
5,34926,10,349266504
5,28956,10,289568904
5,33474,10,334747704
5,34550,10,345504904
5,34885,10,348855204
5,38736,10,38736204
5,38930,10,38930104
5,38781,10,38781604
5,37692,10,37692804
5,79350,10,793507
5,45906,10,4590666050
5,85723,10,85723404
5,39716,10,397160004
5,64666,10,6466677050
5,04666,10,0466651806
5,36743,10,36743120
5,36742,10,367427604
5,66189,10,66189204
5,63284,10,6328424970
5,26465,10,264651504
5,28840,10,288400004
5,39326,10,393261204
5,04667,10,046677298
5,26471,10,26471404
5,26117,10,2611776
5,26304,10,2630432
5,42076,10,420762804
5,04704,10,047048484
5,04851,10,048516968
5,81523,10,8152359648
5,39078,10,3907818
5,49640,10,496408547777
5,03707,10,037075324
5,26332,10,263329904
5,89240,10,89240904
5,26484,10,264848304
5,66878,10,66878004
5,28926,10,289265804
5,62421,10,6242110050
5,65444,10,6544452050
5,89216,10,89216004
5,85117,10,85117204
5,02695,10,026959211
5,28595,10,285959904
5,28850,10,288508804
5,64434,10,64434804
5,91487,10,914872424706
5,66131,10,66131404
5,22566,10,225663404
5,29678,10,296786604
5,66769,10,66769104
5,29679,10,296796304
5,66060,10,66060104
5,66673,10,66673504
5,34889,10,348899304
5,34485,10,344854004
5,30775,10,307753804
5,85885,10,858852256276
5,61306,10,61306604
5,30907,10,309075704
5,64416,10,644168802
5,85151,10,85151204
5,69338,10,69338704
5,65846,10,6584678050
5,26459,10,264599904
5,26935,10,269350604
5,26409,10,264090404
5,26944,10,269441404
5,28829,10,288299604
5,69564,10,69564004
5,69536,10,69536104
5,28874,10,288749204
5,85182,10,85182204
5,85803,10,85803004
5,88630,10,886308
5,66513,10,66513304
5,62665,10,626656504
5,72222,10,7222255
5,65025,10,6502535050
5,87421,10,87421404
5,61647,10,61647604
5,64308,10,64308704
5,26128,10,261281604
5,85087,10,85087304
5,85892,10,858929404
5,64159,10,64159904
5,66933,10,66933804
5,39802,10,398029404
5,88694,10,88694504
5,65034,10,6503404050
5,66927,10,669272
5,22946,10,22946604
5,66392,10,66392004
5,62479,10,6247990050
5,87587,10,87587604
5,85771,10,857713
5,69006,10,69006204
5,61263,10,612632
5,28957,10,289576804
5,85024,10,85024404
5,66718,10,66718004
5,63169,10,63169104
5,88409,10,88409804
5,28525,10,285255604
5,62455,10,6245566050
5,28561,10,285615104
5,61265,10,61265404
5,62520,10,62520504
5,28609,10,286097904
5,62347,10,623470
5,35711,10,35711704
5,26940,10,269406704
5,68672,10,68672804
5,69681,10,696812
5,61628,10,61628004
5,66532,10,66532304
5,63041,10,63041204
5,62241,10,622413
5,85952,10,85952804
5,88477,10,88477504
5,88334,10,88334806
5,45154,10,4515477050
5,88604,10,88604504
5,64657,10,6465765050
5,28550,10,285507804
5,88677,10,88677704
5,85927,10,85927204
5,85052,10,850525
5,85748,10,85748204
5,26823,10,268232604
5,69791,10,69791804
5,87047,10,87047004
5,62603,10,626033
5,85930,10,859309
5,61277,10,61277604
5,85844,10,85844404
5,66962,10,66962504
5,85329,10,85329504
5,85058,10,85058804
5,69475,10,69475904
5,85192,10,85192104
5,61231,10,61231304
5,91140,10,91140266
5,28501,10,285011004
5,94942,10,94942494
5,85747,10,85747604
5,61361,10,613612602
5,29940,10,299405204
5,67927,10,679270002
5,28630,10,286300304
5,61605,10,61605504
5,28899,10,288990804
5,62370,10,62370404
5,28851,10,288511504
5,28596,10,285965904
5,28867,10,288671704
5,66848,10,66848604
5,26928,10,269284204
5,28779,10,287796604
5,64489,10,6448999050
5,26456,10,264564504
5,85133,10,85133204
5,85846,10,85846904
5,62585,10,6258517050
5,66165,10,66165504
5,85817,10,85817104
5,27155,10,271554104
5,28581,10,285819504
5,26366,10,2636601
5,22605,10,226053407
5,26959,10,269593804
5,22271,10,222716104
5,28869,10,288699004
5,66354,10,66354904
5,63188,10,631881
5,85218,10,85218604
5,61232,10,61232404
5,66346,10,66346604
5,85733,10,857339
5,45634,10,45634504
5,61275,10,61275604
5,66318,10,66318604
5,68310,10,68310804
5,28565,10,285656504
5,64134,10,64134104
5,26350,10,263500004
5,66754,10,66754004
5,26461,10,264612304
5,69239,10,69239104
5,88470,10,884700
5,61695,10,61695804
5,27247,10,272477004
5,35369,10,353696604
5,73606,10,73606004
5,71432,10,71432304
5,26453,10,264534404
5,85722,10,85722304
5,83211,10,8321101
5,38117,10,38117104
5,45768,10,45768504
5,66225,10,66225904
5,61219,10,612196042
5,61288,10,61288604
5,88320,10,88320006
5,66614,10,66614104
5,04641,10,04641328
5,28841,10,288411604
5,61313,10,6131319050
5,26334,10,263347304
5,57592,10,5759221050
5,69880,10,69880004
5,26491,10,264910004
5,26429,10,264294204
5,88387,10,88387104
5,64177,10,64177904
5,62529,10,6252949050
5,66276,10,66276304
5,61475,10,61475604
5,64544,10,64544504
5,65662,10,6566256050
5,63316,10,63316204
5,34339,10,343394104
5,28704,10,287044804
5,39525,10,395252604
5,52245,10,5224551
5,69569,10,69569304
5,88433,10,88433504
5,85503,10,85503904
5,85110,10,85110004
5,65522,10,6552215050
5,85973,10,85973104
5,85975,10,85975104
5,85707,10,85707004
5,28566,10,2856604855090
5,45304,10,4530466050
5,85299,10,85299604
5,85662,10,85662204
5,26779,10,267799704
5,62110,10,6211012
5,04512,10,045122654
5,39633,10,396338204
5,04481,10,044812626
5,33007,10,3300707
5,36995,10,36995504
5,22151,10,221515604
5,04381,10,04381053
5,06511,10,065110000
5,71162,10,7116281605
5,98691,10,986912225414
5,45758,10,4575837076
5,20896,10,2089653064
5,49712,10,49712869858
5,98335,10,983355544541
5,71538,10,7153865421
5,87074,10,8707459690
5,04300,10,043000000
5,36055,10,360552804
5,22497,10,224975004
5,02575,10,025758000
5,29932,10,299323304
5,28326,10,283262004
5,35365,10,3536556
5,36069,10,360691104
5,76655,10,766551207
5,04521,10,045212447
5,37623,10,37623762374903
5,62674,10,626749902
5,36142,10,361420304
5,65724,10,657243904
5,63311,10,633114402
5,21777,10,217777704
5,96579,10,9657919810
5,35251,10,352519004
5,61923,10,6192300
5,12509,10,12509648242
5,35942,10,35942062
5,63441,10,634414102
5,58333,10,5833330
5,04755,10,047556639
5,47828,10,478284004
5,66551,10,665514302
5,22407,10,224072004
5,78292,10,782925003
5,37859,10,378592219933825
5,33464,10,334642604
5,54394,10,5439444
5,36898,10,368988504
5,03728,10,037288016
5,40872,10,408721102
5,88216,10,882163604
5,35382,10,353828204
5,67714,10,677142604
5,32922,10,329222204
5,42808,10,4280856
5,22527,10,2252764
5,60392,10,60392811999
5,06883,10,068838368
5,04180,10,041800600
5,07246,10,072461461
5,36637,10,366370804
5,35209,10,352099104
5,97438,10,97438909
5,06882,10,068827117
5,42324,10,4232470
5,36097,10,360977404
5,35504,10,355044804
5,02532,10,02532002
5,44632,10,446321102
5,63258,10,632588402
5,68161,10,681616602
5,33483,10,334837104
5,37986,10,379860404
5,36604,10,366049004
5,35146,10,351463504
5,35924,10,359249904
5,88548,10,885488804
5,06569,10,065696059
5,35529,10,3552960
5,44814,10,448143402
5,63137,10,6313708050
5,71412,10,7141212050
5,87843,10,878434104
5,62156,10,621565502
5,19283,10,19283448400
5,98612,10,986123332900
5,37201,10,372010004
5,36292,10,362922704
5,92453,10,9245310468
5,62755,10,627558402
5,36624,10,366241204
5,42113,10,421137504
5,02324,10,02324454
5,62428,10,6242811
5,35177,10,351777604
5,26956,10,269561204
5,25772,10,257720938100
5,88220,10,8822011
5,22914,10,229144204
5,33873,10,3387338
5,96860,10,968605587
5,39092,10,390922504
5,44553,10,445533402
5,02613,10,026134000
5,02361,10,023614518
5,51496,10,5149634482
5,03734,10,037347555
5,29488,10,2948888
5,22191,10,221913404
5,33184,10,331849404
5,44717,10,447174
5,65189,10,6518950050
5,33270,10,332707704
5,26668,10,26668083
5,45775,10,457752
5,25880,10,2588007050
5,88513,10,885130004
5,33256,10,332565704
5,22322,10,223222504
5,04310,10,043108000
5,01274,10,01274504478
5,33523,10,335235104
5,45203,10,4520375050
5,88729,10,887299104
5,36815,10,368150004
5,39861,10,3986141
5,66638,10,666387502
5,43769,10,437695404
5,39364,10,393641104
5,36298,10,362984104
5,34802,10,348020404
5,22273,10,222731304
5,39456,10,394569504
5,36263,10,3626343
5,65744,10,65744777
5,39621,10,396215404
5,34773,10,347733404
5,67863,10,678637702
5,39128,10,391284404
5,43072,10,430727004
5,07261,10,072613370
5,07225,10,072251536
5,28131,10,2813130847
5,04218,10,042189102
5,16019,10,16019175420
5,49337,10,4933708929080
5,83256,10,832567525
5,07941,10,07941884615
5,77292,10,77292511724
5,28802,10,2880279
5,16266,10,16266759663
5,12735,10,1273564133
5,66289,10,662897
5,79811,10,79811314427
5,77707,10,77707555547
5,31118,10,3111888
5,48794,10,48794679794
5,34637,10,34637320964
5,17668,10,1766888
5,16925,10,16925250
5,66217,10,66217212536
5,66869,10,66869776375
5,85283,10,85283445298
5,03179,9,031790
5,63944,9,6394400544
5,41685,9,4168568561
5,88779,9,887791
5,99490,9,9949084466
5,98853,9,9885341007
5,27814,9,27814737690
5,94115,9,9411550575
5,84692,9,84692498328
5,45664,9,4566401
5,80573,9,8057386575
5,81370,9,8137010870
5,81862,9,8186219002
5,11916,9,1191668
5,44303,9,4430341
5,26974,9,2697485
5,22251,9,2225144
5,71055,9,7105557
5,82199,9,8219999
5,66297,9,6629777
5,75522,9,7552273
5,56241,9,562419039
5,79833,9,798338080
5,78143,9,7814351
5,62405,9,6240520
5,14835,9,148350835
5,63336,9,633360319
5,66661,9,666615
5,76552,9,7655202
5,65276,9,652767
5,86300,9,8630095
5,52803,9,52803306
5,64564,9,6456453
5,20098,9,2009841
5,82128,9,8212830
5,53232,9,5323204
5,61717,9,6171702
5,62323,9,6232304
5,62929,9,6292905
5,63030,9,6303002
5,63131,9,6313101
5,19510,9,1951093000
5,19680,9,1968080200
5,19530,9,1953040700
5,19660,9,1966070100
5,19790,9,1979012100
5,19711,9,1971123100
5,90095,9,900950
5,02202,9,022021
5,05899,9,0589996000
5,52941,9,529415823
5,30102,9,30102018
5,96540,9,9654013901
5,53188,9,5318889
5,23636,9,2363601
5,82256,9,8225689
5,39195,9,39195555
5,96772,9,9677231
5,52186,9,5218664
5,61266,9,6126655
5,80069,9,8006920
5,65552,9,6555264
5,64634,9,6463405
5,88207,9,8820777
5,33884,9,3388496
5,65377,9,6537776
5,62868,9,6286886
5,69999,9,6999998
5,39737,9,3973786
5,21662,9,2166227
5,45550,9,4555077
5,64363,9,6436366
5,66622,9,6662200
5,66955,9,66955968
5,91659,9,916597606710
5,32470,9,32470547035
5,41772,9,41772181836
5,06667,9,06667723
5,52221,9,522211777
5,96050,9,960505849024
5,98234,9,982349541
5,33861,9,3386157
5,62501,9,625014
5,22212,9,222123
5,20135,9,201350001
5,22524,9,225248
5,31254,9,312540125
5,48014,9,4801424
5,69412,9,694126
5,28831,9,288313000
5,51666,9,51666741
5,26899,9,26899999
5,22654,9,226541
5,33705,9,337055
5,38468,9,38468008
5,19821,9,19821120
5,13236,9,132361006
5,86005,9,860057
5,64460,9,644600
5,71071,9,710711
5,26355,9,26355345
5,77030,9,770307
5,43420,9,434200
5,21081,9,2108100071
5,35519,9,35519202
5,33180,9,331804
5,28226,9,2822688
5,55050,9,550500
5,39539,9,395395
5,77277,9,772775
5,85105,9,85105181
5,66604,9,6660451
5,33318,9,3331818
5,26922,9,269224
5,38229,9,382299
5,22526,9,225267
5,35115,9,351152
5,45100,9,451000
5,61600,9,61600356
5,23233,9,232333
5,34322,9,343223
5,64525,9,645250
5,26280,9,262800
5,74400,9,74400020
5,61131,9,61131858
5,64140,9,641400
5,47687,9,476877
5,85585,9,855855
5,27300,9,273000
5,46270,9,462701
5,45003,9,450034
5,45012,9,450123
5,26306,9,26306048
5,46310,9,463100
5,85021,9,850211
5,22219,9,222199
5,98888,9,9888888888
5,14460,9,144602
5,86073,9,860731
5,92626,9,926266000
5,63083,9,630833
5,33243,9,332438
5,33559,9,335599
5,66101,9,661013
5,69420,9,6942010
5,02999,9,029991
5,46006,9,460064
5,22544,9,225447
5,35450,9,354500
5,20510,9,2051021
5,15137,9,1513798
5,09121,9,0912114
5,45600,9,456000
5,64440,9,644400
5,33701,9,337019
5,62586,9,62586666
5,49699,9,49699988
5,23504,9,235047
5,22269,9,22269441
5,27311,9,273115
5,40103,9,401030024
5,99223,9,992232
5,02201,9,0220123
5,22404,9,224041
5,22431,9,224314
5,22415,9,224151
5,61073,9,610730
5,45330,9,453300
5,62210,9,622100000
5,43680,9,436802
5,68868,9,688688
5,12124,9,1212401
5,04015,9,040155
5,48011,9,4801100085
5,32150,9,321503
5,41802,9,41802100022
5,26102,9,261021
5,26643,9,266431
5,31161,9,311612
5,29112,9,29112918
5,64650,9,646500
5,27321,9,273213
5,65221,9,652211
5,52131,9,5213148
5,43543,9,435439
5,62775,9,627750
5,22310,9,223103
5,26425,9,2642501
5,22910,9,229100084
5,34120,9,341201
5,28111,9,2811101
5,77386,9,7738668
5,45043,9,4504350000
5,36514,9,365148
5,78964,9,7896413163
5,79017,9,7901777587
5,13134,9,13134440933
5,28091,9,2809152
5,21206,9,2120690634289
5,15946,9,15946389177
5,18614,9,18614053453
5,15141,9,15141703772
5,18800,9,18800009068
5,23276,9,23276601994
5,74458,9,7445899
5,65132,9,6513274
5,29392,9,2939293
5,34577,9,345771104
5,28691,9,286912204
5,33830,9,338303804
5,28530,9,2853000
5,22285,9,222856704
5,27353,9,2735397
5,29944,9,2994421
5,35573,9,355737904
5,34715,9,3471555
5,66223,9,6622353408
5,27325,9,2732500
5,29508,9,295084
5,28240,9,2824060
5,49587,9,495872831
5,39453,9,394535504
5,34834,9,3483482
5,48758,9,487582
5,22184,9,22184404
5,44823,9,44823304
5,39677,9,3967735
5,45442,9,454420
5,30722,9,307221
5,35227,9,3522793470
5,34812,9,3481201
5,04208,9,042085750
5,66810,9,66810098190
5,35203,9,352032104
5,45105,9,45105404
5,65335,9,6533524
5,82500,9,825000
5,36579,9,365790004
5,26621,9,266219104
5,22882,9,2288210668242
5,26884,9,268846904
5,33365,9,3336500
5,65103,9,6510321
5,29561,9,2956161
5,40407,9,4040700
5,49469,9,49469304
5,88393,9,883933304
5,38360,9,383605
5,55384,9,5538499050
5,34910,9,3491000
5,39437,9,394370704
5,44862,9,448622
5,39881,9,3988131
5,26255,9,262556304
5,26999,9,2699946
5,28582,9,2858223
5,88459,9,8845935
5,29555,9,2955511
5,28602,9,2860234
5,22656,9,226563904
5,53455,9,5345506
5,34890,9,3489009
5,25444,9,2544484
5,26500,9,265002104
5,36165,9,36165104
5,26121,9,261216104
5,28541,9,2854141
5,64402,9,6440204
5,28532,9,285329504
5,74333,9,743338806
5,26908,9,269081904
5,28502,9,2850256
5,72848,9,72848904
5,65175,9,6517500050
5,29685,9,296856804
5,38545,9,38545204
5,62419,9,62419604
5,61566,9,615662
5,20634,9,2063414
5,65326,9,6532688050
5,33404,9,334045304
5,31433,9,3143333
5,37258,9,3725888
5,65835,9,6583544481
5,33687,9,33687280388
5,66237,9,6623737
5,17028,9,1702888
5,25477,9,254774463912
5,27636,9,2763693
5,79206,9,79206764228
5,99445,9,9944502503504
5,70171,9,7017119291
5,26378,9,2637888
5,65816,9,6581611345
5,06205,8,062052806095
5,60937,8,609370593
5,97471,8,97471747882
5,12720,8,1272000
5,48821,8,48821848
5,42934,8,4293448
5,52965,8,529657777
5,92954,8,929544366
5,49779,8,497794756635
5,39699,8,3969933
5,43757,8,43757522
5,65564,8,65564125
5,54268,8,542680913
5,91342,8,913424580
5,92968,8,929689632797
5,15527,8,1552779342
5,56956,8,569564266
5,54301,8,543019696
5,56842,8,568420124
5,55256,8,552561357
5,54664,8,546646629
5,61575,8,6157511
5,16586,8,16586143
5,15027,8,15027943207
5,36208,8,36208000666
5,21329,8,21329414044
5,53052,8,5305240
5,93747,8,93747151699
5,98348,8,983483901492
5,54064,8,540649363
5,50074,8,500740888
5,91006,8,910061424467
5,32423,8,324232897
5,50042,8,500427343
5,19907,8,199075
5,54871,8,548713947
5,46126,8,46126797281
5,55638,8,556382222
5,47917,8,4791709254
5,36302,8,36302281965
5,50602,8,506025679
5,47924,8,4792460457
5,54055,8,540555350
5,64786,8,6478618445
5,33860,8,338607004
5,42146,8,42146052
5,43507,8,43507525
5,41166,8,41166220
5,96155,8,961555460081
5,43577,8,43577087
5,65305,8,65305715
5,43028,8,43028544
5,25092,8,25092222
5,44425,8,44425183
5,43986,8,43986666
5,44554,8,44554454
5,43322,8,43322005
5,42824,8,42824726
5,43434,8,43434444
5,50793,8,507931313
5,26547,8,26547615
5,43296,8,43296657
5,43053,8,43053661
5,54512,8,54512112
5,43197,8,43197799
5,43917,8,43917000
5,43358,8,43358554
5,43536,8,43536892
5,48819,8,48819144
5,43496,8,43496565
5,92187,8,92187371
5,54348,8,543489591760
5,59932,8,599323434
5,59464,8,594644757
5,75049,8,7504959358
5,97496,8,9749659901
5,56723,8,567231823
5,56596,8,565962266
5,41611,8,41611840
5,25119,8,2511911205270
5,20991,8,209912212402
5,86988,8,86988760377
5,14059,8,14059266388
5,41609,8,41609866
5,53363,8,533634553
5,18896,8,18896392
5,53456,8,534566222
5,42179,8,421798504
5,65574,8,65574795
5,43589,8,43589006
5,59659,8,596596356455
5,11050,8,110502
5,11146,8,111463
5,11175,8,111755
5,11204,8,112048
5,11263,8,112634
5,11292,8,112927
5,12060,8,120601
5,12170,8,121706
5,12190,8,121908
5,12261,8,122611
5,66966,8,669665045807
5,66009,8,6600966483413
5,52664,8,526644585
5,46095,8,4609514426
5,12111,8,1211189900
5,15552,8,1555200400
5,12881,8,1288133056
5,20158,8,2015879174040
5,17189,8,17189244394
5,47469,8,4746973569
5,98495,8,9849513893
5,35378,8,35378475
5,79770,8,7977001780
5,79461,8,79461694233
5,80367,8,8036799643
5,79844,8,7984433308
5,19864,8,198644
5,88911,8,8891155
5,30234,8,3023487770
5,33324,8,3332434862
5,31327,8,3132717170
5,32289,8,3228937392
5,30887,8,3088798854
5,30226,8,3022675842
5,30055,8,3005587500
5,30757,8,3075779966
5,31281,8,3128192283
5,33352,8,3335236565
5,31495,8,3149566794
5,30142,8,3014268696
5,46452,8,4645269361
5,34595,8,3459595210
5,33524,8,3352401217
5,33374,8,3337499119
5,33397,8,3339744933
5,77299,8,7729993334
5,30479,8,3047940566
5,23144,8,2314474196
5,33332,8,3333292469
5,32032,8,3203202717
5,34052,8,3405259560
5,32174,8,3217495588
5,31360,8,3136049968
5,33310,8,3331000980
5,03463,8,03463335109
5,24121,8,2412198
5,77398,8,773981
5,33354,8,3335489313
5,59452,8,5945266
5,90160,8,901609
5,09728,8,0972823
5,90336,8,9033679
5,80570,8,805700
5,82844,8,8284488
5,05350,8,0535040350
5,05889,8,0588991551
5,86980,8,8698009
5,80995,8,8099552917
5,80578,8,8057826996
5,64424,8,6442482
5,21088,8,2108888
5,51303,8,5130337
5,31340,8,3134000
5,22819,8,2281965
5,52099,8,5209954
5,70178,8,701788660
5,48864,8,4886478
5,67973,8,6797332
5,55958,8,5595881
5,78573,8,7857362096
5,90999,8,9099978
5,22332,8,2233237
5,72979,8,7297972046
5,44691,8,4469125
5,43060,8,4306000
5,11622,8,1162224
5,24774,8,2477444
5,22007,8,2200778
5,82809,8,8280990
5,29684,8,2968474
5,45763,8,4576307
5,78823,8,7882360
5,36693,8,36693707
5,26923,8,26923008617872
5,03144,8,0314426
5,29069,8,2906999
5,33799,8,3379924
5,53636,8,5363636
5,91110,8,9111075
5,11136,8,111369
5,21141,8,2114124
5,40012,8,4001299
5,56002,8,5600264
5,51452,8,5145279
5,62814,8,6281478
5,62250,8,6225016
5,64901,8,6490125
5,66623,8,6662323
5,74371,8,7437176
5,89555,8,8955554
5,36036,8,3603679
5,62574,8,625745
5,30664,8,306644
5,64124,8,6412476
5,32144,8,3214448
5,65425,8,6542507
5,61175,8,6117508
5,77877,8,7787780
5,11250,8,11250920
5,44641,8,4464115
5,68595,8,6859561
5,78962,8,7896255
5,82222,8,8222247
5,24644,8,2464455
5,58685,8,5868567
5,24663,8,2466375
5,37932,8,3793239
5,62548,8,6254819
5,52122,8,5212271
5,73020,8,7302037
5,61174,8,6117425
5,15213,8,1521301
5,58199,8,5819944
5,30046,8,3004683653
5,80017,8,8001743
5,21151,8,2115159
5,58687,8,5868791
5,53253,8,532531
5,95488,8,954888
5,10468,8,1046888
5,10698,8,1069888
5,95288,8,952888
5,11958,8,1195888
5,13968,8,1396888
5,14188,8,1418888
5,92688,8,926888
5,97788,8,977888
5,92186,8,9218645751
5,92287,8,922873007
5,81196,8,81196971848
5,92563,8,92563406900
5,87833,8,87833941
5,14145,8,14145733030
5,58287,8,582874637
5,34532,8,3453260761
5,33424,8,3342449968
5,31228,8,3122809585
5,30049,8,3004906660
5,30734,8,3073464317
5,31222,8,3122271842
5,33425,8,3342524424
5,34703,8,3470337351
5,34277,8,3427760000
5,30287,8,3028772132
5,34523,8,3452314833
5,32134,8,3213476087
5,30095,8,3009525225
5,32037,8,3203789146
5,33171,8,3317127800
5,30623,8,3062380284
5,33529,8,3352900432
5,27178,8,2717808
5,30133,8,3013362904
5,31233,8,3123359032
5,31523,8,3152372286
5,31282,8,3128283564
5,33182,8,3318230000
5,32236,8,3223614305
5,30436,8,3043646860
5,31337,8,3133799366
5,33538,8,3353870786
5,33303,8,3330377328
5,32450,8,3245000556
5,03329,8,0332924332
5,30624,8,3062445586
5,33339,8,3333987567
5,30839,8,3083913161
5,65554,8,6555445455
5,56326,8,563266925
5,54814,8,548149828
5,50743,8,507439585
5,27115,8,27115039600
5,98173,8,981737248
5,94000,8,940000000
5,06269,8,0626919065
5,08399,8,0839981070
5,08236,8,0823665370
5,09077,8,09077150047
5,61417,8,61417929537
5,٦٦٠٠٠,8,٦٦٠٠٠٧٨١
5,99000,8,99000599
5,34684,8,34684225461
5,63920,8,639205111109
5,66857,8,66857578238
5,56850,8,568504830
5,43968,8,43968550
5,50438,8,504388488
5,42644,8,42644123
5,52771,8,527716655
5,40659,8,406593580
5,55253,8,552539018
5,44269,8,44269946
5,52694,8,526944462
5,56794,8,567940500
5,52924,8,529247820
5,43442,8,43442427
5,42214,8,42214147
5,42847,8,42847988
5,52983,8,529833948
5,45064,8,45064400
5,79990,8,79990884905
5,79243,8,79243579415
5,75064,8,7506454855
5,80830,8,808301
5,11042,8,1104201
5,11881,8,118811
5,33550,8,33550759
5,13140,8,1314001
5,24220,8,242203
5,31236,8,312365
5,40246,8,402460
5,06160,8,061600
5,43180,8,431800
5,26110,8,261106
5,70251,8,702518000
5,72140,8,721400
5,01011,8,010119
5,03600,8,036002
5,52379,8,523797
5,13981,8,13981928249
5,41820,8,418200050
5,12091,8,1209100080
5,16945,8,169450000
5,21232,8,212325
5,03010,8,030107
5,22410,8,224100
5,51408,8,514080
5,52031,8,520310
5,24631,8,246314
5,17055,8,1705500
5,24280,8,242800
5,21822,8,218220
5,58000,8,580000
5,51232,8,512321
5,71271,8,712716
5,88197,8,881972
5,23660,8,236600
5,90190,8,901908
5,06760,8,067602
5,83360,8,833600
5,66160,8,661600
5,61151,8,611511
5,65720,8,657200
5,37137,8,371375
5,47102,8,471022
5,21503,8,215031
5,83320,8,833200
5,73010,8,730107
5,25031,8,250316
5,46545,8,465450
5,05721,8,05721818
5,58018,8,580188
5,22162,8,221622
5,41240,8,412400
5,11702,8,117021
5,15031,8,150316
5,29100,8,29100081
5,32010,8,320103
5,74220,8,742200040
5,52341,8,523415
5,04710,8,047100
5,65030,8,650302
5,71100,8,71100025
5,43530,8,435300
5,37190,8,3719000
5,22161,8,221611
5,15730,8,157300
5,26580,8,265800
5,80000,8,800000
5,30130,8,301304
5,54310,8,543100
5,73620,8,736200
5,67500,8,675000
5,40820,8,408200
5,57220,8,572200
5,11640,8,116409
5,36550,8,365500
5,51655,8,51655165
5,61110,8,611103
5,54610,8,546100
5,11786,8,117860815
5,23920,8,239200
5,51583,8,515834
5,31571,8,315711
5,51565,8,515651
5,47110,8,471100
5,10023,8,100234
5,32503,8,325035
5,51136,8,511365
5,83200,8,832000
5,52011,8,520114
5,32107,8,321075
5,11312,8,113126
5,42130,8,421300
5,62600,8,626000
5,06215,8,062150
5,14400,8,1440055
5,07558,8,07558888
5,52357,8,523573
5,40430,8,404300
5,72320,8,723200
5,23370,8,233700
5,80080,8,800800
5,25340,8,253400
5,18220,8,182201
5,23603,8,236032
5,19830,8,19830729
5,06310,8,063100
5,30018,8,300180
5,07160,8,071605
5,51148,8,511480
5,27888,8,27888588
5,40226,8,402260
5,21762,8,217621000
5,52372,8,523728
5,06360,8,063600
5,46515,8,465150
5,51821,8,518213
5,86648,8,8664801092
5,29531,8,295310006
5,12599,8,125993
5,86342,8,8634253455
5,20030,8,200300
5,61161,8,611619
5,40007,8,400074
5,51604,8,51604100004
5,23423,8,234234234234234
5,35330,8,353300
5,11620,8,116200
5,12211,8,122114
5,44400,8,444000
5,05761,8,0576114
5,64310,8,643100
5,21417,8,214174
5,19104,8,1910413
5,24520,8,245200
5,19896,8,198962
5,11430,8,114300
5,47620,8,476200
5,65320,8,653200
5,16899,8,16899616
5,61706,8,617063
5,22405,8,224052
5,14240,8,1424064
5,52540,8,525400
5,51340,8,513400
5,22631,8,226311
5,24253,8,242538
5,24313,8,243131
5,05007,8,050071
5,57290,8,572900
5,45417,8,454171
5,41401,8,414017
5,24660,8,246600
5,67750,8,677500
5,35060,8,350600
5,52002,8,520025
5,06303,8,063035
5,66100,8,661000
5,86845,8,8684516266
5,11181,8,11181119
5,21543,8,215433
5,43012,8,430123
5,21118,8,211189
5,25630,8,256300
5,25730,8,257300
5,07265,8,072650
5,52188,8,521886
5,53720,8,537200
5,12051,8,1205100085
5,53501,8,535013
5,05460,8,054600
5,66300,8,663000
5,31431,8,314313
5,03080,8,030801
5,05725,8,057250
5,34110,8,341100
5,05971,8,0597123
5,51021,8,510210
5,08602,8,086027
5,06235,8,062350
5,05380,8,053800
5,54330,8,543309
5,53803,8,538033
5,41420,8,414203
5,51903,8,519030
5,25720,8,257200
5,83009,8,830091
5,02102,8,021025
5,51807,8,518073
5,30330,8,303305
5,20172,8,201721
5,20051,8,20051022
5,54130,8,541305
5,51463,8,514639
5,26142,8,261428
5,21113,8,211135
5,03300,8,033000
5,54240,8,542400
5,51082,8,510820
5,22133,8,221331
5,52359,8,523590
5,36782,8,3678299
5,57487,8,57487302650
5,47313,8,473132
5,14110,8,141101
5,15161,8,15161518
5,91095,8,910953
5,05480,8,054800
5,53702,8,537023
5,86582,8,8658278975
5,71020,8,710200
5,25210,8,252102
5,23111,8,23111401
5,52361,8,523618
5,52250,8,522501
5,43100,8,431006
5,11662,8,116622
5,33704,8,337042
5,54410,8,54410005
5,29250,8,292501
5,23720,8,237200
5,71850,8,718500
5,25640,8,256405
5,31124,8,311245
5,33210,8,332100
5,70431,8,704310013
5,40236,8,402368
5,35521,8,355213
5,35125,8,351255
5,05743,8,057430
5,15006,8,150060
5,45420,8,454201316100
5,03911,8,0391114
5,21333,8,213334
5,26650,8,266500
5,05246,8,052460
5,43320,8,433200
5,71380,8,713800
5,61310,8,613100
5,16051,8,1605150
5,41310,8,413100
5,51855,8,5185555
5,19800,8,19800423
5,22572,8,225721
5,07540,8,075400
5,51035,8,51035112
5,68204,8,68204210011
5,21531,8,215312
5,57021,8,570216
5,21556,8,215562
5,51083,8,510831
5,21451,8,214518
5,21426,8,214266
5,66630,8,666300
5,51650,8,516500
5,19780,8,19780303
5,35667,8,356677
5,47660,8,476600
5,11604,8,116041
5,61500,8,615000
5,15100,8,151001
5,19850,8,19850430
5,23680,8,236800
5,54331,8,543315
5,47340,8,473406
5,05113,8,051130
5,62840,8,628400
5,25265,8,252659
5,71800,8,718000
5,31512,8,315121
5,45650,8,456500
5,43230,8,432300
5,51350,8,513506
5,06301,8,063016
5,21240,8,212400
5,86922,8,869223286125
5,04101,8,041013
5,19030,8,190306518000
5,54150,8,541500
5,75120,8,751200
5,29999,8,299999
5,33557,8,33557799
5,59180,8,591800
5,36321,8,363215
5,40520,8,405200
5,51608,8,516086
5,24011,8,2401100085
5,06825,8,068250
5,21312,8,213127
5,32380,8,323800
5,36600,8,366000
5,25160,8,251600
5,41750,8,417500
5,53750,8,537500
5,73110,8,731100
5,21523,8,215231
5,60001,8,600015
5,51125,8,5112500
5,01430,8,014300
5,05410,8,054106
5,24120,8,241201
5,31591,8,315912
5,30230,8,302305
5,40067,8,4006789789
5,14514,8,1451401
5,51610,8,516100
5,12502,8,125027
5,26003,8,260031
5,17730,8,177304
5,57031,8,570314
5,23940,8,239400
5,16820,8,168200
5,32212,8,322124
5,88867,8,88867876
5,13912,8,139129
5,15410,8,154100
5,15041,8,15041506
5,65270,8,652702
5,05320,8,053200
5,15750,8,157500
5,10078,8,100780910
5,15005,8,150050
5,40090,8,400900
5,05133,8,051330
5,80083,8,8008303811
5,42150,8,421500
5,51330,8,513300
5,51002,8,510026
5,51147,8,511475
5,51730,8,517300
5,25320,8,253200
5,64111,8,641115
5,11510,8,115100
5,43880,8,438800
5,28610,8,2861086
5,27770,8,277700
5,16120,8,161200
5,74500,8,745000
5,17000,8,170000
5,53760,8,537600
5,11116,8,1111608
5,43190,8,431900
5,12530,8,125302
5,52398,8,523981
5,52303,8,523039
5,32330,8,323300
5,18619,8,186191
5,21401,8,214011
5,52634,8,526346
5,63740,8,637400
5,45310,8,453100
5,43041,8,430415
5,05340,8,053400
5,42610,8,426100
5,23510,8,235100
5,31547,8,315470
5,53100,8,531000
5,81081,8,810810
5,88839,8,88839999
5,41570,8,415700
5,51905,8,519050
5,05643,8,0564335
5,52318,8,523187
5,34470,8,344700
5,05603,8,056038
5,45247,8,452470
5,02407,8,024076
5,35230,8,352300
5,24310,8,243100
5,19771,8,1977117
5,62863,8,628635
5,06180,8,061800
5,11240,8,112400020
5,63710,8,637102
5,27350,8,273500
5,51662,8,51662737
5,71931,8,719319
5,16516,8,165163
5,24665,8,246650
5,33802,8,338025
5,06150,8,061500
5,01600,8,016000
5,07410,8,074100
5,02535,8,025350
5,32570,8,325700
5,62920,8,629200
5,80081,8,800814
5,11270,8,112700
5,04118,8,0411800
5,22172,8,221723
5,51535,8,515354
5,13470,8,134700
5,51740,8,517400
5,16858,8,168588
5,57900,8,5790064
5,76813,8,7681312
5,73728,8,73728604
5,35448,8,35448088
5,41062,8,4106283
5,39251,8,3925123
5,68692,8,686926
5,07344,8,07344638
5,41769,8,417691
5,75691,8,7569126
5,51609,8,516095683
5,53102,8,5310240
5,89771,8,8977167
5,95856,8,95856189
5,01277,8,0127771758
5,07958,8,0795874030
5,58831,8,588318879
5,17580,8,1758083805
5,16471,8,1647104073
5,14360,8,1436049595
5,19596,8,1959640905
5,14367,8,1436713308
5,17827,8,1782700182
5,19571,8,1957178895
5,17821,8,1782176691
5,17849,8,1784907770
5,19551,8,1955159070
5,19289,8,1928901698
5,93599,8,9359942596
5,14775,8,1477582149
5,88172,8,881720010760
5,92372,8,92372927338
5,38503,8,38503129554
5,13722,8,1372229268
5,38635,8,38635397978
5,38674,8,38674432355
5,38934,8,38934952120
5,38501,8,38501565005
5,77199,8,7719999095
5,37862,8,37862013777
5,38663,8,38663367396
5,79467,8,7946719348
5,92355,8,92355550344
5,15486,8,1548627713
5,38634,8,38634463230
5,36355,8,3635555555
5,92373,8,92373992779
5,38984,8,38984165116
5,19533,8,1953304788
5,46744,8,4674410058
5,14363,8,1436300816
5,49934,8,499341895990
5,33690,8,3369013074
5,17774,8,1777446249
5,87800,8,87800000
5,46031,8,46031000
5,46479,8,46479000
5,79390,8,7939040596
5,64740,8,6474079000
5,92241,8,92241294649
5,22690,8,226902937
5,25737,8,2573729
5,34771,8,347719904
5,66505,8,6650560135
5,52681,8,526812741
5,05431,8,0543179893
5,45464,8,4546479
5,92153,8,9215343936
5,57004,8,570049832
5,93705,8,93705249804
5,92204,8,92204545404
5,35597,8,3559702
5,16140,8,161400247463
5,91665,8,9166502192020
5,92227,8,922279555
5,80381,8,8038147468
5,81307,8,8130724297
5,55706,8,557065082
5,81464,8,8146489616
5,79566,8,7956693790
5,67824,8,6782481435
5,97508,8,9750886
5,12506,8,12506408282
5,56385,8,563850814
5,66876,8,66876747100
5,52699,8,526995722
5,99300,8,9930000000
5,79766,8,7976686595
5,67804,8,6780409
5,20871,8,208710
5,56356,8,563568229
5,58743,8,5874389577
5,50020,8,5002006
5,65879,8,6587996381
5,10096,8,100966505458184
5,52563,8,525632699
5,27546,8,27546399450
5,57475,8,574758
5,78942,8,789427
5,91785,8,917858809705
5,79850,8,7985005
5,66267,8,6626735
5,79685,8,79685470400
5,31626,8,31626157002
5,55248,8,552488877
5,40766,8,40766251024
5,60285,8,60285608
5,59216,8,592169151
5,55088,8,550880711
5,53234,8,532348080
5,54757,8,547575959
5,53158,8,531587527
5,46677,8,4667766
5,05461,8,0546133115
5,54613,8,546133115
5,59767,8,597671715
5,56066,8,560666677
5,59211,8,592111122
5,54066,8,540664363
5,77799,8,7779991
5,54477,8,544777116
5,54425,8,544258325
5,53015,8,530157978
5,54325,8,543252200
5,54079,8,540797979
5,50044,8,500449664
5,50098,8,500982626
5,55309,8,553096786
5,59415,8,594159023
5,54187,8,541875750
5,59453,8,594532500
5,54147,8,541474203
5,53350,8,533507595
5,54053,8,540532838
5,13502,8,13502962221
5,13509,8,13509635392
5,63495,8,634959671
5,30579,8,305793456
5,86197,8,861979888
5,56738,8,567389069
5,10707,8,107076325
5,25889,8,258896712
5,56459,8,564593028
5,27532,8,27532512464
5,11535,8,1153529667
5,43868,8,438681065
5,64311,8,6431130
5,54591,8,5459193
5,44929,8,4492977
5,50935,8,509359625
5,92832,8,928327443
5,92375,8,923755692
5,92540,8,9254012920
5,12144,8,12144959218
5,21887,8,21887767657
5,92557,8,9255770316
5,92370,8,9237002444
5,22070,8,2207000040
5,56215,8,562152272
5,52689,8,526899444
5,52859,8,528599599
5,49610,8,49610352188
5,10945,8,1094585905
5,39229,8,392296386
5,36122,8,361224081
5,38173,8,381733785
5,49511,8,495115106885
5,16634,8,1663420032
5,99367,8,99367900125
5,24025,8,2402570006
5,90178,8,901780088
5,14692,8,14692471824
5,18320,8,1832082070
5,93789,8,93789743040
5,73266,8,7326685174
5,53286,8,532867089
5,58222,8,582225889
5,37402,8,3740234806
5,31810,8,318100
5,20553,8,20553030632
5,38005,8,3800509759211
5,91108,8,911080000298
5,54242,8,542425566
5,25194,8,251944737447
5,86194,8,861946039288
5,98109,8,981097
5,11177,8,111777
5,56366,8,563663636
5,16327,8,16327012509
5,53663,8,536632666
5,98306,8,98306580659
5,27716,8,27716751185
5,54298,8,542982293
5,54685,8,546856336
5,15857,8,15857215795
5,50572,8,505722683
5,53688,8,536887721
5,50045,8,5004514871
5,65029,8,65029003
5,85025,8,8502595
5,76333,8,76333944
5,66926,8,66926013
5,97821,8,9782181
5,66316,8,663166
5,69944,8,699449
5,63142,8,631420127
5,62723,8,627232283
5,75200,8,752003
5,52174,8,52174804
5,28819,8,2881905
5,56391,8,563917502
5,58317,8,583179502
5,60431,8,6043196
5,34769,8,3476999
5,26136,8,2613613
5,30663,8,3066324
5,39625,8,3962500
5,51847,8,518477050
5,33315,8,3331563
5,51529,8,51529004
5,48070,8,480707
5,73313,8,7331371
5,49322,8,493223
5,58449,8,58449204
5,66141,8,661419
5,57276,8,572766706
5,53845,8,538455506
5,62277,8,6227777
5,30464,8,3046444
5,35546,8,3554664
5,57438,8,574388806
5,39724,8,3972489
5,51965,8,519651050
5,34035,8,3403503
5,29509,8,2950913
5,53849,8,538490006
5,22451,8,2245151
5,51736,8,51736104
5,76240,8,7624069
5,31268,8,312682
5,21975,8,2197566
5,58464,8,58464706
5,58241,8,58241404
5,52209,8,52209404
5,74007,8,7400745
5,53132,8,5313223
5,45605,8,456050
5,74314,8,7431431
5,39845,8,3984555
5,39402,8,3940290
5,51966,8,519660050
5,45058,8,4505859
5,53899,8,538995506
5,53804,8,5380487
5,60611,8,6061111
5,84466,8,8446666
5,51555,8,51555004
5,55412,8,55412804
5,66575,8,6657557
5,58508,8,585084050
5,53087,8,530874050
5,59652,8,59652604
5,62558,8,6255828
5,39365,8,3936575
5,20129,8,2012915
5,66045,8,660458
5,48792,8,487928
5,38286,8,382867
5,53672,8,53672804
5,67318,8,6731892
5,46343,8,463436
5,53573,8,53573204
5,05826,8,05826270331
5,05876,8,0587614238
5,30324,8,3032401
5,33579,8,3357933
5,05448,8,0544801800
5,70810,8,7081033
5,40445,8,4044595
5,52259,8,522596006
5,31345,8,3134510
5,33414,8,3341449
5,67158,8,6715877
5,65822,8,6582239554
5,05235,8,05235494761
5,05152,8,051525296
5,35907,8,3590756
5,29978,8,2997899
5,36245,8,3624535
5,56618,8,566184406
5,52294,8,522942406
5,20197,8,2019724
5,36383,8,3638309
5,67631,8,6763137
5,80782,8,8078220
5,35284,8,3528469
5,34757,8,3475767
5,56528,8,565281806
5,34825,8,3482539
5,37451,8,3745189
5,32960,8,3296013
5,33575,8,3357573
5,39056,8,3905606
5,67720,8,6772000
5,21722,8,2172280
5,52667,8,52667704
5,45495,8,4549560
5,66721,8,6672141
5,55029,8,550297543
5,56186,8,561864221
5,36121,8,361218
5,53177,8,531774
5,53309,8,533092606
5,51638,8,516387050
5,25186,8,2518612
5,66822,8,66822104
5,26942,8,2694223
5,29791,8,2979131
5,73698,8,7369896
5,58194,8,581948
5,65887,8,6588737
5,31316,8,31316104
5,51216,8,51216504
5,31106,8,311065
5,05229,8,0522921185
5,53125,8,5312521
5,52001,8,52001604
5,35983,8,3598345
5,56461,8,564616601
5,28235,8,282352
5,65120,8,6512097050
5,51936,8,519366050
5,66833,8,66833904
5,45772,8,4577273
5,53802,8,538027706
5,04859,8,04859751
5,05240,8,0524018345
5,78405,8,7840518
5,53541,8,535413606
5,39739,8,3973992
5,53161,8,531613206
5,22453,8,2245388
5,36267,8,3626742
5,57330,8,573306206
5,76286,8,7628620
5,53166,8,5316617
5,28442,8,2844256
5,53428,8,534283306
5,58384,8,5838445
5,88190,8,8819033
5,88522,8,8852222
5,42545,8,4254562
5,51784,8,517848006
5,25823,8,2582326
5,57242,8,5724298
5,53144,8,531446506
5,36085,8,3608533
5,53398,8,533982906
5,36716,8,3671682
5,28891,8,2889177
5,32425,8,3242532
5,88488,8,8848862
5,39694,8,3969408
5,36151,8,3615112
5,53626,8,536263306
5,66520,8,6652000
5,39725,8,3972526
5,28341,8,2834148
5,57215,8,572150806
5,68115,8,6811588
5,39992,8,3999288
5,13482,8,13482492503
5,05259,8,0525984411
5,54090,8,54090004
5,99656,8,996563800038
5,35828,8,3582888
5,57728,8,5772888
5,72488,8,7248888
5,34078,8,3407888
5,41299,8,4129999
5,34238,8,3423888
5,34728,8,3472888
5,34398,8,3439888
5,34578,8,3457888
5,35048,8,3504888
5,56088,8,5608888
5,56168,8,5616888
5,35388,8,3538888
5,56248,8,5624888
5,39258,8,3925888
5,35218,8,3521888
5,35198,8,3519888
5,63278,8,6327888
5,39638,8,3963888
5,60988,8,6098888
5,74888,8,7488888
5,82988,8,8298888
5,63988,8,6398888
5,61078,8,6107888
5,31918,8,3191888
5,31988,8,3198888
5,20748,8,2074888
5,21178,8,2117888
5,37278,8,3727888
5,57518,8,5751888
5,33418,8,3341888
5,57938,8,5793888
5,59148,8,5914888
5,35838,8,3583888
5,59208,8,5920888
5,35918,8,3591888
5,36158,8,3615888
5,59528,8,5952888
5,59688,8,5968888
5,59848,8,5984888
5,35848,8,3584888
5,36008,8,3600888
5,36878,8,3687888
5,36418,8,3641888
5,20428,8,2042888
5,36578,8,3657888
5,14748,8,1474888
5,11448,8,1144888
5,11468,8,1146888
5,11578,8,1157888
5,11648,8,1164888
5,11728,8,1172888
5,06967,8,0696751428
5,07469,8,07469972262
5,07951,8,07951063339
5,05322,8,05322345171
5,58212,8,582129913
5,11480,8,1148044
5,54045,8,540455005
5,61917,8,619176285633
5,41057,8,41057988999
5,64218,8,6421830839
5,68880,8,6888000
5,91422,8,914227942
5,34662,8,34662336039
5,41523,8,41523468747
5,58153,8,581533070
5,47921,8,4792122309
5,37792,8,37792057615
5,35943,8,35943149161
5,04107,8,041078235
5,19691,8,19691469
5,53635,8,536356362
5,50059,8,500598914
5,38053,8,380532590803
5,45553,8,45553254566
5,54816,8,548168877
5,35326,8,353262011331
5,33269,8,332697732050
5,16567,8,16567965
5,22489,8,2248946249
5,62268,8,6226868
5,67249,8,672499681
5,82508,8,825087239
5,02267,8,02267426600
5,07426,8,07426306666
5,07763,8,07763051920
5,07356,8,0735613530
5,08348,8,0834821676
5,14938,8,1493888
5,14998,8,1499888
5,16898,8,1689888
5,17128,8,1712888
5,01149,8,01149508088
5,07277,8,0727773093
5,13803,8,13803930117
5,58707,8,5870740
5,20501,8,20501001632
5,92966,8,929665001
5,92218,8,92218270549
5,73333,8,73333331212
5,92695,8,92695540188
5,92652,8,92652552803
5,92677,8,926771711119
5,43919,8,43919761
5,88318,8,883180804
5,62496,8,6249679
5,32387,8,3238773800
5,57457,8,574575706
5,31218,8,3121888
5,30488,8,3048888
5,30708,8,3070888
5,32868,8,3286888
5,35788,8,3578888
5,32688,8,3268888
5,03036,8,03036668272
5,07836,8,0783692637
5,08379,8,0837927288
5,08450,8,0845036864
5,30588,8,3058888
5,30768,8,3076888
5,17838,8,1783888
5,59698,8,5969888
5,31488,8,3148888
5,17998,8,1799888
5,20898,8,2089888
5,61908,8,6190888
5,20928,8,2092888
5,62238,8,6223888
5,32888,8,3288888
5,32398,8,3239888
5,23708,8,2370888
5,25008,8,2500888
5,22778,8,2277888
5,27958,8,2795888
5,39918,8,3991888
5,22868,8,2286888
5,28058,8,2805888
5,36668,8,3666888
5,40058,8,4005888
5,40348,8,4034888
5,19068,8,1906888
5,37058,8,3705888
5,29398,8,2939888
5,23078,8,2307888
5,16778,8,1677888
5,23248,8,2324888
5,15557,8,1555741989
5,91621,8,91621559833
5,46727,8,46727022576
5,91447,8,914479037789
5,12096,8,12096488260
5,37411,8,37411500040
5,23436,8,234367
5,33475,8,3347558173
5,30118,8,3011888
5,36588,8,3658888
5,84398,8,8439888
5,29138,8,2913888
5,83508,8,8350888
5,56958,8,5695888
5,50018,8,5001888
5,73948,8,7394888
5,90248,8,9024888
5,49778,8,4977888
5,49738,8,4973888
5,32258,8,3225888
5,53528,8,5352888
5,58818,8,5881888
5,90548,8,9054888
5,53008,8,5300888
5,48918,8,4891888
5,48408,8,4840888
5,29998,8,2999888
5,48728,8,4872888
5,91038,8,9103888
5,43228,8,4322888
5,37968,8,3796888
5,42058,8,4205888
5,39478,8,3947888
5,29738,8,2973888
5,31608,8,3160888
5,32328,8,3232888
5,63718,8,6371888
5,33098,8,3309888
5,29148,8,2914888
5,30078,8,3007888
5,32018,8,3201888
5,33278,8,3327888
5,57088,8,5708888
5,89308,8,8930888
5,73228,8,7322888
5,67168,8,6716888
5,73648,8,7364888
5,72938,8,7293888
5,64018,8,6401888
5,87778,8,8777888
5,59288,8,5928888
5,64948,8,6494888
5,58378,8,5837888
5,68048,8,6804888
5,81998,8,8199888
5,69038,8,6903888
5,28498,8,2849888
5,24458,8,2445888
5,24508,8,2450888
5,27348,8,2734888
5,27408,8,2740888
5,24538,8,2453888
5,24018,8,2401888
5,27598,8,2759888
5,27488,8,2748888
5,28048,8,2804888
5,28818,8,2881888
5,23738,8,2373888
5,27438,8,2743888
5,24668,8,2466888
5,28398,8,2839888
5,26788,8,2678888
5,46539,8,4653989
5,33438,8,3343888
5,27698,8,2769888
5,37978,8,3797888
5,27948,8,2794888
5,24818,8,2481888
5,24908,8,2490888
5,21435,8,2143586
5,26078,8,2607888
5,21508,8,2150888
5,43998,8,4399888
5,71218,8,7121888
5,35648,8,3564888
5,48518,8,4851888
5,79078,8,7907888
5,59088,8,5908888
5,22488,8,2248888
5,19318,8,1931888
5,22448,8,2244888
5,19118,8,1911888
5,22138,8,2213888
5,22348,8,2234888
5,٩٦٦٥٥,8,٩٦٦٥٥٥٠٢٩٣٠٧
5,78184,8,78184569020
5,26043,8,26043126
5,79511,8,79511109090
5,43487,8,43487533
5,56140,8,561403143
5,46329,8,46329542
5,44451,8,44451424
5,79082,8,79082717230
5,79603,8,79603298950
5,17708,8,1770888
5,15082,8,15082017
5,75414,8,75414621
5,13626,8,136262295
5,86500,8,865002531753
5,78276,8,782766060
5,12090,8,120906566
5,52595,8,52595221
5,24213,8,2421382237
5,53049,8,530499617
5,10443,8,104432573
5,56124,8,561242772
5,35195,8,351953680
5,27169,8,271694733
5,67455,8,6745504331
5,14767,8,147679886
5,22795,8,227958089
5,33274,8,332749913
5,75410,8,754104926
5,92011,8,920114
5,18372,8,1837283204
5,30904,8,309046915
5,39970,8,399707738
5,76426,8,76426400
5,49005,8,49005881
5,94243,8,942432856
5,86545,8,86545231231
5,86928,8,8692808088
5,27491,8,274916578
5,19392,8,19392157
5,95829,8,9582999
5,93000,8,930000000
5,77372,8,7737227526
5,35559,8,3555999
5,20036,8,200366
5,35772,8,357726923006
5,67323,8,6732340093
5,18339,8,18339919777
5,73163,8,73163077777
5,22781,8,227814
5,12965,8,12965458
5,21836,8,2183687521
5,12035,8,12035425353
5,21293,8,2129343939
5,16298,8,1629800
5,99352,8,99352242811
5,95238,8,952385
5,14000,8,1400000000
5,92144,8,9214427688
5,46876,8,4687606483
5,76133,8,7613322
5,91208,8,9120878683
5,48486,8,484869867704
5,57312,8,573126875043
5,40201,8,402015
5,01018,8,010180
5,33673,8,33673679279
5,44331,8,443313898182
5,13487,8,1348756
5,61594,8,615943568
5,18589,8,18589975942
5,18837,8,188379156
5,50021,8,5002140
5,45309,8,4530932599
5,54343,8,543433220
5,14413,8,14413007778
5,50040,8,500400450
5,65534,8,6553491522
5,53338,8,533384448
5,12693,8,126931005
5,19161,8,19161761088
5,53098,8,530986549
5,17742,8,17742425615
5,97509,8,97509533066
5,77200,8,7720000000
5,23208,8,2320888
5,25608,8,2560888
5,22148,8,2214888
5,18558,8,1855888
5,23778,8,2377888
5,18148,8,1814888
5,20938,8,2093888
5,23118,8,2311888
5,21848,8,2184888
5,18488,8,1848888
5,21388,8,2138888
5,18128,8,1812888
5,24578,8,2457888
5,25598,8,2559888
5,22278,8,2227888
5,25538,8,2553888
5,24438,8,2443888
5,17568,8,1756888
5,23758,8,2375888
5,22950,8,2295000
5,17500,8,1750000
5,17800,8,1780000
5,29500,8,2950000
5,19000,8,1900000
5,82514,8,82514412898
5,62169,8,621699
5,44042,8,440422
5,26049,8,26049189
5,13032,8,13032021
5,66867,8,66867777441
5,66846,8,66846757629
5,85237,8,85237373322
5,66858,8,66858155855
5,20419,7,2041979
5,86092,7,860922
5,20199,7,201996
5,96532,7,965324
5,64750,7,6475048997
5,64723,7,6472357874
5,98705,7,9870539
5,19335,7,193351
5,55069,7,550694143
5,17732,7,17732245555
5,70770,7,7077096503
5,90909,7,9090995
5,58496,7,584963
5,01143,7,01143025603
5,66930,7,66930162414
5,99997,7,9999749913
5,65814,7,6581426648
5,31098,7,3109800025
5,41683,7,4168309627
5,80844,7,8084449214
5,98117,7,9811791822
5,77007,7,77007001982
5,87163,7,87163949242
5,87564,7,87564762298
5,75764,7,7576427
5,06861,7,0686159
5,26193,7,2619357
5,95273,7,95273313
5,09445,7,094456
5,94186,7,94186517
5,98282,7,9828211010
5,88721,7,8872148
5,85278,7,8527801
5,45478,7,4547883
5,60033,7,6003339
5,11627,7,1162742612
5,36132,7,3613241
5,68348,7,6834844
5,29836,7,2983601
5,21066,7,2106668
5,41489,7,4148994
5,39274,7,39274939
5,73726,7,7372632
5,06283,7,0628333
5,75628,7,7562818
5,79336,7,793369068
5,53796,7,5379642
5,75165,7,7516542
5,82029,7,820299
5,51110,7,511101
5,27172,7,2717230
5,12893,7,1289391
5,13034,7,1303485
5,07420,7,074204
5,22953,7,2295370
5,27989,7,2798967
5,51543,7,51543033
5,59130,7,5913040
5,54321,7,543219876
5,25591,7,255915
5,51799,7,5179977
5,76427,7,7642799
5,75061,7,750617
5,22543,7,2254341
5,47777,7,477776
5,79541,7,7954177549
5,80165,7,80165610
5,66257,7,6625799
5,22066,7,2206615
5,64039,7,6403941
5,19792,7,19792557382
5,41305,7,413059
5,04660,7,046600
5,41530,7,415300
5,65015,7,650151
5,41512,7,415129
5,51185,7,511853
5,91851,7,9185101
5,79499,7,7949944455
5,61386,7,6138697119
5,76600,7,766002151
5,93784,7,93784041111
5,65820,7,6582060099
5,15143,7,15143584588
5,96846,7,9684674024
5,22190,7,221900
5,85443,7,8544399059
5,62445,7,6244575
5,61409,7,61409046709
5,84338,7,843382
5,34573,7,3457337799
5,44366,7,4436667490
5,96645,7,966456776543
5,66937,7,6693775772
5,39754,7,3975458
5,40720,7,40720408756
5,72251,7,722518648
5,40733,7,40733977437
5,61296,7,61296455485
5,14383,7,14383771662
5,31062,7,310622871157
5,66466,7,6646614
5,13209,7,1320984
5,28951,7,2895133
5,24149,7,2414929
5,84871,7,8487172
5,11287,7,112874
5,63412,7,634120
5,91826,7,918264140509
5,06565,7,065650444
5,66801,7,66801279569
5,04487,7,044876793
5,45305,7,4530578050
5,67533,7,6753300050
5,96252,7,9625237723
5,45413,7,4541323044
5,12282,7,12282822107
5,17706,7,17706054584
5,21652,7,21652647700
5,65100,7,6510043050
5,66224,7,66224904
5,02604,7,026042649
5,33649,7,33649381812
5,85233,7,852331904
5,66238,7,66238104
5,45228,7,4522858050
5,66838,7,66838604
5,66387,7,66387404
5,07236,7,072364530
5,85275,7,85275904
5,17666,7,17666666
5,39353,7,393531002523
5,37128,7,3712888
5,79614,7,79614440535
5,31108,7,3110888
5,61248,7,6124888
5,16148,7,1614888
5,15032,7,15032021
5,66840,7,66840277940
5,66214,7,66214279600
5,66861,7,66861650025
5,66272,7,66272813057
5,09052,7,09052021
5,30704,6,30704977
5,55060,6,55060026
5,21642,6,2164281100
5,21297,6,2129701132
5,77514,6,77514345
5,07462,6,07462290991
5,30326,6,30326127
5,19166,6,19166199663
5,54355,6,543557768
5,58582,6,585823481
5,97917,6,9791746765
5,75027,6,7502768230
5,56599,6,565996547
5,27073,6,270732013332
5,77689,6,7768903567
5,52718,6,527188777
5,94710,6,94710161411
5,58234,6,582348381
5,78024,6,7802438786
5,05856,6,0585611567
5,80306,6,8030638262
5,70510,6,7051007100
5,73978,6,7397889523
5,52153,6,521533337
5,69226,6,692262670514
5,19797,6,19797039556
5,80788,6,8078867488
5,50669,6,506699
5,34509,6,3450930
5,74487,6,7448709233
5,81215,6,8121501
5,98440,6,9844030831
5,45712,6,4571283
5,52663,6,5266383
5,25284,6,2528446
5,67931,6,6793159
5,63878,6,6387882
5,34237,6,3423777
5,51592,6,5159260
5,69518,6,6951868
5,72402,6,7240236
5,88662,6,8866258
5,87929,6,8792938
5,89518,6,8951898
5,88104,6,8810497
5,74518,6,7451837
5,57531,6,5753193
5,88506,6,8850644
5,87224,6,8722452
5,84348,6,8434896
5,32326,6,3232640
5,37559,6,3755978
5,54507,6,5450748
5,54996,6,5499675
5,29681,6,2968188
5,85755,6,8575518
5,45568,6,4556898
5,46108,6,4610886
5,87667,6,8766791
5,42787,6,4278731
5,46877,6,4687737
5,82648,6,8264896
5,84077,6,8407728
5,45243,6,4524365
5,87339,6,8733918
5,65169,6,6516981
5,71464,6,7146415
5,14536,6,1453632
5,21778,6,2177869
5,80206,6,8020620
5,90266,6,90266541
5,24316,6,2431627
5,85642,6,8564286
5,64589,6,6458941
5,47877,6,4787758
5,63511,6,6351168
5,45845,6,4584577
5,16054,6,160544
5,61359,6,61359996
5,61258,6,6125891
5,60952,6,609520
5,38968,6,3896828
5,72496,6,7249680
5,88653,6,8865356
5,44040,6,4404000
5,65825,6,6582507
5,20237,6,2023730
5,86462,6,8646222
5,56989,6,5698916
5,57408,6,57408390
5,28437,6,2843799
5,03398,6,033981958
5,88892,6,8889232
5,66209,6,6620977
5,21772,6,217725946
5,09994,6,09994330
5,56838,6,5683854
5,54360,6,5436046
5,59005,6,5900529
5,٩٩٨٨٩,6,٩٩٨٨٩٨٨٦
5,٠٥٠٥٢,6,٠٥٠٥٢٠٢٠٤٥
5,١0096,6,١00966505458184
5,54071,6,540719947
5,44494,6,44494447709
5,37269,6,3726911913
5,44638,6,446389389
5,44967,6,44967228894
5,44293,6,44293434798
5,44830,6,44830165808
5,44476,6,444766399
5,44234,6,442343466642
5,44659,6,446590270
5,44767,6,44767830278
5,44844,6,4484498013
5,44469,6,444696899
5,44853,6,448539164
5,44265,6,442654817
5,44761,6,4476134343
5,17672,6,17672778399
5,53661,6,536613118
5,44630,6,446306549189
5,61447,6,61447117346
5,55949,6,559497467
5,20894,6,208942887
5,44728,6,447284040
5,44677,6,4467786000
5,59407,6,594077995
5,53488,6,534889222
5,44254,6,442547375115
5,44975,6,449756130030
5,37265,6,3726556553145
5,66991,6,66991989182
5,44998,6,44998765432
5,94740,6,947407072270
5,55846,6,558466203
5,49766,6,497661338517
5,44930,6,449300534
5,07525,6,07525127632
5,37805,6,3780529658109
5,69264,6,692648072
5,16025,6,16025037599
5,56543,6,565439076
5,56029,6,560291946
5,47315,6,4731561
5,61554,6,615541415464
5,50022,6,500222111
5,55310,6,553103433
5,96867,6,9686725340
5,08000,6,080000549
5,50004,6,500048422
5,41224,6,412244721
5,65710,6,6571010
5,92565,6,925651108955
5,50030,6,500303777
5,91867,6,91867935367
5,42989,6,42989951
5,53110,6,53110206
5,54319,6,54319991
5,92152,6,92152563843
5,24449,6,24449880
5,44599,6,445999821436
5,56870,6,5687066666
5,43422,6,43422272
5,59300,6,593003333
5,54559,6,545599998
5,92655,6,926556348889
5,41003,6,410033615775
5,64369,6,6436931
5,74330,6,743300
5,85271,6,8527132
5,20513,6,205139893
5,16111,6,16111613
5,13960,6,13960869908
5,17399,6,173991
5,52345,6,52345292
5,52350,6,523500
5,16101,6,161012
5,12511,6,125114
5,30340,6,303402
5,80280,6,802803
5,31403,6,314031
5,33090,6,3309066
5,65130,6,651300
5,52617,6,526176
5,35275,6,352751168
5,60168,6,601688
5,30373,6,30373070
5,51288,6,512885
5,17031,6,17031705
5,14012,6,14012628
5,19801,6,1980158
5,45008,6,450083
5,20813,6,208136
5,66286,6,66286363
5,17210,6,172101
5,33442,6,334421
5,41641,6,41641197455066
5,32030,6,3203024
5,74071,6,740710
5,32080,6,320802600909051
5,17141,6,17141717
5,17200,6,172000
5,12241,6,12241227
5,76060,6,760604
5,53108,6,531089984
5,55813,6,558131999
5,34209,6,3420993336
5,20814,6,2081471
5,53442,6,534426426
5,77759,6,7775965266
5,93728,6,93728530935
5,84600,6,8460000000
5,59050,6,590502290
5,52123,6,521232212
5,46787,6,467878028
5,78926,6,789266808425
5,05329,6,0532907870
5,52219,6,522191200
5,85318,6,8531883
5,52669,6,526693903
5,40078,6,400784601190
5,33477,6,3347719714
5,13789,6,13789527999
5,13704,6,13704779071
5,15132,6,15132000999
5,13323,6,13323631088
5,21233,6,2123337
5,32299,6,322995
5,16142,6,16142210883
5,79772,6,797722654269
5,22678,6,226784804
5,04608,6,046087777
5,79052,6,79052133350
5,16105,6,16105240509
5,49521,6,49521238170
5,17187,6,17187257208
5,04496,6,044960777
5,48695,6,48695585729
5,65615,6,6561551050
5,66298,6,66298004
5,65129,6,6512992050
5,66262,6,66262804
5,66323,6,66323504
5,66607,6,66607104
5,04495,6,044955322
5,03614,6,036140431
5,45916,6,4591616
5,65768,6,6576887050
5,48531,6,48531904
5,65127,6,6512788050
5,04482,6,04482512
5,65181,6,6518185050
5,33773,6,337737204
5,45526,6,45526304
5,38143,6,38143604
5,48797,6,48797704
5,65488,6,6548842050
5,66526,6,665266202
5,66255,6,66255304
5,66364,6,66364804
5,65354,6,6535400050
5,66777,6,6677772050
5,68816,6,68816604
5,66830,6,66830204
5,65472,6,6547227050
5,65206,6,6520640050
5,85274,6,85274804
5,66239,6,66239904
5,65171,6,6517148050
5,66241,6,66241104
5,66259,6,66259604
5,65509,6,6550949050
5,35797,6,35797707755
5,04665,6,046652323
5,31102,6,31102023204
5,04722,6,047228750
5,49509,6,49509392480
5,32026,6,3202662
5,86583,6,86583907483
5,15063,6,1506301116
5,11172,6,1117200
5,06588,6,065882455
5,02264,6,02264260
5,44895,6,448952798
5,92466,6,92466115300
5,28042,6,28042014
5,27539,6,275396
5,09010,6,090107
5,53846,6,5384623366
5,09216,6,0921627395
5,64618,6,6461888
5,11956,6,11956888
5,41238,6,4123888
5,30388,6,3038888
5,69488,6,694888
5,11442,6,11442888
5,17049,6,17049106199
5,33570,6,3357021629
5,58556,6,585568342
5,52156,6,521567009
5,56947,6,569479600
5,58520,6,585208204
5,25785,6,2578535170
5,49786,6,49786612290
5,07890,6,07890746898
5,09743,6,097433497593
5,40168,6,4016888
5,14238,6,1423888
5,40218,6,4021888
5,40268,6,4026888
5,37248,6,3724888
5,40318,6,4031888
5,20608,6,2060888
5,37298,6,3729888
5,40378,6,4037888
5,40438,6,4043888
5,37398,6,3739888
5,37468,6,3746888
5,40538,6,4053888
5,20818,6,2081888
5,37568,6,3756888
5,40648,6,4064888
5,23048,6,2304888
5,37618,6,3761888
5,37678,6,3767888
5,20278,6,2027888
5,37848,6,3784888
5,40918,6,4091888
5,40978,6,4097888
5,37948,6,3794888
5,41038,6,4103888
5,23378,6,2337888
5,38008,6,3800888
5,41188,6,4118888
5,41358,6,4135888
5,41468,6,4146888
5,42704,6,4270411
5,43459,6,43459236
5,43445,6,43445185
5,07864,6,0786492342
5,09128,6,091287788
5,76806,6,7680620857
5,79602,6,79602603499
5,79827,6,79827845336
5,79829,6,79829463260
5,77640,6,776401600
5,70511,6,7051123727
5,70154,6,70154498705
5,79190,6,79190283099
5,79197,6,79197551316
5,77346,6,77346223473
5,49999,6,4999909999
5,92062,6,9206262
5,78652,6,78652216850
5,89162,6,89162700507
5,72112,6,721128
5,84200,6,842004
5,70078,6,700781249
5,79086,6,79086314603
5,79397,6,79397039657
5,70819,6,70819623
5,79831,6,79831166562
5,77118,6,77118610
5,77768,6,77768009808
5,39505,6,39505918558
5,79639,6,79639638585
5,78437,6,7843791
5,79627,6,79627198847
5,74597,6,7459747017
5,97089,6,9708900
5,78202,6,78202572729
5,79659,6,79659633636
5,79299,6,79299908171
5,54599,6,545993
5,97080,6,9708087
5,94087,6,9408788
5,79806,6,79806430525
5,79231,6,79231796001
5,79093,6,79093137777
5,71724,6,7172402201
5,87019,6,87019991939
5,77080,6,77080481818
5,71367,6,71367434
5,79621,6,79621402715
5,79917,6,79917773566
5,79011,6,79011971835
5,79887,6,79887691392
5,99216,6,99216054976
5,98688,6,9868884
5,70175,6,7017537777
5,78151,6,78151481080
5,35993,6,3599354127
5,71891,6,71891988
5,89269,6,89269027828
5,89127,6,89127498024
5,76659,6,76659064
5,79858,6,79858999777
5,25027,6,250272
5,79135,6,79135205775
5,79130,6,79130177773
5,42789,6,4278916
5,27077,6,270771
5,77083,6,77083006501
5,84670,6,84670765
5,70174,6,7017420000
5,09155,6,0915555
5,79475,6,79475278
5,31276,6,312764
5,76148,6,7614888
5,03735,6,0373535
5,51832,6,5183232
5,15948,6,1594888
5,27004,6,2700479
5,81520,6,815203
5,06377,6,0637769
5,20579,6,2057943
5,06362,6,0636261
5,19326,6,193261
5,18878,6,1887888
5,03288,6,03288449
5,72138,6,7213888
5,70757,6,707576637
5,97248,6,9724888
5,05376,6,05376362
5,72028,6,7202888
5,17355,6,1735543
5,12338,6,1233888
5,36611,6,366118
5,26497,6,2649764
5,38548,6,3854888
5,51658,6,5165888
5,57608,6,5760888
5,51858,6,5185888
5,30888,6,3088888
5,31018,6,3101888
5,31078,6,3107888
5,52458,6,5245888
5,27868,6,2786888
5,39758,6,3975888
5,13416,6,1341666
5,40988,6,4098888
5,42358,6,4235888
5,10034,6,10034888
5,28198,6,2819888
5,53858,6,5385888
5,40188,6,4018888
5,17016,6,1701605
5,31668,6,3166888
5,51538,6,5153888
5,18578,6,1857888
5,71678,6,7167888
5,17968,6,1796888
5,30338,6,3033888
5,44248,6,4424888
5,32008,6,3200888
5,40878,6,4087888
5,23833,6,2383305
5,51238,6,5123888
5,13649,6,1364916
5,32948,6,3294888
5,32188,6,3218888
5,75208,6,7520888
5,41108,6,4110888
5,45638,6,4563888
5,13724,6,1372416
5,44608,6,4460888
5,28208,6,2820888
5,74108,6,7410888
5,41288,6,4128888
5,43718,6,4371888
5,11058,6,1105888
5,57188,6,5718888
5,41518,6,4151888
5,43948,6,4394888
5,25398,6,2539888
5,30878,6,3087888
5,25048,6,2504888
5,14828,6,1482888
5,89988,6,899888
5,25148,6,2514888
5,28188,6,2818888
5,15918,6,1591888
5,25448,6,2544888
5,52808,6,5280888
5,53058,6,5305888
5,51528,6,5152888
5,91588,6,915888
5,53318,6,5331888
5,51708,6,5170888
5,25748,6,2574888
5,15368,6,1536888
5,10965,6,10965888
5,74018,6,7401888
5,16238,6,1623888
5,28788,6,2878888
5,15828,6,1582888
5,16258,6,1625888
5,54048,6,5404888
5,15608,6,1560888
5,78848,6,7884888
5,54308,6,5430888
5,29088,6,2908888
5,54548,6,5454888
5,16558,6,1655888
5,40638,6,4063888
5,29288,6,2928888
5,14466,6,1446666
5,29388,6,2938888
5,16758,6,1675888
5,14579,6,1457916
5,16848,6,1684888
5,53328,6,5332888
5,16498,6,1649888
5,26748,6,2674888
5,11482,6,11482888
5,29788,6,2978888
5,37958,6,3795888
5,77868,6,7786888
5,21878,6,2187888
5,32728,6,3272888
5,17158,6,1715888
5,16748,6,1674888
5,18068,6,1806888
5,11898,6,1189888
5,30088,6,3008888
5,17328,6,1732888
5,42328,6,4232888
5,78928,6,7892888
5,18238,6,1823888
5,30908,6,3090888
5,17408,6,1740888
5,40468,6,4046888
5,57058,6,5705888
5,35728,6,3572888
5,16188,6,1618888
5,34138,6,3413888
5,16288,6,1628888
5,57898,6,5789888
5,16388,6,1638888
5,16008,6,1600888
5,32378,6,3237888
5,16588,6,1658888
5,12808,6,1280888
5,13668,6,1366888
5,58568,6,5856888
5,59268,6,5926888
5,59218,6,5921888
5,57968,6,5796888
5,58068,6,5806888
5,58718,6,5871888
5,13748,6,1374888
5,13978,6,1397888
5,17118,6,1711888
5,14028,6,1402888
5,17208,6,1720888
5,17578,6,1757888
5,14558,6,1455888
5,46788,6,4678888
5,46868,6,4686888
5,07470,6,07470226188
5,07713,6,07713341597
5,05898,6,0589835364
5,79807,6,7980704007
5,12269,6,12269728044
5,19111,6,19111962
5,15193,6,15193503790
5,21651,6,21651827170
5,97986,6,979869980039
5,60704,6,607045
5,03133,6,03133499610
5,60321,6,60321707002
5,92921,6,9292111141947
5,92830,6,9283008661234
5,55474,6,554748910
5,43649,6,43649000
5,05681,6,0568107316
5,12238,6,1223888
5,29608,6,2960888
5,23168,6,2316888
5,29848,6,2984888
5,29818,6,2981888
5,29958,6,2995888
5,29918,6,2991888
5,26398,6,2639888
5,30058,6,3005888
5,37998,6,3799888
5,41498,6,4149888
5,23338,6,2333888
5,29168,6,2916888
5,30168,6,3016888
5,41938,6,4193888
5,17878,6,1787888
5,30478,6,3047888
5,30448,6,3044888
5,38538,6,3853888
5,18728,6,1872888
5,18768,6,1876888
5,12678,6,1267888
5,12668,6,1266888
5,22978,6,2297888
5,23068,6,2306888
5,19128,6,1912888
5,19158,6,1915888
5,22748,6,2274888
5,19738,6,1973888
5,19488,6,1948888
5,32928,6,3292888
5,24308,6,2430888
5,82317,6,82317119415
5,18082,6,18082019
5,44278,6,44278444
5,65652,6,656522457
5,42948,6,42948333
5,61678,6,6167878770
5,45044,6,45044931
5,16412,6,16412844102
5,43079,6,43079301
5,52733,6,527333372
5,26278,6,2627856
5,56508,6,565081024
5,56231,6,562317041
5,31804,6,31804072018
5,60080,6,600800
5,12072,6,12072017
5,24072,6,24072017
5,31072,6,31072017
5,08082,6,08082017
5,03092,6,03092017
5,10092,6,10092017
5,11092,6,11092017
5,13092,6,13092017
5,16092,6,16092017
5,18092,6,18092017
5,58557,6,585572028
5,57768,6,5776840
5,05459,6,0545987383
5,22879,6,22879794172
5,34680,6,34680852208
5,91247,6,912478141
5,74114,6,74114747147
5,11429,6,1142961367
5,66056,6,660562927
5,61092,6,610921001
5,97006,6,9700627936
5,47085,6,47085586
5,22800,6,2280055
5,42336,6,42336400
5,42118,6,42118314
5,92856,6,928568413
5,48443,6,4844350
5,47597,6,4759777
5,54547,6,545472239
5,54981,6,549814415
5,53557,6,535577750
5,16023,6,16023847179
5,91838,6,9183831217
5,94477,6,944777369176
5,24924,6,2492499203329
5,54892,6,548922660
5,59042,6,590421000
5,16306,6,16306645447
5,08056,6,08056341060
5,19689,6,196892
5,30358,6,3035888
5,33258,6,3325888
5,25278,6,2527888
5,33408,6,3340888
5,20308,6,2030888
5,33468,6,3346888
5,13248,6,1324888
5,25518,6,2551888
5,33568,6,3356888
5,25668,6,2566888
5,20558,6,2055888
5,33728,6,3372888
5,13538,6,1353888
5,33988,6,3398888
5,25968,6,2596888
5,15898,6,1589888
5,26018,6,2601888
5,15958,6,1595888
5,34198,6,3419888
5,13698,6,1369888
5,21068,6,2106888
5,26208,6,2620888
5,13728,6,1372888
5,21158,6,2115888
5,16118,6,1611888
5,21208,6,2120888
5,16278,6,1627888
5,22260,6,2226077
5,33153,6,33153019490
5,19126,6,1912612630
5,04669,6,04669943
5,16929,6,16929143
5,16947,6,16947889
5,17664,6,17664396
5,17697,6,17697733
5,70079,6,70079039688832
5,27012,6,27012021
5,16032,6,16032021
5,66870,6,66870107010
5,66811,6,66811809519
5,01065,5,01065444462
5,79999,5,799991000
5,60968,5,6096888
5,88079,5,8807956
5,84231,5,84231004
5,65447,5,6544718
5,66166,5,6616699
5,52279,5,52279212
5,79943,5,7994336
5,56427,5,564276255
5,55530,5,5553010
5,33995,5,3399555
5,54773,5,5477353
5,46050,5,4605046
5,47408,5,4740802
5,78937,5,789375
5,47450,5,474500
5,35820,5,358200
5,65300,5,653001
5,20220,5,202201100
5,37666,5,376660327
5,64201,5,64201669
5,40730,5,40730000
5,65541,5,655411
5,04520,5,045200
5,15817,5,158170
5,36510,5,365100
5,71111,5,711115
5,78729,5,7872969094
5,65937,5,6593796337
5,17085,5,1708552880
5,04674,5,046744443
5,26833,5,268335504
5,69155,5,69155104
5,34537,5,34537504
5,39433,5,394334804
5,37908,5,37908404
5,33851,5,338515504
5,45909,5,4590902
5,71623,5,71623204
5,81460,5,81460403
5,64506,5,6450650050
5,96296,5,9629659967378
5,72724,5,7272417781
5,98231,5,982314456857
5,49421,5,494212442267
5,38338,5,383383
5,46315,5,4631517119
5,97424,5,97424696637
5,35141,5,3514179
5,06238,5,062383365
5,02224,5,022243653
5,22965,5,22965425
5,92492,5,92492760033
5,35493,5,35493605524
5,23487,5,2348771311
5,98321,5,983218261436
5,39027,5,390276008213
5,99945,5,9994502187676
5,98344,5,983443462732
5,04152,5,041520262
5,72684,5,7268401
5,12533,5,12533950624
5,29964,5,299644404
5,96606,5,966068428849
5,22473,5,224735204
5,18484,5,18484820786
5,80063,5,800637254
5,96144,5,9614402637
5,37515,5,375152722603
5,58850,5,5885070
5,96825,5,96825655909
5,91172,5,911722224141
5,20357,5,2035765492
5,98222,5,98222280696
5,71146,5,711463
5,41660,5,4166092285
5,98382,5,983825221330
5,19542,5,19542279046
5,03770,5,03770678639752
5,98220,5,9822016347
5,77279,5,7727921086
5,09682,5,096824568788
5,47094,5,47094479272
5,90232,5,902324651514
5,49787,5,497877559868
5,46313,5,46313308936
5,33149,5,33149090680
5,08961,5,089615970620
5,91119,5,9111912
5,91252,5,9125227075
5,98763,5,987632299
5,98987,5,98987632552
5,73952,5,73952703583
5,96684,5,9668417480
5,75630,5,75630219
5,01895,5,01895235023
5,49643,5,496431971889
5,35516,5,355161804
5,85577,5,855779204
5,41674,5,4167462786
5,07870,5,07870161224
5,37517,5,375172563803
5,96662,5,966626228596
5,33147,5,33147718508
5,77112,5,7711221555
5,99724,5,99724426
5,81014,5,8101494
5,83272,5,832722542906
5,02890,5,02890625261
5,09963,5,0996312595222
5,03873,5,038733218944
5,07862,5,07862711739
5,99312,5,99312604216
5,78434,5,78434253291
5,90528,5,9052812364
5,77117,5,77117775995
5,77294,5,7729479846
5,73919,5,73919418116
5,22989,5,22989970708
5,20225,5,20225918519
5,06645,5,066450557
5,98024,5,98024123801
5,09627,5,0962796473026
5,14846,5,148464500
5,07081,5,07081511
5,45632,5,4563212121
5,32979,5,329795804
5,20321,5,203212704
5,23501,5,235010107
5,63233,5,632335502
5,40213,5,40213317790
5,35258,5,352584004
5,29474,5,2947444
5,74555,5,745555504
5,81836,5,8183689616
5,02225,5,022251641
5,76609,5,766099903
5,98931,5,989316363563
5,35995,5,3599550
5,04879,5,048795228
5,09973,5,099733927679
5,34726,5,347260604
5,33599,5,335999004
5,64479,5,6447932
5,93202,5,93202201145
5,99198,5,991982304425
5,63499,5,634998002
5,16093,5,1609333
5,25587,5,25587726
5,35333,5,3533331
5,36029,5,360298104
5,81771,5,8177154120
5,96546,5,965461053
5,67222,5,6722219
5,97902,5,979025556610
5,79640,5,79640173533
5,56285,5,5628532
5,26291,5,2629166
5,98667,5,9866736107
5,14192,5,14192835390
5,53375,5,5337509
5,49897,5,498972017612
5,04972,5,04972007
5,97394,5,9739463646
5,04565,5,045657678
5,46945,5,4694541
5,81742,5,8174213145
5,37585,5,37585504
5,02299,5,022996767
5,06594,5,06594503999
5,88212,5,882129704
5,64217,5,6421730429
5,92155,5,92155816608
5,26747,5,2674797
5,22374,5,223740404
5,89665,5,8966505620717
5,67672,5,6767225
5,04189,5,041899063
5,91210,5,9121072547
5,17043,5,17043617771
5,21773,5,2177309
5,22750,5,227507004
5,87556,5,87556333
5,63274,5,63274004
5,17985,5,179859234629
5,91468,5,914682322716
5,16597,5,16597707922
5,21222,5,21222119983
5,21136,5,21136602
5,09820,5,09820219247
5,15736,5,15736782670
5,48208,5,4820854
5,97919,5,97919867931460
5,20411,5,2041111
5,70956,5,70956031064
5,98651,5,986512221177
5,22742,5,22742015
5,98227,5,9822742015
5,60192,5,60192800522
5,36396,5,363966804
5,44880,5,44880543347
5,88191,5,881915004
5,74258,5,742585943
5,99599,5,99599437733
5,96722,5,9672243116
5,27334,5,2733448
5,68015,5,6801515
5,39579,5,395793827
5,85402,5,85402904
5,04522,5,0452285285
5,04085,5,0408592988
5,04759,5,047599000
5,54878,5,5487876
5,20833,5,2083333
5,06268,5,062683808
5,96360,5,963606500
5,70172,5,7017200378
5,03783,5,037834356
5,29981,5,2998177
5,49432,5,49432114466
5,12844,5,12844946643
5,95209,5,952091
5,25626,5,25626304
5,85511,5,8551150
5,20433,5,204332204
5,47920,5,4792010063
5,91261,5,912612411244
5,36475,5,3647570
5,61140,5,6114070
5,97276,5,97276237
5,11091,5,11091982
5,12073,5,12073120003
5,10053,5,1005336359
5,99648,5,99648434
5,23579,5,235792
5,96166,5,9616600608
5,62259,5,62259604
5,34562,5,3456200
5,59550,5,595500
5,96220,5,962204805808
5,97829,5,97829230222
5,46505,5,46505065000
5,71465,5,7146505931
5,39008,5,3900800
5,28234,5,2823464
5,18017,5,18017552461
5,97436,5,9743609057
5,41681,5,4168165585
5,91576,5,9157616786
5,98860,5,9886087887
5,71327,5,7132709405
5,91497,5,914972711043
5,01415,5,01415761029
5,60426,5,6042611219
5,09653,5,09653716139
5,16364,5,16364583472
5,97422,5,9742220977
5,09704,5,097042351800
5,65849,5,6584999502
5,93220,5,93220750
5,63455,5,63455573
5,78201,5,782011
5,32837,5,328374360
5,69995,5,6999590
5,23220,5,232203297670
5,04789,5,047891078
5,07986,5,079861840
5,06571,5,06571010
5,66058,5,6605852
5,54667,5,5466778
5,39296,5,39296755034
5,65403,5,6540342
5,82435,5,82435442446
5,27163,5,27163492199
5,96570,5,9657003333
5,82325,5,82325482818
5,89141,5,89141875757
5,19399,5,1939963
5,82556,5,82556816974
5,82632,5,82632287527
5,20749,5,2074950377
5,91227,5,91227106677
5,82194,5,82194697669
5,49763,5,497633948367
5,82314,5,82314466823
5,17188,5,17188311918
5,82313,5,82313945757
5,17335,5,1733563703
5,95773,5,957735328
5,82257,5,8225761721
5,66324,5,6632442141
5,82117,5,82117403440
5,44936,5,44936343230
5,04652,5,04652187
5,66804,5,66804410944
5,09741,5,0974166227009
5,35740,5,35740006
5,98924,5,98924801848
5,35652,5,35652706
5,16249,5,1624964606
5,26534,5,2653433
5,99221,5,992216369891
5,25222,5,25222780626
5,35181,5,351814804
5,88151,5,8815115
5,42057,5,4205783
5,37404,5,374041704
5,26673,5,2667327
5,86506,5,8650693232
5,44209,5,442094499190
5,26285,5,262852304
5,42323,5,42323354070
5,39373,5,393730504
5,36257,5,362579004
5,31853,5,31853904
5,04467,5,044673400
5,09198,5,0919821574845
5,02678,5,026788565
5,20883,5,2088390709
5,36118,5,3611800
5,36140,5,3614041
5,53356,5,5335691
5,04876,5,048766117
5,74993,5,74993179671
5,33039,5,330390004
5,36707,5,3670777
5,33543,5,335432404
5,67730,5,677306302
5,77454,5,7745458050
5,03556,5,03556212
5,39751,5,397519004
5,30813,5,3081383
5,36385,5,363855904
5,06101,5,061015751
5,01352,5,01352672395
5,04794,5,047949560
5,36728,5,3672891
5,60129,5,60129897439
5,35107,5,351078904
5,39007,5,3900799
5,36343,5,363436404
5,39611,5,39611104
5,12547,5,12547732386
5,09603,5,09603323080
5,04468,5,044688110
5,28659,5,286596604
5,43076,5,4307623
5,21309,5,2130920
5,04805,5,048059770
5,91116,5,911165660000
5,04640,5,046403391
5,37123,5,37123404
5,59994,5,59994651944
5,02522,5,025221813
5,22235,5,222357604
5,76472,5,7647272
5,29979,5,2997970560
5,36070,5,360709904
5,65131,5,6513136050
5,19256,5,19256481398
5,21142,5,211425447442
5,22346,5,223463604
5,22739,5,227399604
5,97481,5,974817588
5,41128,5,4112857979
5,37525,5,37525878478
5,22677,5,2267711
5,36084,5,360842604
5,88778,5,88778804
5,04568,5,045683000
5,43073,5,4307355
5,39884,5,3988408
5,69540,5,6954034663
5,07266,5,072663860
5,02233,5,0223349760
5,35147,5,351477004
5,24915,5,249155140177
5,36988,5,369886304
5,46440,5,4644006
5,32237,5,3223732120
5,62164,5,621648402
5,62624,5,626246800
5,35205,5,3520555
5,27304,5,2730496
5,96334,5,9633420620
5,49721,5,497216288299
5,89044,5,89044907879
5,22533,5,2253313
5,25829,5,2582984
5,99121,5,99121505887
5,34913,5,34913270029
5,98102,5,9810287272
5,58244,5,5824485
5,83932,5,8393205
5,09215,5,09215899561
5,02603,5,026031000
5,07138,5,071384240
5,92234,5,92234943608
5,02599,5,025993685
5,02832,5,028327167
5,02607,5,026071789
5,06596,5,0659645691
5,92541,5,92541343305
5,96641,5,9664182692
5,02815,5,028157000
5,92447,5,924478886161
5,15163,5,15163126822
5,36082,5,360827104
5,01784,5,0178462744
5,44858,5,448586050
5,39672,5,396722704
5,31782,5,317826104
5,95640,5,9564012042
5,65650,5,6565059600
5,96584,5,965844855
5,20077,5,200777
5,84556,5,845562485
5,57559,5,57559213
5,93624,5,93624305
5,27426,5,274265665
5,28960,5,2896005
5,73588,5,735888707
5,12853,5,1285368701
5,68092,5,680924
5,10170,5,1017018845
5,12059,5,12059998
5,67081,5,670819833
5,22050,5,22050104
5,72992,5,729928890
5,19992,5,199920810
5,93118,5,931189296
5,22901,5,22901556
5,95053,5,950539131
5,35876,5,358764263
5,53438,5,534382289
5,91328,5,913281826
5,47459,5,474591185
5,40623,5,406238224
5,15897,5,1589767287
5,66145,5,66145426
5,28231,5,28231710
5,49438,5,4943854418710
5,39545,5,395455004
5,45383,5,453831
5,69181,5,691818
5,38555,5,385551440657
5,85030,5,850301
5,45173,5,45173204
5,32920,5,32920508
5,44720,5,44720004
5,62745,5,6274544050
5,29698,5,296989904
5,34215,5,342155504
5,44622,5,44622904
5,22491,5,224911104
5,82476,5,82476404
5,28018,5,2801814104
5,49461,5,49461904
5,33108,5,331089304
5,39341,5,393414104
5,34298,5,342989104
5,22937,5,229377
5,26960,5,269603004
5,49378,5,49378404
5,44039,5,44039904
5,44966,5,44966604
5,65920,5,6592065050
5,85570,5,855708
5,45023,5,4502399050
5,39788,5,397888104
5,64660,5,6466013050
5,49238,5,49238904
5,34959,5,349591504
5,44865,5,44865704
5,93415,5,934152504
5,34902,5,3490234
5,49751,5,49751104
5,34934,5,349348904
5,34208,5,342080804
5,26686,5,266868204
5,62507,5,6250752050
5,61588,5,61588104
5,49291,5,49291904
5,49765,5,49765104
5,21449,5,21449004
5,44364,5,44364704
5,34930,5,3493030304
5,49019,5,490198
5,49520,5,49520504
5,44570,5,44570004
5,49184,5,49184404
5,44407,5,44407404
5,66373,5,66373004
5,44448,5,444483904
5,49133,5,49133704
5,27291,5,272911104
5,38191,5,38191204
5,45923,5,45923604
5,33194,5,3319423
5,49734,5,49734704
5,31556,5,31556704
5,21447,5,21447804
5,34947,5,3494771
5,49477,5,49477104
5,51663,5,5166387050
5,37361,5,373611
5,45834,5,45834504
5,53310,5,533108
5,49414,5,49414104
5,39467,5,394672704
5,24750,5,24750904
5,45067,5,450671452358
5,21893,5,21893304
5,45165,5,45165104
5,31347,5,313477204
5,64559,5,6455939050
5,29502,5,295021804
5,45101,5,4510123050
5,15090,5,1509067462
5,35654,5,3565464
5,15040,5,1504075576
5,04587,5,045878745
5,49344,5,4934462
5,93446,5,9344627
5,23307,5,2330742
5,33142,5,3314295
5,04054,5,04054454545
5,56185,5,5618585
5,52452,5,5245251
5,34506,5,345062604
5,26328,5,263288704
5,23829,5,2382926
5,68120,5,681201002
5,28227,5,282272704
5,64498,5,6449884050
5,28706,5,287060604
5,03496,5,034966666
5,19366,5,19366342668
5,21629,5,216291904
5,04659,5,046594786
5,65807,5,6580777050
5,81351,5,813515704
5,70707,5,707070
5,40737,5,40737772626
5,28600,5,286003304
5,76725,5,767259603
5,24953,5,249530
5,22848,5,22848904
5,67677,5,6767767
5,10251,5,102513
5,97544,5,97544580994
5,95646,5,956469551
5,04662,5,0466262347
5,54751,5,5475153
5,39414,5,3941490
5,54797,5,5479794
5,26992,5,2699210
5,42124,5,4212423
5,68226,5,6822662
5,45473,5,4547337
5,54570,5,5457003
5,19779,5,197796
5,04460,5,044603749
5,78887,5,7888786
5,37589,5,37589204
5,67400,5,6740022
5,97503,5,97503660027
5,28847,5,288473404
5,12381,5,12381076
5,94555,5,9455508246
5,80808,5,808080
5,24373,5,2437381
5,48667,5,486671100974
5,66030,5,6603042
5,82215,5,82215211243
5,69533,5,69533604
5,74629,5,746291106
5,24001,5,24001104
5,29968,5,299683204
5,75875,5,7587589
5,91505,5,91505056653
5,08053,5,0805380803
5,54855,5,5485555
5,19951,5,19951885
5,65199,5,6519933050
5,20653,5,20653482286
5,27883,5,278832
5,66888,5,6688855
5,62204,5,6220443
5,34943,5,349437704
5,96643,5,96643218333
5,46528,5,46528099470
5,46503,5,46503659865
5,99031,5,990311
5,49703,5,497031274990
5,90549,5,905492503950
5,21332,5,21332501107150
5,27097,5,2709705
5,94748,5,9474834
5,44480,5,444800
5,15235,5,152357
5,29871,5,298714404
5,23028,5,230286
5,13213,5,132132
5,40343,5,403434452
5,15792,5,15792968
5,07223,5,072238639
5,96753,5,967538111813
5,13539,5,13539356102
5,47460,5,474607650
5,75715,5,757154100
5,47280,5,472801676
5,75653,5,756535225
5,31031,5,3103107
5,62336,5,6233648
5,19981,5,1998127
5,52816,5,5281689
5,47466,5,474665392
5,61680,5,6168027
5,98521,5,98521889886
5,56748,5,5674867
5,18046,5,180463
5,34482,5,34482604
5,19796,5,197961
5,66137,5,66137776
5,14184,5,14184468433
5,14806,5,14806502164
5,61779,5,6177933
5,05999,5,059999
5,19043,5,19043077336
5,20244,5,2024481025
5,12058,5,120580742
5,54603,5,5460312
5,05409,5,0540999969
5,99557,5,995577739936
5,36453,5,364537878
5,15335,5,15335581668
5,01811,5,01811970
5,78141,5,781411103
5,49501,5,495010
5,99361,5,99361416418
5,36685,5,36685204104
5,96732,5,9673228502
5,01159,5,01159507055
5,27128,5,27128044700
5,61089,5,610894018797
5,17276,5,17276782820
5,39731,5,3973131
5,45236,5,4523600900
5,14843,5,14843542516
5,04916,5,04916095030237
5,01112,5,01112322512899
5,49492,5,494924426892
5,48586,5,48586221262
5,07872,5,07872068865
5,01952,5,01952630086
5,35855,5,35855422550
5,49913,5,4991304349
5,90364,5,9036451941
5,07774,5,07774941782
5,27437,5,27437404786
5,99577,5,99577524444
5,61029,5,610298644555
5,45759,5,4575914799
5,01222,5,01222124811
5,07528,5,07528426691
5,19525,5,1952582315
5,98192,5,981921576119
5,34687,5,34687640601
5,74242,5,74242261534
5,61298,5,61298461444
5,45864,5,4586478444
5,79091,5,79091580955
5,14233,5,14233136612
5,91203,5,912030621863
5,98772,5,987723822292
5,41445,5,41445559671
5,41274,5,4127410212
5,07764,5,07764576034
5,79590,5,7959057800
5,51637,5,5163743344
5,21371,5,21371234363
5,22942,5,2294209185
5,75529,5,75529953296
5,06767,5,067671320
5,12402,5,12402154275
5,91377,5,91377086259
5,97092,5,97092681683
5,14072,5,14072263716
5,40508,5,405088
5,91217,5,9121759832
5,71439,5,7143906411
5,34391,5,3439119
5,02708,5,027082311
5,35356,5,353567751193
5,19245,5,1924500328
5,34965,5,34965329361
5,09252,5,0925211861
5,27216,5,27216339567
5,95687,5,956879450
5,79273,5,79273661005
5,19149,5,19149930005
5,98613,5,98613502595
5,20643,5,20643750011
5,85523,5,8552342799
5,60421,5,6042192259
5,02650,5,026507975
5,06266,5,062664458
5,06111,5,061111111
5,91161,5,911612451699
5,44769,5,447690170578
5,01524,5,01524380700
5,60279,5,6027903393
5,07541,5,07541823862
5,39883,5,39883345044
5,37422,5,374227774
5,37797,5,37797706085
5,78125,5,78125711929
5,45367,5,4536728089
5,33471,5,33471509435
5,99472,5,994724987260
5,66085,5,660857112630
5,61855,5,6185594597
5,21673,5,21673271985
5,16185,5,16185498308
5,16189,5,16189241874
5,24808,5,248083742
5,19497,5,19497680762
5,93702,5,9370240204
5,74824,5,7482435311
5,51483,5,5148356917
5,19812,5,19812004
5,67463,5,6746308
5,03785,5,037851952
5,18179,5,18179205988
5,98177,5,98177294757
5,54057,5,5405766835
5,98821,5,9882188820118
5,93361,5,933617805054
5,25272,5,252724347055
5,81736,5,8173669446
5,97426,5,9742664826
5,98717,5,987176293941
5,79586,5,7958614413
5,32523,5,32523103871
5,93355,5,93355839339
5,39679,5,39679900
5,98138,5,9813811914
5,90584,5,9058461234
5,18139,5,18139173425
5,46859,5,46859079252
5,98981,5,98981004085
5,39067,5,390672910317
5,78593,5,7859366866
5,97711,5,97711880
5,49403,5,4940362667
5,92642,5,92642684083
5,81335,5,81335118250
5,46864,5,46864854
5,96548,5,9654834492
5,49973,5,4997303868
5,19657,5,19657544678
5,44286,5,4428605769
5,45868,5,4586875710
5,81323,5,8132392524
5,96618,5,96618818163
5,98316,5,983162369
5,92583,5,925834854
5,89175,5,89175631243
5,08097,5,080976
5,83425,5,83425351709
5,73478,5,73478248260
5,97464,5,9746480607
5,25404,5,25404230966
5,79014,5,79014422097
5,07822,5,0782225557
5,16153,5,16153691367
5,04768,5,047680247
5,21845,5,218450
5,23498,5,23498734547
5,78906,5,78906213116
5,74965,5,74965763118
5,17027,5,17027320501
5,16182,5,16182496677
5,71452,5,7145272801
5,14106,5,14106723075
5,34925,5,34925410993
5,97065,5,97065730740
5,12122,5,12122453230
5,34976,5,34976234848
5,91444,5,914442695565
5,99837,5,9983712670902
5,99441,5,9944125104
5,79042,5,79042734945
5,81788,5,81788436170
5,39082,5,390823312644
5,91793,5,917930127070
5,49683,5,49683186849
5,13459,5,13459467603
5,81473,5,814733931122
5,81338,5,81338204123
5,73512,5,73512332110
5,39044,5,390445382145
5,39024,5,3902435237
5,34605,5,34605521496
5,39303,5,3930382317
5,81757,5,81757810371
5,33491,5,33491290909
5,37271,5,3727111696
5,49891,5,49891963326
5,39532,5,39532212200
5,03393,5,0339302510330
5,79144,5,79144779993
5,73022,5,73022323824
5,04464,5,044649807
5,97267,5,9726729994
5,96742,5,9674221039
5,45607,5,4560723711
5,35726,5,35726652978
5,39096,5,390965713056
5,44287,5,442871884618
5,11119,5,111191
5,96756,5,967569400091
5,58610,5,5861041
5,04639,5,046398784
5,96623,5,9662350193
5,40320,5,4032010075
5,31639,5,31639827836
5,32347,5,323475450834
5,96571,5,9657124379
5,01387,5,0138751791
5,03754,5,037546434
5,95150,5,951505561164
5,19631,5,19631972
5,35955,5,3595526
5,91466,5,91466045427
5,36731,5,367310004
5,47900,5,4790082280
5,91517,5,91517610435
5,16184,5,16184072130
5,21047,5,210473
5,23310,5,233108106
5,34385,5,3438550
5,60102,5,60102000
5,07201,5,072012068
5,24955,5,249555581959
5,37401,5,374013204
5,22627,5,226279604
5,03262,5,032622292
5,06155,5,061555489
5,04918,5,049180150
5,04817,5,048178411
5,28220,5,2822071
5,98650,5,986500094305
5,98697,5,9869702747
5,12071,5,120710
5,97354,5,973549694445
5,53282,5,5328205
5,45416,5,4541655666
5,62265,5,6226557050
5,24944,5,24944643164
5,88464,5,884642204
5,71851,5,718512623255
5,78512,5,78512623255
5,24921,5,249211955122171
5,51406,5,5140633
5,12633,5,12633829
5,39028,5,390281204
5,02559,5,025596021
5,04898,5,048987651
5,32603,5,3260333
5,88786,5,88786804
5,45198,5,451987531
5,02491,5,024918818
5,33934,5,3393408996
5,27547,5,27547946414
5,20253,5,2025380452
5,22083,5,22083704
5,14696,5,14696016885
5,59959,5,599590959
5,17407,5,17407060240
5,16263,5,16263897410
5,99369,5,99369122189
5,12148,5,12148868599
5,13290,5,1329020918
5,17865,5,17865438292
5,60422,5,604221102
5,71103,5,711030
5,96716,5,9671635544
5,97320,5,9732002
5,99350,5,993501
5,60167,5,60167849838
5,24985,5,24985314951
5,62886,5,6288616
5,35172,5,3517217022
5,28650,5,2865001
5,04065,5,0406593580
5,26523,5,265233204
5,04631,5,046318501
5,19085,5,19085026911
5,41006,5,4100655
5,22766,5,2276656
5,41263,5,41263213929
5,47755,5,4775555
5,13834,5,138344917
5,12225,5,122251
5,22455,5,224554
5,82004,5,8200422
5,22216,5,222165704
5,88224,5,882243906
5,22239,5,222393604
5,45891,5,458911
5,69316,5,69316204
5,45019,5,45019704
5,65266,5,6526640050
5,45602,5,45602304
5,45665,5,456656
5,45515,5,45515504
5,39856,5,398568604
5,36521,5,36521104
5,48017,5,48017404
5,45644,5,45644204
5,39849,5,398490604
5,39650,5,3965095
5,45990,5,45990604
5,20271,5,202715204
5,68604,5,68604003
5,45598,5,45598904
5,39870,5,398700404
5,32433,5,324333304
5,33447,5,334477704
5,40822,5,4082226
5,69205,5,692050002
5,53480,5,534808
5,97379,5,973790512
5,91591,5,915912478816
5,06481,5,064811637
5,22328,5,22328604
5,88718,5,8871802
5,41588,5,41588850054
5,98442,5,984422244876
5,99440,5,994402110997
5,27276,5,2727657
5,09891,5,0989121120855
5,20326,5,203268404
5,45206,5,4520699000
5,61292,5,61292828020
5,01912,5,01912739239
5,41447,5,41447876890
5,91264,5,912642256302
5,61948,5,6194850486
5,61861,5,61861613044
5,90578,5,9057821212
5,96224,5,96224024570
5,21335,5,213354811641
5,26822,5,2682286844
5,38260,5,38260404
5,35978,5,3597869
5,85103,5,85103204
5,39865,5,398655604
5,45786,5,457864
5,44516,5,44516704
5,39864,5,398644404
5,45132,5,45132204
5,38215,5,382158
5,45848,5,4584822050
5,45343,5,453436
5,64473,5,6447300050
5,45979,5,45979504
5,34373,5,343736504
5,35780,5,357800004
5,39553,5,395535504
5,33835,5,338352404
5,45980,5,45980604
5,53669,5,536699
5,36655,5,366555
5,26422,5,264226604
5,38309,5,38309304
5,22992,5,22992204
5,45011,5,45011304
5,54229,5,5422920050
5,65357,5,6535777050
5,92468,5,9246867
5,45040,5,450402
5,66073,5,660739440451
5,45335,5,453354
5,45384,5,4538472228297
5,65226,5,6522628050
5,45563,5,4556309050
5,45109,5,45109204
5,39816,5,398161404
5,92449,5,9244968
5,85488,5,85488504
5,45160,5,4516055050
5,35190,5,351900004
5,45032,5,45032204
5,29832,5,2983217504
5,39879,5,398797904
5,45089,5,45089404
5,45002,5,45002204
5,25417,5,254175204
5,43136,5,431361104
5,93948,5,93948870
5,45973,5,4597304
5,29849,5,298498804
5,45035,5,45035304
5,21731,5,21731402
5,45397,5,45397404
5,45812,5,4581234050
5,39887,5,398877304
5,45552,5,4555293
5,45241,5,45241404
5,64546,5,6454646050
5,46155,5,46155004
5,38484,5,38484604
5,45904,5,459041
5,45670,5,45670704
5,45078,5,45078304
5,45221,5,452210
5,45159,5,45159104
5,44842,5,44842404
5,38733,5,387336
5,39854,5,398544504
5,45028,5,45028704
5,26794,5,267947604
5,85165,5,85165504
5,34194,5,34194902
5,38184,5,38184504
5,45792,5,45792204
5,38543,5,38543004
5,65805,5,6580552050
5,62676,5,6267675050
5,38140,5,381403004
5,33639,5,3363948
5,65533,5,6553370050
5,65313,5,6531311
5,45068,5,450689
5,66686,5,6668604
5,38706,5,38706004
5,65147,5,6514765050
5,45185,5,4518500050
5,94449,5,9444969050
5,64454,5,6445440050
5,48230,5,48230104
5,29501,5,295013004
5,21236,5,21236083
5,68841,5,68841404
5,38440,5,38440004
5,38485,5,38485804
5,28204,5,282040104
5,47003,5,47003004
5,64408,5,6440807050
5,29722,5,297222204
5,65928,5,6592890050
5,45220,5,452202
5,82423,5,824232036
5,29498,5,2949888
5,04502,5,045023922
5,04846,5,04846116
5,34862,5,348625204
5,35587,5,355876604
5,40866,5,408666604
5,49707,5,4970733762
5,26282,5,2628222
5,96501,5,96501762694
5,04607,5,046071888
5,85884,5,85884404
5,04045,5,040454574
5,26735,5,267351204
5,06651,5,066512944
5,42085,5,42085725440
5,22291,5,2229131
5,04497,5,044971379
5,28603,5,286032304
5,57402,5,5740283046
5,61696,5,61696604
5,12620,5,1262088036
5,31015,5,310152128949
5,33803,5,3380332
5,04740,5,047406800
5,45271,5,452715750
5,04625,5,046251828
5,92530,5,92530032055
5,98241,5,982417288262
5,32429,5,3242996
5,31081,5,3108172
5,02577,5,025771110
5,96866,5,96866616655
5,79097,5,79097009636
5,22857,5,228577804
5,91233,5,912332312420
5,97395,5,97395141213
5,61487,5,61487204
5,60327,5,60327308854
5,79373,5,79373380007
5,79525,5,79525724295
5,79085,5,79085114968
5,96639,5,9663933212073
5,24099,5,2409918073622
5,60055,5,600556534600
5,17145,5,17145442151
5,81454,5,81454346149
5,39069,5,39069412852
5,69260,5,6926006
5,90051,5,9005177
5,33109,5,331099999
5,13486,5,1348601568
5,32995,5,329956217
5,78344,5,783443104
5,32670,5,326700
5,69327,5,69327604
5,28939,5,289393904
5,26236,5,262369504
5,22881,5,228811604
5,88577,5,88577404
5,62738,5,62738304
5,26996,5,269963304
5,26989,5,269897904
5,69897,5,69897704
5,63109,5,63109304
5,66195,5,66195704
5,66395,5,66395804
5,28549,5,2854900
5,85544,5,85544204
5,26369,5,263699604
5,20469,5,204693704
5,63363,5,633632
5,66027,5,66027604
5,71885,5,71885304
5,26857,5,2685706
5,26239,5,262398304
5,45771,5,4577155050
5,25645,5,2564586
5,62271,5,62271404
5,63454,5,63454104
5,66499,5,66499904
5,61172,5,6117242050
5,66479,5,66479404
5,69547,5,69547304
5,68077,5,68077204
5,04632,5,04632279
5,63227,5,63227904
5,26886,5,268862504
5,66328,5,66328704
5,88008,5,880088
5,62599,5,62599504
5,60349,5,6034980050
5,88717,5,88717304
5,29682,5,296822204
5,26204,5,262044004
5,39522,5,395228204
5,28619,5,2861999
5,62725,5,62725804
5,62355,5,62355304
5,62642,5,6264217050
5,62724,5,62724004
5,66111,5,66111704
5,28011,5,2801183
5,69619,5,69619404
5,66396,5,66396004
5,61501,5,61501404
5,62322,5,62322804
5,63338,5,63338804
5,26457,5,264577804
5,61350,5,61350504
5,29671,5,296718704
5,66408,5,66408404
5,68656,5,68656804
5,69853,5,6985350050
5,66517,5,66517004
5,28607,5,286077304
5,66205,5,66205504
5,26341,5,263413304
5,66631,5,66631502
5,66954,5,66954104
5,66695,5,66695804
5,49081,5,49081804
5,43182,5,431822004
5,69731,5,69731504
5,27188,5,271882804
5,62630,5,62630004
5,21155,5,21155404
5,37006,5,37006804
5,64588,5,6458848050
5,33107,5,331077704
5,34990,5,349900304
5,49524,5,49524604
5,69887,5,6988771050
5,44943,5,44943204
5,28929,5,289295004
5,44868,5,44868404
5,49689,5,49689004
5,34212,5,342128104
5,34429,5,344292204
5,34759,5,347599904
5,39460,5,394607904
5,33566,5,33566604
5,26855,5,268552504
5,44325,5,44325304
5,48018,5,48018804
5,85992,5,85992904
5,35609,5,35609304
5,64461,5,6446146050
5,44047,5,44047004
5,49954,5,499547
5,88771,5,88771304
5,35977,5,359777804
5,45171,5,45171704
5,49701,5,497011
5,45176,5,4517666050
5,21977,5,219774504
5,65135,5,6513547050
5,66063,5,66063904
5,69470,5,69470104
5,26281,5,262816104
5,04821,5,04821414
5,69165,5,69165604
5,65191,5,6519100050
5,69390,5,69390004
5,45366,5,4536633050
5,66148,5,66148604
5,66659,5,66659704
5,90090,5,9009000
5,28277,5,282774404
5,85890,5,85890004
5,97483,5,974832834
5,58737,5,5873730
5,35244,5,352442004
5,37660,5,37660504
5,34813,5,348134804
5,34792,5,347925404
5,44413,5,44413304
5,44262,5,44262904
5,38891,5,38891904
5,29581,5,295816104
5,65542,5,6554288050
5,38638,5,38638304
5,94943,5,94943958
5,45224,5,4522426050
5,72793,5,72793904
5,64464,5,6446467050
5,65788,5,6578874050
5,34734,5,347347104
5,65198,5,6519841050
5,31179,5,31179404
5,34735,5,3473533
5,62539,5,6253998
5,48624,5,4862445959
5,04645,5,046456665
5,04480,5,0448023686
5,02087,5,02087642290
5,65063,5,6506310
5,01919,5,0191942
5,54225,5,5422589
5,15914,5,1591449
5,70470,5,7047077
5,64956,5,6495606
5,66940,5,66940104
5,21214,5,2121491
5,22774,5,227744904
5,32185,5,321850004
5,32027,5,320276404
5,28319,5,2831928
5,04777,5,0477747353
5,34182,5,341827704
5,35363,5,353632104
5,61097,5,6109760538
5,21697,5,21697300000
5,01408,5,014082029976
5,98517,5,9851722050
5,78463,5,78463326123
5,73843,5,73843459470
5,57143,5,5714347349
5,03523,5,03523230
5,39711,5,3971122
5,06808,5,068080299
5,32229,5,3222955407
5,97982,5,979825345905
5,36802,5,3680202
5,92627,5,9262714440
5,49263,5,49263691269
5,78462,5,78462469333
5,46311,5,4631135141
5,32015,5,32015460753
5,72166,5,721666603
5,77053,5,77053339291
5,06288,5,062880190
5,22850,5,2285008
5,65288,5,6528899050
5,15093,5,15093782176
5,67260,5,672609302
5,29552,5,295520904
5,69281,5,692811223691
5,48286,5,4828687050
5,48766,5,487664
5,75085,5,75085472
5,99374,5,99374605
5,96675,5,96675442222
5,45817,5,4581716681
5,32275,5,3227596293
5,90565,5,9056531419
5,32114,5,32114853015
5,04476,5,044767665
5,45505,5,4550513135
5,45606,5,4560600765
5,96776,5,9677633111363
5,04545,5,045454542
5,91765,5,91765670884
5,91267,5,9126758404
5,37367,5,37367538270
5,33478,5,334786004
5,47563,5,4756323232
5,65066,5,6506605
5,23451,5,234514818720
5,51387,5,5138765
5,06794,5,0679433
5,94504,5,9450450
5,91199,5,9119991
5,78943,5,7894348617
5,13036,5,13036041385
5,19719,5,19719512731
5,35846,5,358468817921
5,79236,5,79236812019
5,61740,5,6174097
5,20352,5,2035272511
5,90717,5,9071738
5,70674,5,70674975373
5,44956,5,44956505912
5,77327,5,773272211429
5,17349,5,17349367028
5,77107,5,77107576788
5,73479,5,73479241900
5,15106,5,15106516870
5,91420,5,91420602686831
5,74862,5,74862543927
5,23026,5,2302658885
5,92104,5,9210490530
5,74822,5,74822494901
5,80575,5,8057547605
5,80230,5,8023020535
5,94216,5,94216816
5,39016,5,390161215333
5,31365,5,31365365747
5,01613,5,01613382765
5,09663,5,096638676054
5,93335,5,933356483468
5,78616,5,78616796033
5,99715,5,9971503300268
5,81906,5,819062328411
5,32377,5,3237760948
5,24950,5,249500024991
5,48948,5,4894898
5,54040,5,5404004
5,57643,5,5764306
5,24959,5,249599947220
5,34584,5,345846980
5,73237,5,73237389
5,88896,5,888968
5,42050,5,42050461001
5,64141,5,6414151050
5,45155,5,4515515050
5,32241,5,32241204
5,45180,5,45180004
5,45051,5,45051904
5,26383,5,263830304
5,66162,5,66162604
5,65446,5,65446504
5,65718,5,6571819050
5,64630,5,6463038050
5,73259,5,7325944299004
5,31481,5,31481904
5,35271,5,35271704
5,49408,5,49408004
5,62471,5,6247144050
5,49504,5,49504204
5,81503,5,815034050
5,92906,5,9290664
5,31665,5,31665904
5,33582,5,335828404
5,65478,5,6547874050
5,04484,5,04484664
5,33216,5,332161704
5,39735,5,397359904
5,80502,5,805025004
5,44806,5,44806606
5,49444,5,49444704
5,88485,5,88485104
5,68222,5,682222
5,38899,5,38899804
5,68193,5,681934
5,34372,5,343722104
5,44944,5,449448402
5,37284,5,37284604
5,32906,5,329066704
5,38743,5,38743904
5,39192,5,39192204
5,31586,5,315863
5,34016,5,340164304
5,34312,5,3431234
5,44693,5,44693604
5,22487,5,224875704
5,45446,5,454460
5,31691,5,31691104
5,48134,5,4813404
5,65528,5,6552899050
5,64486,5,6448663050
5,48260,5,48260504
5,65128,5,6512838050
5,38216,5,382160
5,42359,5,423597050
5,33301,5,333017104
5,63217,5,6321799050
5,91148,5,91148936
5,34763,5,347636604
5,34107,5,341079704
5,31991,5,319913
5,31100,5,31100704
5,32932,5,329329004
5,38037,5,38037904
5,62247,5,62247304
5,28559,5,285595504
5,28545,5,285455804
5,31794,5,31794604
5,34953,5,349534004
5,88579,5,88579804
5,61550,5,61550504
5,39483,5,394833004
5,44613,5,446131
5,35246,5,352460604
5,34349,5,3434914
5,65856,5,6585608050
5,38443,5,38443504
5,62531,5,6253199050
5,29739,5,297390904
5,76611,5,766119303
5,64741,5,6474121050
5,61841,5,618411602
5,38154,5,38154104
5,63161,5,631616302
5,62598,5,6259811050
5,60207,5,6020708050
5,38256,5,38256604
5,58203,5,582038
5,85801,5,85801004
5,64036,5,640364450340
5,29772,5,297729304
5,34359,5,343595504
5,31839,5,31839404
5,62485,5,6248580050
5,65346,5,6534650050
5,34305,5,3430543
5,64288,5,6428862050
5,34087,5,340875604
5,39443,5,394436304
5,31781,5,31781104
5,37002,5,37002604
5,48237,5,48237104
5,95100,5,9510079
5,38656,5,38656604
5,65876,5,6587623050
5,31244,5,31244704
5,65109,5,6510906
5,65033,5,6503335050
5,38182,5,38182304
5,43116,5,431165004
5,85394,5,85394704
5,39263,5,392636
5,62669,5,6266923050
5,34017,5,340171604
5,62554,5,6255484050
5,65484,5,6548489050
5,39529,5,395295204
5,35554,5,355546304
5,31177,5,31177204
5,68254,5,68254104
5,45103,5,4510303050
5,62441,5,6244101050
5,63127,5,6312713050
5,64526,5,6452692050
5,33854,5,338547104
5,79437,5,7943737050
5,31107,5,31107804
5,88343,5,883431004
5,34958,5,34958304
5,62897,5,62897704
5,67493,5,6749345050
5,69472,5,69472304
5,44369,5,44369904
5,38469,5,38469104
5,28815,5,288150004
5,49336,5,49336004
5,34009,5,340093404
5,20920,5,209200004
5,34223,5,342233404
5,33284,5,332844004
5,31527,5,31527204
5,44266,5,44266104
5,44066,5,44066304
5,34317,5,343174804
5,63309,5,6330930050
5,23652,5,236524907
5,33841,5,3384106
5,22821,5,228215104
5,33779,5,337795504
5,44434,5,444348402
5,20646,5,2064666604
5,33514,5,335141404
5,22257,5,222575504
5,45540,5,4554033050
5,20924,5,209242904
5,20640,5,206400204
5,28606,5,286065004
5,38438,5,384383440451
5,39566,5,395664404
5,88476,5,88476604
5,62413,5,6241335050
5,49045,5,49045104
5,38115,5,38115204
5,38791,5,387910
5,38747,5,38747504
5,38306,5,38306804
5,45286,5,4528697050
5,48049,5,48049204
5,38378,5,38378404
5,49708,5,49708104
5,38202,5,382029
5,33948,5,3394808
5,29483,5,294833304
5,52173,5,521739
5,31116,5,31116004
5,44306,5,44306804
5,84451,5,84451203
5,38418,5,38418604
5,37909,5,37909004
5,33653,5,336533504
5,26327,5,263270404
5,45858,5,4585887050
5,39493,5,394939304
5,38442,5,38442204
5,45057,5,45057004
5,49648,5,496486
5,49938,5,49938304
5,67890,5,678900002
5,38301,5,38301004
5,37102,5,37102206
5,39552,5,395522904
5,45129,5,45129004
5,49450,5,494505
5,45042,5,45042204
5,45431,5,45431304
5,91543,5,91543536
5,65527,5,6552797050
5,31342,5,31342604
5,49652,5,49652104
5,38218,5,38218204
5,35324,5,353245704
5,22757,5,22757304
5,38379,5,38379904
5,45121,5,4512165050
5,81250,5,812503050
5,74439,5,744392104
5,37147,5,37147704
5,33167,5,331674904
5,44437,5,44437304
5,48285,5,48285304
5,34055,5,3405545
5,26374,5,26374104
5,33872,5,3387252
5,31196,5,31196904
5,64664,5,6466426050
5,64478,5,6447828050
5,39530,5,395300004
5,39809,5,398097804
5,60634,5,606340002
5,32117,5,321179904
5,02333,5,023332856
5,69468,5,694686050
5,46011,5,46011204
5,33805,5,338052504
5,31806,5,31806104
5,65690,5,6569069050
5,34382,5,343824404
5,34039,5,340394904
5,45333,5,4533371050
5,66519,5,665196602
5,74381,5,743811706
5,74807,5,748074806
5,33732,5,337323304
5,65278,5,65278773050
5,74931,5,749318206
5,34006,5,340066504
5,31075,5,310757504
5,34871,5,348711004
5,45798,5,457984404
5,34206,5,342064504
5,21074,5,210746204
5,49111,5,491119047
5,33906,5,339060004
5,45582,5,4558281
5,39429,5,3942900
5,33191,5,331919304
5,33804,5,33804427
5,39897,5,3989799
5,29730,5,297305004
5,33912,5,339122204
5,34452,5,344520104
5,46119,5,4611992050
5,34732,5,347322304
5,39424,5,394248404
5,66744,5,667447402
5,26778,5,267781104
5,39790,5,397900504
5,20144,5,201442904
5,32133,5,3213362
5,26424,5,2642443
5,28916,5,289166104
5,88611,5,886117106
5,64330,5,6433014050
5,34067,5,340670004
5,34384,5,3438442
5,33297,5,332977804
5,59559,5,5955996050
5,35560,5,355604004
5,33928,5,339289704
5,26292,5,2629297
5,32147,5,321477704
5,33926,5,339269304
5,64510,5,6451004050
5,34793,5,347935504
5,34461,5,344616404
5,21254,5,212540704
5,76768,5,767682104
5,20293,5,202934904
5,33765,5,337656504
5,26728,5,267282304
5,34022,5,340223304
5,45837,5,4583711050
5,28965,5,289655804
5,31693,5,31693604
5,28810,5,288103604
5,25860,5,258606904
5,87749,5,877498702
5,36701,5,367013104
5,24244,5,24244404
5,34309,5,343092904
5,28066,5,280660404
5,40531,5,405313304
5,38376,5,38376004
5,60281,5,6028114050
5,44559,5,44559804
5,64598,5,64598204
5,48117,5,48117104
5,85078,5,85078004
5,30869,5,308691304
5,49393,5,49393904
5,59512,5,5951233050
5,65075,5,6507556050
5,87400,5,87400404
5,20206,5,202068004
5,69943,5,69943704
5,25812,5,258122304
5,15610,5,1561084841
5,63318,5,6331866050
5,36416,5,36416004
5,33903,5,339035504
5,44527,5,445273
5,29776,5,2977677
5,22702,5,227025504
5,26538,5,2653899
5,25712,5,257121504
5,65806,5,6580696050
5,33817,5,338171204
5,33915,5,339158804
5,32992,5,32992404
5,28004,5,280047304
5,39536,5,395366004
5,39416,5,394167604
5,65462,5,6546203050
5,80478,5,804780704
5,34874,5,348745704
5,38568,5,385684
5,38678,5,38678804
5,60625,5,606252104
5,25715,5,257155404
5,25415,5,254158104
5,28537,5,285378904
5,34296,5,342966604
5,21033,5,210333904
5,29755,5,297555404
5,34177,5,341772704
5,34492,5,344921904
5,33919,5,339198304
5,30437,5,304370204
5,32238,5,322382504
5,69890,5,6989090050
5,34745,5,347450304
5,85826,5,85826704
5,49286,5,49286904
5,45268,5,4526887050
5,65035,5,6503572
5,04605,5,046059100
5,97082,5,97082474920
5,78416,5,7841681997
5,91269,5,912692222455
5,90959,5,9095947883
5,02371,5,02371836406
5,11196,5,111966
5,21350,5,213501
5,68689,5,686894
5,65334,5,6533454050
5,26490,5,264900804
5,63299,5,63299123107
5,64064,5,6406404050
5,62468,5,62468604
5,70073,5,70073272
5,43575,5,43575057505
5,48150,5,48150104
5,44688,5,446882
5,96591,5,9659141679
5,06731,5,067310735
5,22280,5,2228071
5,92084,5,9208431460
5,33380,5,33380759003
5,02823,5,028233641
5,39374,5,393744576889
5,13097,5,13097217189
5,07926,5,079261000965
5,81755,5,81755811020
5,02605,5,026056277
5,97207,5,97207825145301
5,34861,5,348611604
5,33560,5,335606604
5,35972,5,359729704
5,34556,5,345568804
5,24222,5,24222404
5,48198,5,4819840050
5,33909,5,339090304
5,23623,5,236235707
5,44436,5,44436104
5,65706,5,6570666050
5,31194,5,31194604
5,33944,5,339443904
5,33913,5,339137704
5,44948,5,449486
5,65766,5,6576600050
5,31205,5,31205604
5,84515,5,84515104
5,35570,5,355705804
5,21362,5,21362417522
5,93070,5,930706337842
5,71329,5,7132987651
5,95699,5,95699685558
5,07908,5,07908643288
5,44490,5,444904148622
5,97557,5,97557522425
5,58247,5,582473431285
5,98582,5,9858216
5,39484,5,394846504
5,26708,5,267082004
5,64190,5,641900002
5,28029,5,280290004
5,21023,5,21023083
5,65070,5,6507020050
5,28001,5,280018704
5,45881,5,45881104
5,48191,5,48191104
5,33945,5,339455604
5,33839,5,338399004
5,88348,5,883483
5,49704,5,49704704
5,33930,5,3393060
5,09277,5,092773816
5,35348,5,353483404
5,44725,5,44725504
5,34768,5,347688104
5,74818,5,748184006
5,34348,5,3434841
5,28016,5,280168004
5,78355,5,783552703
5,34060,5,340603004
5,75150,5,751508503
5,33183,5,331831304
5,62621,5,626211502
5,60525,5,605252004
5,34321,5,343212504
5,48069,5,48069504
5,33241,5,332414804
5,33244,5,332449104
5,34894,5,348948704
5,66789,5,66789902
5,34145,5,341458804
5,34751,5,34751904
5,33921,5,339211904
5,62504,5,6250400050
5,34982,5,349822804
5,40260,5,402607104
5,45661,5,4566110050
5,29781,5,2978118
5,48133,5,48133204
5,38988,5,38988904
5,83813,5,8381333
5,19197,5,191970
5,34946,5,349469904
5,69427,5,69427704
5,37647,5,37647904
5,88569,5,88569904
5,42343,5,42343406
5,38425,5,38425704
5,39872,5,398723804
5,38193,5,38193204
5,39730,5,3973003
5,38236,5,38236804
5,39700,5,3970016
5,65778,5,6577833050
5,83033,5,830330287
5,46171,5,46171704
5,72978,5,72978904
5,88724,5,88724004
5,61651,5,61651304
5,39766,5,397665504
5,87055,5,87055004
5,24697,5,24697050
5,38203,5,38203504
5,71505,5,71505244354
5,07156,5,071566083959
5,04178,5,041787952237
5,63430,5,6343000
5,35700,5,3570001
5,74443,5,7444397
5,96230,5,9623002482120
5,20547,5,205471104
5,53167,5,5316705
5,34337,5,3433737
5,04952,5,049523450
5,34139,5,3413933
5,09433,5,094333892
5,20334,5,203343304
5,63255,5,632550002
5,69848,5,698489802
5,32055,5,3205523
5,28697,5,286978604
5,39110,5,391101504
5,35135,5,351350504
5,25723,5,257233104
5,06519,5,065193339
5,34047,5,340476404
5,36068,5,360686304
5,02623,5,02623666
5,04026,5,04026307
5,50839,5,5083941
5,60208,5,602088804
5,06650,5,066507494
5,99142,5,99142448027
5,12103,5,12103869958
5,91224,5,9122416342
5,33950,5,3395000
5,96112,5,9611209601
5,35261,5,3526183
5,70326,5,7032637800
5,21162,5,211622004
5,06177,5,061771781
5,02419,5,024199243
5,35245,5,352455504
5,04582,5,045828072
5,60054,5,6005444000
5,22142,5,22142338822
5,26487,5,264878904
5,60223,5,6022349597
5,32160,5,3216000
5,04023,5,04023142441
5,33545,5,3354545
5,06494,5,064940860
5,31035,5,3103505033
5,45182,5,4518230050
5,12126,5,12126432633
5,07666,5,076668780
5,02125,5,021257582728
5,04485,5,044855505
5,96295,5,96295927725
5,02507,5,025075000
5,25844,5,2584497
5,02166,5,0216636756
5,28696,5,2869617
5,09655,5,09655359038
5,04893,5,048938117
5,53231,5,532315142
5,31795,5,31795939126
5,79451,5,79451015893
5,28527,5,285272004
5,36831,5,368315904
5,32155,5,321556004
5,02767,5,0276785888
5,42075,5,420758904
5,36185,5,361855604
5,53561,5,5356103
5,25029,5,250297704
5,02811,5,028114787
5,70312,5,7031231
5,29551,5,295519804
5,31585,5,3158500
5,20951,5,209513004
5,04488,5,0448814074
5,18731,5,18731604
5,20619,5,206197104
5,04861,5,04861844
5,36477,5,3647777
5,32115,5,3211546
5,49572,5,4957209723
5,27233,5,272333304
5,04909,5,0490995727
5,49230,5,492305540558
5,47799,5,47799393000
5,65076,5,6507675050
5,04694,5,046949776
5,10905,5,109058951171
5,22295,5,22295704
5,22303,5,223038104
5,70785,5,707859204
5,26529,5,265299804
5,63163,5,63163404
5,29590,5,295900004
5,26860,5,268607004
5,22608,5,226086704
5,35558,5,3555808
5,45409,5,4540909
5,34395,5,343950604
5,28913,5,289136704
5,89223,5,89223704
5,89248,5,89248904
5,89215,5,89215104
5,89332,5,89332904
5,65599,5,6559952050
5,66050,5,66050304
5,37835,5,3783555
5,85273,5,85273104
5,26507,5,265076604
5,29721,5,297217904
5,26921,5,269218404
5,65294,5,6529433050
5,02856,5,028563608
5,23266,5,23266604
5,45652,5,45652660
5,42859,5,42859686
5,80035,5,800352
5,32376,5,32376604
5,38015,5,3801510
5,03846,5,03846424
5,03845,5,03845492
5,65188,5,6518886050
5,83269,5,8326996
5,60307,5,6030720050
5,60290,5,6029040050
5,45482,5,45482204
5,66773,5,66773804
5,26757,5,267575404
5,20459,5,204595904
5,69575,5,69575104
5,29665,5,296657504
5,21105,5,21105904
5,62246,5,62246004
5,82077,5,82077704
5,69593,5,69593704
5,69904,5,69904104
5,69429,5,69429504
5,29744,5,297444504
5,88452,5,8845255
5,66422,5,66422504
5,24548,5,24548004
5,20923,5,209235004
5,26476,5,264765404
5,23314,5,23314604
5,24540,5,24540004
5,29696,5,296961604
5,66185,5,66185404
5,62157,5,62157504
5,65551,5,6555155050
5,45444,5,4544462050
5,26937,5,2693712
5,26719,5,267192904
5,31444,5,314444404
5,66375,5,66375104
5,38595,5,38595804
5,48262,5,48262504
5,45796,5,45796804
5,35337,5,353374804
5,48061,5,48061604
5,62448,5,6244886050
5,44655,5,44655504
5,45347,5,45347104
5,34840,5,348400204
5,45844,5,45844004
5,39473,5,394731304
5,49288,5,49288904
5,62474,5,6247440050
5,65559,5,6555987050
5,31669,5,31669104
5,61188,5,6118811050
5,45116,5,45116004
5,38241,5,38241404
5,22768,5,227688104
5,38755,5,387550
5,31283,5,31283504
5,37650,5,37650904
5,60967,5,609670104
5,31443,5,31443204
5,66617,5,666179302
5,38219,5,38219404
5,48171,5,48171304
5,49001,5,49001004
5,44344,5,443441
5,42064,5,420640
5,39527,5,395272204
5,36879,5,36879304
5,48751,5,4875104
5,85462,5,85462204
5,49560,5,495606
5,34126,5,34126004
5,48219,5,48219404
5,31855,5,31855504
5,44083,5,44083604
5,34931,5,349312304
5,63686,5,636868302
5,82126,5,82126004
5,48016,5,48016904
5,65217,5,6521742050
5,38439,5,384390
5,34591,5,345911204
5,37005,5,37005604
5,31038,5,310383
5,31264,5,31264904
5,31588,5,31588504
5,34809,5,348096204
5,48081,5,48081804
5,38228,5,38228804
5,62622,5,6262262050
5,38274,5,38274204
5,45691,5,45691604
5,49754,5,49754504
5,38711,5,38711204
5,34826,5,348266604
5,34571,5,345717204
5,65437,5,6543718050
5,34989,5,349898204
5,45393,5,45393504
5,45039,5,45039404
5,44552,5,44552204
5,31632,5,31632304
5,44926,5,44926304
5,95104,5,9510440
5,30509,5,305090
5,22662,5,226627304
5,31341,5,313410104
5,66931,5,66931204
5,65730,5,6573031050
5,28835,5,288359904
5,85995,5,85995204
5,27107,5,271071304
5,85655,5,85655804
5,28252,5,28252204
5,45106,5,4510666050
5,62391,5,62391804
5,28542,5,285423204
5,60612,5,606127804
5,28014,5,280145004
5,26932,5,269321404
5,26993,5,269938304
5,26684,5,266848404
5,62538,5,6253835050
5,62126,5,621269502
5,61562,5,61562404
5,85206,5,8520692222675
5,26317,5,263178004
5,69245,5,69245304
5,68704,5,687045
5,62397,5,62397704
5,61293,5,61293904
5,61303,5,61303304
5,28942,5,289422504
5,27336,5,273366704
5,27193,5,271938204
5,68232,5,68232304
5,85653,5,85653404
5,37311,5,37311104
5,66344,5,66344304
5,88307,5,88307804
5,85008,5,850087304
5,85868,5,85868004
5,85876,5,85876704
5,63146,5,63146504
5,63033,5,63033304
5,66628,5,66628104
5,65777,5,6577750050
5,45149,5,45149704
5,08321,5,08321808
5,22685,5,226859204
5,66210,5,66210504
5,83265,5,832656504
5,70122,5,701222105828
5,41912,5,41912885089
5,40297,5,402970004
5,35366,5,3536699
5,92593,5,92593025367
5,16303,5,16303064451
5,86503,5,86503854996
5,11485,5,114850536
5,58836,5,5883634
5,10196,5,101969
5,40879,5,408794591
5,81961,5,819614062
5,77002,5,7700202
5,54720,5,5472002
5,11930,5,119301549
5,10214,5,1021486152
5,04514,5,045149394
5,56593,5,565937974
5,92100,5,92100424
5,16909,5,169090
5,69292,5,69292404
5,64581,5,6458169050
5,64620,5,64620304
5,26122,5,2612240
5,88710,5,88710704
5,69428,5,69428104
5,64415,5,6441524050
5,64674,5,64674804
5,85929,5,85929404
5,27294,5,272946204
5,66442,5,664428
5,85901,5,85901304
5,69210,5,69210604
5,28456,5,284568804
5,62512,5,6251293050
5,64490,5,644902204
5,65166,5,6516611050
5,28999,5,289993804
5,85007,5,85007804
5,85168,5,85168904
5,28560,5,285601304
5,66778,5,66778904
5,06583,5,06583420
5,69386,5,69386804
5,69945,5,69945504
5,62626,5,62626904
5,87460,5,87460704
5,43855,5,43855904
5,68717,5,68717104
5,69855,5,69855604
5,29708,5,297088004
5,62770,5,62770804
5,68145,5,681451204
5,63057,5,63057104
5,63329,5,6332996050
5,64761,5,6476110050
5,26837,5,268372704
5,60273,5,602737302
5,64682,5,6468222050
5,68682,5,6868222050
5,69703,5,69703404
5,68255,5,68255204
5,62207,5,622071
5,62058,5,62058604
5,26244,5,262440004
5,64644,5,64644304
5,88344,5,88344504
5,88765,5,88765504
5,61239,5,61239204
5,61393,5,6139300050
5,26967,5,269672604
5,26637,5,266372904
5,88371,5,88371904
5,20615,5,206151104
5,63517,5,63517104
5,45468,5,45468804
5,85943,5,85943804
5,69707,5,69707704
5,69511,5,6951142050
5,30277,5,302779904
5,85414,5,85414104
5,68228,5,68228704
5,63010,5,63010004
5,26900,5,269009604
5,63232,5,6323212050
5,88671,5,88671304
5,86114,5,86114804
5,85932,5,859324
5,69263,5,69263904
5,85708,5,85708504
5,69939,5,699399
5,33832,5,338323804
5,60344,5,6034492050
5,61529,5,61529604
5,24387,5,24387606
5,88551,5,885518204
5,68258,5,682587
5,69142,5,69142904
5,45903,5,4590384050
5,62511,5,6251153050
5,45375,5,4537551050
5,63312,5,63312204
5,33457,5,334577604
5,69013,5,690139731200
5,69838,5,69838804
5,45134,5,4513459050
5,69431,5,69431604
5,85100,5,85100704
5,88789,5,88789904
5,87432,5,87432204
5,64627,5,64627704
5,65365,5,6536553050
5,69506,5,69506904
5,65269,5,6526969050
5,69581,5,69581504
5,85508,5,85508804
5,65153,5,6515350050
5,69367,5,69367704
5,64994,5,6499488050
5,25134,5,25134004
5,28862,5,288625904
5,61399,5,61399404
5,65156,5,6515655050
5,25826,5,258268804
5,65435,5,6543501050
5,88621,5,88621504
5,69417,5,69417204
5,61250,5,61250304
5,66835,5,66835804
5,61249,5,61249304
5,64241,5,64241604
5,26486,5,264864204
5,87405,5,87405004
5,48600,5,4860007050
5,72803,5,72803304
5,38547,5,38547106
5,69036,5,69036904
5,23777,5,23777404
5,61106,5,61106404
5,66573,5,66573504
5,45280,5,4528087050
5,64647,5,64647004
5,04856,5,04856062
5,26906,5,269060904
5,61615,5,6161564050
5,44946,5,44946204
5,29565,5,295655604
5,65409,5,6540901050
5,68838,5,68838204
5,71993,5,71993904
5,27147,5,271477704
5,29704,5,297044904
5,94940,5,94940551
5,63268,5,63268104
5,65176,5,6517655050
5,28153,5,28153504
5,45699,5,4569909050
5,63157,5,63157004
5,92475,5,9247599
5,39112,5,39112904
5,66678,5,666781102
5,22139,5,22139304
5,53354,5,533545
5,26904,5,269049904
5,85453,5,854535859294
5,66296,5,66296004
5,61216,5,6121661050
5,92506,5,9250644
5,67058,5,67058504
5,65479,5,6547999050
5,26862,5,268623204
5,89220,5,89220404
5,28009,5,280092204
5,66476,5,66476704
5,64606,5,6460669050
5,26562,5,265620604
5,26356,5,2635666
5,27645,5,27645404
5,29572,5,295722204
5,85950,5,85950104
5,64396,5,64396104
5,26866,5,268665404
5,69001,5,69001204
5,26234,5,262345804
5,26115,5,261155504
5,61526,5,61526004
5,66203,5,66203504
5,81908,5,819084050
5,64576,5,6457635050
5,22787,5,227877704
5,26939,5,2693900
5,26302,5,263029204
5,63256,5,63256504
5,88429,5,88429804
5,66016,5,66016504
5,85907,5,85907004
5,27195,5,271954404
5,22609,5,226097704
5,69364,5,69364904
5,66424,5,66424104
5,66277,5,66277404
5,64224,5,64224404
5,85444,5,85444504
5,88482,5,88482404
5,26631,5,266316604
5,88705,5,88705204
5,28762,5,287626204
5,88443,5,88443704
5,69373,5,69373004
5,62696,5,62696604
5,61679,5,61679504
5,26223,5,26223004
5,69517,5,69517904
5,63462,5,634621
5,66961,5,66961004
5,29778,5,297787704
5,85835,5,85835304
5,63315,5,633154
5,45364,5,453643
5,62298,5,622987
5,69166,5,69166604
5,63481,5,63481704
5,66934,5,66934704
5,66537,5,66537904
5,69455,5,69455704
5,63235,5,63235604
5,85533,5,85533304
5,85522,5,85522204
5,85091,5,85091104
5,85726,5,85726804
5,26885,5,268858704
5,88322,5,88322504
5,28557,5,285579504
5,32800,5,3280010
5,66019,5,66019204
5,63038,5,63038904
5,62232,5,62232604
5,21273,5,21273038
5,62196,5,62196404
5,61539,5,61539904
5,28785,5,287856804
5,88764,5,88764404
5,38500,5,38500706
5,85978,5,85978904
5,69286,5,69286704
5,28860,5,288607304
5,68556,5,685564604
5,69917,5,69917404
5,28598,5,285986604
5,61228,5,61228704
5,85214,5,85214304
5,42051,5,42051804
5,85738,5,85738804
5,87408,5,87408804
5,42889,5,42889806
5,61535,5,61535904
5,62117,5,62117604
5,61217,5,61217604
5,25332,5,25332004
5,45543,5,4554343050
5,61236,5,61236104
5,69107,5,69107404
5,69699,5,69699304
5,63241,5,63241004
5,64180,5,64180504
5,85977,5,85977804
5,88395,5,88395704
5,26161,5,261615404
5,63149,5,63149404
5,77204,5,77204204
5,88374,5,88374304
5,62689,5,62689204
5,62726,5,62726504
5,21456,5,21456704
5,26966,5,269666604
5,92656,5,9265666
5,66956,5,66956704
5,26545,5,265454404
5,22657,5,226570804
5,85661,5,85661404
5,88636,5,88636604
5,61287,5,61287504
5,87404,5,87404404
5,66670,5,66670004
5,69290,5,69290904
5,61336,5,61336804
5,66462,5,66462204
5,63335,5,63335004
5,69990,5,69990804
5,81533,5,815333050
5,60698,5,606987604
5,85419,5,85419404
5,64611,5,6461129050
5,71571,5,71571304
5,66304,5,66304504
5,69776,5,69776604
5,88502,5,88502004
5,26973,5,269733704
5,26854,5,268545404
5,85925,5,85925704
5,28941,5,289416304
5,22367,5,2236751
5,29451,5,294511104
5,26903,5,269037204
5,81887,5,818873304
5,26229,5,262292304
5,27227,5,272273704
5,49966,5,49966204
5,26704,5,2670470
5,63069,5,63069304
5,28813,5,288133904
5,22123,5,221237104
5,76713,5,767133003
5,36740,5,367403504
5,35507,5,355077004
5,04248,5,042481444
5,33488,5,3348884
5,21172,5,211726204
5,26863,5,268632204
5,66618,5,66618504
5,88403,5,88403304
5,88309,5,88309004
5,42728,5,427281204
5,26851,5,26851304
5,62143,5,621433302
5,88324,5,88324404
5,22114,5,2211456704
5,85115,5,85115504
5,27952,5,2795222020433
5,65374,5,6537447050
5,62525,5,6252520050
5,88774,5,88774404
5,65620,5,6562000050
5,69099,5,690992212999
5,85213,5,85213304
5,62638,5,62638704
5,45215,5,4521587050
5,26207,5,262075604
5,82462,5,82462306
5,69469,5,69469004
5,66110,5,66110904
5,88515,5,88515404
5,65440,5,6544010050
5,85174,5,85174904
5,69565,5,69565004
5,66355,5,663556
5,66515,5,66515104
5,61459,5,61459604
5,28187,5,28187304
5,64645,5,64645804
5,85782,5,85782004
5,62235,5,62235204
5,62378,5,62378804
5,62994,5,62994204
5,49420,5,49420004
5,67625,5,6762555050
5,49570,5,49570704
5,85730,5,85730004
5,66336,5,66336504
5,28872,5,288727604
5,63159,5,63159104
5,62297,5,6229790050
5,85842,5,85842704
5,69801,5,69801804
5,24533,5,2453344
5,60295,5,6029555050
5,69447,5,69447204
5,62211,5,62211204
5,63369,5,63369304
5,65107,5,6510799050
5,85587,5,85587304
5,04633,5,04633852
5,04792,5,047921313
5,68359,5,68359204
5,85849,5,85849104
5,22811,5,22811104
5,66069,5,66069904
5,28770,5,2877080
5,66561,5,66561004
5,22782,5,227821204
5,73215,5,73215106
5,85599,5,85599404
5,28759,5,287595904
5,64155,5,64155004
5,20623,5,206238804
5,63447,5,63447304
5,26713,5,267132404
5,62568,5,6256816050
5,26858,5,268585704
5,45157,5,4515776050
5,38201,5,38201704
5,65051,5,650511104
5,85029,5,85029204
5,85046,5,85046604
5,66829,5,66829004
5,37034,5,37034804
5,63022,5,63022204
5,63048,5,630485
5,88772,5,88772404
5,63266,5,63266204
5,63474,5,63474704
5,85658,5,85658004
5,26978,5,269788704
5,61053,5,61053104
5,45282,5,4528200050
5,66490,5,66490304
5,65161,5,6516158050
5,63393,5,63393304
5,69641,5,69641404
5,82613,5,82613806
5,85944,5,85944904
5,26680,5,266804404
5,68123,5,68123404
5,65244,5,6524426050
5,51517,5,515171
5,68555,5,68555704
5,64222,5,64222004
5,28752,5,287520204
5,85311,5,85311204
5,85924,5,85924304
5,85037,5,85037004
5,85994,5,85994404
5,26799,5,2679994
5,65043,5,6504336050
5,85474,5,85474404
5,63353,5,63353304
5,61572,5,61572604
5,69854,5,698541
5,62161,5,62161404
5,85176,5,85176304
5,64149,5,64149304
5,69357,5,693577
5,37039,5,370390332105
5,85043,5,85043004
5,28605,5,2860534
5,85696,5,85696004
5,69507,5,69507804
5,61518,5,615187
5,61122,5,61122904
5,64551,5,6455155050
5,85395,5,85395904
5,63165,5,63165504
5,66048,5,66048004
5,85872,5,85872604
5,61674,5,61674904
5,85773,5,85773504
5,64638,5,64638804
5,66596,5,66596704
5,85181,5,85181904
5,89289,5,89289104
5,69024,5,69024004
5,62283,5,622835
5,85421,5,85421204
5,66032,5,66032304
5,69279,5,69279404
5,85851,5,85851404
5,65250,5,6525080050
5,66109,5,66109004
5,61116,5,61116904
5,62335,5,62335604
5,88423,5,88423304
5,26294,5,262944404
5,26286,5,262869204
5,62127,5,62127304
5,69996,5,69996604
5,62228,5,62228504
5,61609,5,61609204
5,85101,5,85101104
5,64419,5,64419704
5,85704,5,85704504
5,61220,5,61220304
5,38921,5,38921204
5,72887,5,72887804
5,22981,5,22981206
5,69382,5,69382004
5,85692,5,85692404
5,63383,5,63383204
5,44349,5,44349604
5,66700,5,66700304
5,85942,5,85942304
5,64562,5,6456262050
5,66168,5,66168604
5,64113,5,64113404
5,28859,5,288592204
5,85050,5,85050304
5,34586,5,345866004
5,40616,5,406160004
5,65390,5,6539009050
5,26340,5,263400604
5,68730,5,6873000
5,66302,5,66302304
5,22157,5,22157104
5,64568,5,6456889050
5,28873,5,288738104
5,85789,5,85789504
5,69461,5,69461204
5,85854,5,85854804
5,38457,5,38457104
5,67191,5,67191506
5,27747,5,27747604
5,62564,5,6256451050
5,27375,5,27375404
5,64686,5,64686804
5,28419,5,28419604
5,22375,5,2237555
5,28713,5,287136404
5,79355,5,793553050
5,22275,5,222751004
5,22709,5,227090004
5,03703,5,037039999
5,23342,5,23342404
5,22384,5,223849704
5,22441,5,224418
5,24311,5,24311104
5,83941,5,8394138
5,28914,5,289148804
5,28512,5,285129804
5,27207,5,272077504
5,62956,5,62956904
5,69331,5,69331104
5,43255,5,43255504
5,23610,5,23610104
5,62111,5,6211168050
5,51864,5,5186489050
5,35544,5,35544406
5,64353,5,64353504
5,35678,5,3567878
5,39780,5,397800004
5,27327,5,273273304
5,61323,5,6132324050
5,45143,5,4514340050
5,85352,5,85352304
5,22171,5,221712404
5,33272,5,33272807
5,66914,5,669144
5,27134,5,271344704
5,74224,5,742248806
5,26109,5,261094004
5,85483,5,85483604
5,78299,5,782996803
5,66644,5,66644904
5,85582,5,85582504
5,27522,5,27522504
5,22645,5,226452804
5,69586,5,69586304
5,71322,5,71322504
5,66368,5,66368404
5,88777,5,88777804
5,26156,5,261566804
5,26634,5,2663430
5,69202,5,69202004
5,28898,5,28898504
5,71471,5,71471504
5,45238,5,4523815050
5,29786,5,297865504
5,37447,5,37447304
5,27106,5,271066404
5,65249,5,6524984050
5,22144,5,221443
5,28556,5,285560004
5,73535,5,735352506
5,33355,5,333559304
5,39868,5,398684604
5,27643,5,27643404
5,62604,5,62604004
5,65123,5,6512369050
5,27292,5,272923404
5,74221,5,742212306
5,44060,5,440604
5,83213,5,832131804
5,26242,5,262423504
5,38716,5,38716004
5,76771,5,767717703
5,44446,5,44446104
5,38624,5,386248
5,38217,5,38217204
5,38732,5,387321
5,38535,5,38535004
5,38327,5,38327904
5,82212,5,822122
5,38127,5,381278387494
5,38226,5,38226504
5,38321,5,38321104
5,26407,5,264073204
5,38482,5,38482504
5,38596,5,38596204
5,38307,5,38307604
5,38222,5,38222004
5,38267,5,38267904
5,38296,5,38296304
5,60272,5,6027206050
5,38208,5,38208304
5,64536,5,645364050
5,38920,5,389202
5,38214,5,38214404
5,38746,5,38746304
5,38247,5,38247904
5,65247,5,6524736050
5,31214,5,31214504
5,38392,5,38392204
5,60377,5,6037722050
5,64173,5,64173804
5,69800,5,69800804
5,69148,5,69148504
5,60609,5,6060904
5,04653,5,046533770
5,22338,5,223388804
5,22245,5,2224550
5,25869,5,258693004
5,66653,5,666533702
5,27302,5,27302204
5,26732,5,267329904
5,93940,5,93940939
5,84999,5,8499959050
5,36117,5,36117404
5,26726,5,267263004
5,65284,5,6528446050
5,26146,5,261464904
5,26358,5,263587704
5,85864,5,85864704
5,69448,5,69448304
5,69287,5,69287804
5,29519,5,295191904
5,63463,5,63463704
5,26945,5,269456304
5,24889,5,24889804
5,62432,5,6243224050
5,82188,5,82188104
5,72337,5,72337303
5,38650,5,38650006
5,68551,5,685511623393
5,26164,5,261641904
5,61234,5,61234004
5,61257,5,61257404
5,23306,5,23306304
5,63374,5,633744
5,65091,5,6509133050
5,61357,5,61357704
5,61269,5,61269204
5,69465,5,69465304
5,61230,5,61230204
5,69282,5,69282704
5,69992,5,69992804
5,76115,5,761155
5,22716,5,22716104
5,69542,5,69542704
5,88336,5,88336204
5,61227,5,61227104
5,61212,5,61212504
5,63076,5,63076604
5,61356,5,6135657272
5,64368,5,6436869402
5,61384,5,61384904
5,66243,5,66243004
5,64322,5,64322404
5,64105,5,64105104
5,65385,5,6538575050
5,63167,5,63167404
5,64121,5,64121004
5,26811,5,268118204
5,64573,5,64573604
5,64107,5,64107304
5,22305,5,223050
5,62256,5,62256004
5,63246,5,63246304
5,61341,5,61341504
5,64629,5,64629604
5,28154,5,28154504
5,64139,5,64139004
5,34469,5,344697504
5,52160,5,5216036050
5,64103,5,64103304
5,64328,5,64328604
5,87611,5,876116
5,64394,5,64394504
5,26331,5,263313804
5,28616,5,286168704
5,49261,5,49261704
5,61618,5,61618204
5,26402,5,264024104
5,64371,5,64371804
5,66221,5,66221504
5,64614,5,6461424050
5,62981,5,62981804
5,64539,5,64539304
5,25435,5,254355504
5,69118,5,69118104
5,64651,5,64651304
5,78286,5,782869303
5,26199,5,261994604
5,22203,5,2220332
5,69882,5,69882204
5,64617,5,64617804
5,64354,5,64354004
5,64390,5,64390604
5,63000,5,63000704
5,61238,5,61238804
5,41422,5,41422204
5,85211,5,85211404
5,68558,5,685588404
5,92430,5,9243051
5,25445,5,254456604
5,65115,5,6511512050
5,64117,5,64117704
5,74343,5,743433306
5,61282,5,61282604
5,61185,5,61185604
5,61553,5,61553704
5,64162,5,641624
5,61644,5,61644004
5,61364,5,61364304
5,28864,5,288640004
5,65596,5,6559669050
5,36115,5,36115704
5,63115,5,63115704
5,35761,5,35761604
5,63190,5,63190404
5,61274,5,612743
5,64483,5,64483404
5,63132,5,6313213050
5,85458,5,85458804
5,61283,5,61283804
5,61290,5,61290504
5,85853,5,85853904
5,69618,5,69618604
5,64343,5,64343804
5,64309,5,64309004
5,61692,5,61692904
5,64382,5,64382904
5,64655,5,64655904
5,26162,5,261620204
5,25432,5,254325504
5,26345,5,263452304
5,85331,5,85331404
5,85963,5,85963104
5,63341,5,63341504
5,64467,5,64467604
5,25436,5,254363404
5,62273,5,62273304
5,64110,5,64110804
5,61648,5,61648504
5,64429,5,64429404
5,64303,5,64303304
5,04643,5,04643259
5,64202,5,64202704
5,66037,5,66037104
5,28622,5,28622606
5,60960,5,6096046
5,92439,5,9243975
5,66783,5,66783204
5,87033,5,87033404
5,26665,5,266651204
5,28570,5,285704304
5,26297,5,262973104
5,62414,5,6241410050
5,28842,5,288424304
5,57433,5,5743393050
5,26406,5,264066404
5,65239,5,6523904050
5,37053,5,37053804
5,69525,5,69525204
5,64432,5,6443223050
5,48986,5,48986704
5,92479,5,9247921
5,41444,5,41444402
5,26289,5,262890004
5,46065,5,460657
5,45181,5,4518153050
5,44445,5,44445104
5,38136,5,381362
5,64176,5,6417612050
5,69509,5,69509204
5,21122,5,21122215
5,25244,5,25244604
5,42293,5,42293506
5,68411,5,68411404
5,22683,5,226831504
5,94951,5,94951910
5,33900,5,339000004
5,62516,5,6251625050
5,85922,5,85922304
5,33304,5,333044904
5,85499,5,8549902014054
5,85055,5,85055304
5,62226,5,62226804
5,65453,5,6545377050
5,69075,5,69075704
5,85359,5,85359004
5,28563,5,285638704
5,28546,5,285462604
5,85424,5,85424704
5,28623,5,286233504
5,26769,5,267698904
5,85880,5,85880404
5,45680,5,4568085050
5,04564,5,045647064
5,85539,5,85539104
5,28639,5,286397904
5,85521,5,85521104
5,28961,5,289616904
5,62497,5,6249737050
5,28601,5,286014104
5,85762,5,85762504
5,62132,5,6213210050
5,61121,5,6112141050
5,85518,5,85518004
5,44438,5,44438004
5,85484,5,85484004
5,62544,5,6254449050
5,85649,5,85649204
5,28000,5,280004904
5,85519,5,85519804
5,85804,5,85804604
5,85188,5,85188204
5,85644,5,85644304
5,28637,5,286371704
5,85633,5,85633104
5,85159,5,85159704
5,89474,5,89474104
5,28947,5,2894741
5,85195,5,85195104
5,85739,5,85739004
5,60610,5,6061048
5,30302,5,303021704
5,85327,5,85327704
5,26279,5,262799704
5,28994,5,289941404
5,85408,5,85408504
5,85342,5,853428851422
5,62163,5,62163204
5,85086,5,85086204
5,68881,5,68881504
5,32436,5,324366604
5,38326,5,38326004
5,62651,5,6265128050
5,45245,5,4524555050
5,69464,5,6946496050
5,28022,5,280227704
5,65223,5,6522388050
5,85183,5,85183004
5,85178,5,85178704
5,78774,5,7877466050
5,85700,5,85700604
5,85502,5,85502804
5,85857,5,85857604
5,68449,5,68449904
5,85993,5,85993704
5,29636,5,296366604
5,49888,5,4988884050
5,26881,5,26881104
5,85631,5,85631704
5,45717,5,4571717050
5,21585,5,21585304
5,85881,5,85881804
5,85838,5,85838204
5,85911,5,85911904
5,64607,5,6460730050
5,28531,5,285313104
5,77166,5,771666
5,66467,5,66467304
5,45441,5,4544119050
5,85451,5,85451804
5,49405,5,49405904
5,85908,5,85908804
5,63154,5,6315446050
5,76432,5,764320003
5,54436,5,54436443
5,27724,5,27724215960
5,34353,5,3435300
5,39759,5,397592404
5,42687,5,4268738
5,80643,5,8064310
5,29883,5,298836804
5,29441,5,2944142
5,35286,5,352861604
5,39797,5,3979765
5,33419,5,3341977
5,28266,5,2826652604
5,42108,5,4210865
5,35184,5,351840604
5,36382,5,363829704
5,34046,5,340464404
5,45014,5,4501427
5,33931,5,339310
5,65657,5,6565706120
5,44472,5,4447228
5,03955,5,039556237
5,94114,5,94114411831
5,28241,5,2824144
5,29712,5,297121204
5,04102,5,04102440
5,62971,5,6297198
5,46666,5,4666669
5,01619,5,01619038331
5,82568,5,825685786
5,65069,5,6506960400
5,54713,5,5471337
5,04980,5,049802689
5,36152,5,361527404
5,02954,5,029542022
5,33530,5,335303304
5,22688,5,2268851
5,33708,5,3370811
5,27122,5,2712210
5,49613,5,496136761538
5,91221,5,9122172464
5,77601,5,7760171088
5,17195,5,17195388422
5,37172,5,3717241319
5,91228,5,91228407468
5,98392,5,983928820233
5,19544,5,19544457357
5,98331,5,983316681922
5,98142,5,98142274471
5,91711,5,917112283432
5,96790,5,967901215768
5,20886,5,2088616460
5,91260,5,9126053608
5,98632,5,986324210107
5,91263,5,9126364919
5,34675,5,34675895201
5,44819,5,448199902
5,81035,5,8103550
5,41232,5,4123233
5,02244,5,0224472542
5,97442,5,97442940201
5,04636,5,046368555
5,35863,5,35863275782
5,35862,5,35862322402
5,97435,5,9743594999
5,48604,5,48604443083
5,19282,5,19282872244
5,36730,5,367304004
5,97373,5,9737333339
5,39936,5,399363604
5,80512,5,805125804
5,28879,5,288794904
5,36891,5,368918104
5,95482,5,9548212378
5,04471,5,04471804
5,32917,5,329170704
5,76889,5,768899503
5,45392,5,4539252560
5,73725,5,737253389488
5,81561,5,8156172221
5,49561,5,495619591617
5,72619,5,72619484
5,77004,5,77004246307
5,46855,5,46855225519
5,48552,5,4855245325
5,96248,5,9624812564
5,40850,5,4085059758
5,45391,5,4539180780
5,73522,5,73522472686
5,70374,5,7037430916
5,12143,5,12143891981
5,81871,5,8187101488
5,62666,5,626662602
5,66041,5,66041704
5,38578,5,38578904
5,22262,5,222622204
5,39626,5,396262804
5,85960,5,85960804
5,62406,5,6240611050
5,33953,5,339533504
5,33295,5,332952204
5,32990,5,32990504
5,31153,5,31153404
5,49609,5,496091
5,62577,5,6257730050
5,31885,5,31885504
5,65008,5,6500806050
5,73130,5,73130403
5,31284,5,31284604
5,66722,5,667220
5,35233,5,352330
5,33925,5,339254104
5,48988,5,48988204
5,27314,5,273144904
5,31289,5,31289404
5,48130,5,48130604
5,81815,5,81815604
5,38101,5,38101604
5,31937,5,31937804
5,31899,5,31899504
5,45477,5,4547737050
5,31564,5,31564604
5,31134,5,31134104
5,31057,5,31057104
5,36450,5,36450404
5,73137,5,73137403
5,31692,5,31692304
5,31575,5,31575704
5,44917,5,44917504
5,45504,5,45504404
5,49365,5,49365204
5,34290,5,342903004
5,26396,5,2639664
5,37583,5,37583104
5,31429,5,314291
5,03071,5,03071994
5,64593,5,6459359050
5,49669,5,496696
5,66595,5,66595204
5,49955,5,49955904
5,45942,5,45942604
5,34467,5,344676704
5,49279,5,49279404
5,49626,5,496262
5,37475,5,37475904
5,31856,5,31856304
5,37142,5,37142704
5,34387,5,343878804
5,31886,5,31886304
5,45855,5,45855704
5,39689,5,396899804
5,88536,5,88536604
5,34497,5,344974504
5,34939,5,349395104
5,39459,5,394599904
5,26494,5,2649469
5,71700,5,717004550
5,76654,5,766544906
5,44422,5,44422904
5,27129,5,27129106
5,45216,5,4521691050
5,58188,5,5818882
5,03388,5,0338856071
5,25349,5,25349204
5,35317,5,353177704
5,69122,5,69122004
5,45576,5,45576204
5,27990,5,27990204
5,28214,5,282141404
5,38448,5,38448106
5,35154,5,351545404
5,26299,5,26299604
5,22452,5,22452604
5,53511,5,535117535107
5,35522,5,355224904
5,38199,5,38199904
5,40980,5,40980604
5,38477,5,384772
5,38444,5,38444004
5,85799,5,85799204
5,33834,5,338341804
5,44610,5,446101402
5,44732,5,44732404
5,49260,5,49260904
5,48163,5,48163104
5,38407,5,38407004
5,65192,5,6519221050
5,38172,5,38172804
5,34754,5,347544204
5,44345,5,44345204
5,64406,5,6440642
5,45987,5,459872
5,65998,5,6599876050
5,44986,5,449867
5,45729,5,45729504
5,49070,5,49070204
5,48737,5,48737904
5,69317,5,693170202
5,88372,5,883725904
5,82647,5,82647504
5,04125,5,04125487
5,88720,5,887200204
5,39785,5,397853004
5,37110,5,371108
5,88159,5,881591304
5,29400,5,294004104
5,07922,5,079220869
5,36892,5,368926604
5,80696,5,806960104
5,88161,5,881611704
5,63820,5,638201704
5,88082,5,880821710208
5,33104,5,3310444
5,60154,5,601540004
5,33812,5,338121204
5,36387,5,363873304
5,29639,5,296392004
5,34758,5,347587804
5,28245,5,2824555
5,36252,5,362526104
5,80835,5,808350004
5,68183,5,681831302
5,36820,5,368206804
5,93772,5,93772001818
5,26711,5,2671122
5,21218,5,212180604
5,39747,5,397477704
5,36052,5,360520104
5,07424,5,074241116
5,42909,5,4290904
5,33710,5,3371074
5,02668,5,026686666
5,66647,5,666472704
5,80432,5,804328704
5,88319,5,883192204
5,33741,5,337413002
5,80940,5,809400204
5,33580,5,3358000
5,39949,5,3994949
5,36749,5,367491704
5,33105,5,331056704
5,20867,5,208676904
5,44877,5,448777904
5,33254,5,332549704
5,36268,5,362689304
5,42079,5,420796104
5,63603,5,6360370
5,35996,5,359966304
5,42341,5,4234111704
5,14813,5,14813506
5,36830,5,368306204
5,66503,5,665035004
5,80958,5,809580104
5,62252,5,6225225
5,63289,5,6328980856
5,36051,5,3605191
5,36881,5,36881004
5,36198,5,361980004
5,44850,5,448500115585
5,39613,5,3961375704
5,34542,5,345422804
5,36825,5,3682588
5,28251,5,2825100
5,36021,5,360212504
5,36071,5,360712504
5,75432,5,754326703
5,31675,5,316758004
5,57227,5,5722772
5,80645,5,806456704
5,33234,5,3323466
5,35722,5,35722353690
5,26319,5,263191304
5,48153,5,481539
5,46711,5,467117155267
5,23290,5,232900904
5,26802,5,2680223
5,88352,5,883523504
5,34397,5,343977704
5,42047,5,420476304
5,04022,5,0402281800
5,48282,5,48282604
5,67601,5,676013702
5,60498,5,6049886746
5,20773,5,207735304
5,26414,5,2641484
5,98822,5,988220240
5,39630,5,396300104
5,06118,5,061181856
5,04080,5,0408045050
5,66531,5,665319102
5,02584,5,025842518
5,42751,5,427511204
5,70101,5,701017556059
5,22815,5,228151004
5,88174,5,881743204
5,36154,5,361549504
5,88711,5,887118704
5,35134,5,351342504
5,02907,5,029077777
5,32263,5,322639804
5,88366,5,883666904
5,32180,5,321800904
5,33703,5,337038004
5,35549,5,355493304
5,44305,5,443050702
5,21496,5,214962004
5,39014,5,3901419
5,02542,5,025423505
5,88167,5,881671004
5,88146,5,881468104
5,39928,5,399284604
5,35353,5,353537704
5,35961,5,359618804
5,20770,5,2077068146
5,21587,5,21587504
5,36354,5,363545504
5,02073,5,02073513296
5,04124,5,041245441
5,88113,5,881135204
5,04249,5,042496300
5,04116,5,041166220
5,02691,5,026917200
5,39955,5,399554404
5,32581,5,325811104
5,95936,5,9593666198
5,34733,5,3473325
5,35174,5,3517444
5,04816,5,048169667
5,04954,5,049543504
5,06633,5,066339167
5,26401,5,264012304
5,36368,5,363684604
5,74237,5,742372906
5,44681,5,446816945
5,04983,5,049839812
5,67612,5,676121202
5,39582,5,395825144
5,04247,5,042472129
5,07966,5,07966213379
5,42701,5,427011404
5,03906,5,0390636307699
5,26163,5,261635604
5,45949,5,45949304
5,71842,5,7184233216
5,01966,5,0196660774
5,29982,5,299828204
5,06507,5,065073500
5,16313,5,16313747467
5,02565,5,025651922
5,36888,5,3688808
5,06417,5,06417040
5,91122,5,9112267202
5,40338,5,403389862
5,71503,5,715035
5,30242,5,302427104
5,21331,5,213319377808
5,91500,5,91500064899
5,21304,5,213043204
5,04127,5,041271209
5,07808,5,07808294706
5,07703,5,07703737770
5,78732,5,78732264111
5,02088,5,02088511869
5,09224,5,092244100
5,11324,5,113241559
5,92376,5,9237639188
5,33485,5,334858504
5,04024,5,040244286
5,26725,5,2672560
5,14172,5,14172941
5,40224,5,402241482270
5,46370,5,4637017423
5,61564,5,615646
5,74578,5,7457858918
5,62480,5,6248056
5,01734,5,0173450602
5,01732,5,01732450602
5,37950,5,379500
5,73276,5,7327671600
5,44713,5,4471387320
5,69293,5,692934
5,60690,5,606902102
5,91794,5,917940200000
5,02872,5,028721575
5,22809,5,228091604
5,02380,5,02380266099
5,79584,5,7958475696
5,09615,5,09615531717
5,73292,5,73292519865
5,41762,5,41762286304
5,03900,5,03900820
5,43145,5,431455204
5,39635,5,3963546
5,92431,5,92431866308
5,99321,5,993212876465
5,34700,5,347003504
5,58040,5,5804025
5,49024,5,49024218030
5,98880,5,9888076823
5,71117,5,7111787
5,43936,5,4393644
5,04244,5,0424467777
5,04774,5,047749821
5,04959,5,0495952044
5,49912,5,4991298
5,58261,5,582619693
5,13053,5,13053898756
5,79044,5,79044672240
5,65101,5,6510120493
5,66879,5,66879988878
5,65170,5,6517011702
5,66229,5,66229411545
5,66212,5,66212954901
5,66228,5,66228528967
5,65102,5,6510210299
5,20291,4,2029179812
5,77090,4,77090440
5,77487,4,77487538
5,70397,4,70397268
5,81806,4,818067386031
5,32566,4,32566634243
5,55476,4,55476813
5,94314,4,9431466544
5,53263,4,5326341938
5,97472,4,974722330331
5,28030,4,2803043
5,66138,4,66138822233112
5,71919,4,71919810529775
5,13444,4,1344441
5,63280,4,6328000651
5,60134,4,60134107066
5,12392,4,12392097507
5,91416,4,914166656760
5,15872,4,15872841278
5,79322,4,7932253189
5,79736,4,7973661232
5,٠٧٩٩٤,4,٠٧٩٩٤٣٩٠٨٨
5,97259,4,972598014391
5,88007,4,8800763564
5,27726,4,27726991840
5,64733,4,6473310684
5,41667,4,4166708351
5,80568,4,8056885347
5,99495,4,9949507657
5,76567,4,7656764333
5,96032,4,9603257318
5,95534,4,9553428989
5,70134,4,7013477512
5,99635,4,9963532280
5,77991,4,7799148148
5,58264,4,582649135
5,55136,4,551361272
5,99124,4,9912451201
5,99218,4,992186837
5,81796,4,8179687288
5,96766,4,9676666629
5,81210,4,8121077778
5,73867,4,7386703690
5,91107,4,9110734189
5,98668,4,9866882822
5,89777,4,8977744244
5,82474,4,8247459001
5,99481,4,9948137358
5,96037,4,9603712644
5,95424,4,9542450902
5,76749,4,7674944037
5,90520,4,9052003562
5,86399,4,8639915697
5,80196,4,8019638438
5,99482,4,9948288895
5,41650,4,4165005723
5,77428,4,7742814212
5,27062,4,270627783218
5,07999,4,0799999346
5,92543,4,92543462564
5,78524,4,7852464297
5,78489,4,7848939433
5,94761,4,94761997900
5,34622,4,34622262855
5,51201,4,512017
5,84201,4,8420196887
5,91709,4,917095377799
5,78423,4,7842354171
5,80334,4,8033488865
5,80378,4,8037869472
5,74480,4,7448070968
5,56995,4,569952933
5,80366,4,8036649581
5,80684,4,8068470449
5,90131,4,9013156864
5,80274,4,8027483727
5,56340,4,563400093
5,59178,4,59178986286
5,31709,4,317098
5,04146,4,0414611508
5,05219,4,0521944440
5,06284,4,0628424462
5,05351,4,0535133035
5,05965,4,0596588003
5,05469,4,0546967010
5,06167,4,0616764359
5,08205,4,0820573826
5,05886,4,0588673207
5,04048,4,0404804421
5,06340,4,0634052394
5,18760,4,18760543551550
5,07799,4,077999996
5,28060,4,2806095
5,91405,4,91405750
5,74521,4,745219
5,47891,4,478915
5,77833,4,7783337
5,84733,4,847332
5,28884,4,288844
5,65485,4,6548531
5,60022,4,6002236
5,85619,4,8561966
5,64712,4,6471231
5,81225,4,8122597
5,53660,4,536605
5,57629,4,5762900
5,21460,4,2146062
5,31070,4,3107050
5,88183,4,8818378
5,21353,4,2135300
5,11540,4,1154007
5,82070,4,820705
5,57796,4,57796666
5,46151,4,4615100
5,54511,4,5451120
5,31449,4,314498
5,10554,4,1055404
5,31040,4,3104032
5,20722,4,2072243
5,53742,4,5374266
5,64160,4,6416069
5,80355,4,803555
5,89911,4,8991111
5,98884,4,9888444
5,36566,4,3656616
5,56098,4,5609876
5,44906,4,4490642
5,56096,4,5609608
5,93476,4,9347695984
5,62176,4,6217689
5,99509,4,9950989
5,54736,4,5473648
5,60798,4,6079864
5,23046,4,2304680
5,01804,4,01804179
5,31388,4,3138836
5,97995,4,979959
5,07432,4,074321
5,77100,4,7710016
5,97956,4,979560530
5,99983,4,9998356
5,44460,4,4446080
5,47106,4,4710606
5,20254,4,2025458
5,67678,4,6767808
5,75872,4,7587227
5,76068,4,760680
5,45178,4,4517855
5,97476,4,97476210
5,88918,4,8891888
5,07018,4,070184
5,27751,4,2775192
5,33351,4,3335109
5,28654,4,2865450
5,54893,4,5489313
5,97345,4,9734526867
5,32325,4,3232599977
5,48144,4,4814405
5,75459,4,7545922
5,13595,4,1359564
5,72193,4,7219306
5,69037,4,69037773
5,90809,4,9080901
5,68899,4,6889966
5,95139,4,9513949
5,43227,4,4322700
5,73799,4,7379906
5,80852,4,8085222
5,60068,4,6006855
5,26759,4,2675986
5,67947,4,6794715
5,63555,4,6355542
5,59844,4,5984411
5,45688,4,4568858
5,68870,4,6887021
5,16602,4,1660240
5,72838,4,7283897
5,95657,4,9565789
5,10652,4,1065212
5,83045,4,8304555
5,71075,4,7107568
5,65227,4,6522747
5,52505,4,5250514
5,36649,4,3664924
5,61937,4,6193777
5,61887,4,6188788
5,19976,4,1997672
5,21855,4,2185586
5,11257,4,1125787
5,79982,4,7998276
5,62606,4,6260606
5,89202,4,8920214
5,39934,4,3993498
5,63633,4,6363323
5,28313,4,2831341
5,65291,4,6529170
5,65233,4,6523332
5,75697,4,7569756
5,77037,4,7703706
5,58248,4,5824804
5,21344,4,2134466
5,66886,4,6688678
5,45581,4,4558145
5,75680,4,7568047
5,58456,4,5845683
5,82670,4,8267070
5,75040,4,7504045
5,73623,4,7362306
5,10696,4,1069610
5,45755,4,4575505
5,14553,4,1455386
5,88062,4,8806285
5,48460,4,4846000
5,59031,4,5903171
5,12854,4,1285494
5,62348,4,6234898
5,14910,4,1491099
5,68136,4,6813684
5,92296,4,9229635
5,46779,4,4677950
5,95683,4,9568302
5,62402,4,6240226
5,14555,4,1455536
5,64613,4,6461373
5,94557,4,9455733
5,10407,4,1040726
5,22411,4,2241106
5,51860,4,5186027
5,91051,4,9105115
5,47947,4,4794792
5,38989,4,3898999
5,18287,4,1828744
5,61909,4,6190999
5,54905,4,5490567
5,78688,4,7868881
5,14135,4,1413582
5,99274,4,9927442
5,48469,4,4846979
5,65504,4,6550434
5,10909,4,1090992
5,17482,4,1748273
5,81376,4,8137674
5,31749,4,3174970
5,87307,4,8730709
5,74229,4,7422948
5,62919,4,6291985
5,84308,4,8430838
5,25989,4,259892111
5,69557,4,6955750
5,14614,4,1461461
5,59819,4,5981900
5,77170,4,7717078
5,10104,4,1010410
5,54205,4,5420536
5,62774,4,6277402
5,73880,4,7388065
5,24010,4,2401081
5,39568,4,3956821
5,10048,4,1004809
5,67159,4,6715903
5,19965,4,1996565
5,62848,4,6284869
5,15929,4,1592999
5,05454,4,05454754
5,03377,4,0337722
5,66444,4,66444464
5,62282,4,6228201
5,82767,4,8276705
5,01309,4,013097
5,71616,4,71616088
5,43579,4,4357969
5,74422,4,7442276
5,41149,4,411499
5,99079,4,99079229
5,61580,4,6158066
5,90002,4,9000207
5,83888,4,8388881
5,31097,4,3109779
5,11107,4,1110785
5,73072,4,7307251
5,25381,4,2538190
5,62227,4,6222746
5,05935,4,05935552
5,94174,4,9417446
5,88085,4,88085184
5,46279,4,4627905
5,36614,4,3661492
5,56662,4,5666225
5,46655,4,466551
5,55486,4,5548673
5,21546,4,2154622
5,92136,4,9213624
5,25794,4,2579491
5,43612,4,4361278
5,51020,4,5102030
5,99110,4,991100
5,48588,4,485889
5,79444,4,7944477
5,87576,4,875769
5,61577,4,6157782
5,88889,4,8888964
5,65958,4,659582
5,33022,4,3302244
5,67775,4,6777555
5,90233,4,9023347
5,56583,4,5658301
5,70521,4,7052195
5,62663,4,6266388
5,56078,4,5607804
5,77967,4,779676
5,39786,4,3978676
5,12305,4,1230530
5,18886,4,1888602
5,57102,4,5710295
5,35236,4,352367
5,98767,4,9876755
5,89838,4,898384
5,78020,4,780203
5,56034,4,5603481
5,58029,4,5802996
5,56036,4,5603639
5,28272,4,282729
5,36044,4,3604444
5,22199,4,22199987
5,80807,4,8080750
5,54828,4,5482874
5,54647,4,5464791
5,62702,4,6270270
5,60643,4,6064327
5,01023,4,01023304
5,88631,4,8863140
5,84039,4,8403935
5,93875,4,9387543
5,56428,4,5642842
5,99619,4,9961986
5,45841,4,4584138
5,21253,4,2125307
5,86093,4,8609377
5,45743,4,4574364
5,83868,4,838682
5,68700,4,6870034
5,85832,4,8583268
5,74707,4,747076
5,90246,4,902463326
5,76287,4,7628720
5,45423,4,4542321
5,84416,4,8441621
5,47646,4,4764632
5,34261,4,34261375
5,08421,4,08421000
5,81197,4,8119750
5,40458,4,4045807
5,08355,4,0835577124
5,88180,4,8818000
5,94606,4,9460601
5,48456,4,4845662
5,73280,4,7328010
5,81822,4,8182222
5,87543,4,8754321
5,38665,4,3866565
5,81206,4,8120631124
5,85674,4,8567452
5,10133,4,1013391
5,91139,4,9113918
5,63384,4,6338444
5,75581,4,7558173
5,95022,4,9502237
5,72172,4,7217272
5,59036,4,5903665
5,66663,4,6666397
5,87809,4,8780933
5,99177,4,9917710
5,46919,4,4691991
5,71996,4,7199605
5,66713,4,6671350
5,37777,4,3777703
5,66236,4,6623606
5,62888,4,6288888
5,54571,4,5457100
5,76715,4,7671518
5,65106,4,6510625
5,66977,4,66977423
5,63450,4,6345090
5,19677,4,19677770
5,36266,4,36266004
5,76874,4,7687466
5,42331,4,4233110
5,46320,4,46320231
5,73343,4,733437
5,22810,4,22810840
5,65419,4,6541938
5,56572,4,5657265
5,77494,4,7749459
5,48886,4,4888617
5,79706,4,7970656329
5,60720,4,6072065
5,68750,4,6875043
5,65380,4,6538009
5,96943,4,9694383
5,69305,4,6930504
5,40999,4,409999
5,90254,4,9025423
5,45354,4,4535461
5,18548,4,1854883
5,61388,4,6138879
5,48157,4,4815713
5,49536,4,4953607
5,60950,4,6095074
5,44551,4,4455167
5,30932,4,30932599
5,20595,4,2059538
5,44557,4,4455766
5,91246,4,9124647
5,49252,4,4925252
5,89995,4,899959
5,39640,4,3964024
5,89821,4,898219
5,83658,4,836586
5,83777,4,8377700
5,61502,4,6150205
5,30933,4,3093331
5,72405,4,7240561
5,99108,4,9910812
5,60372,4,603721
5,92671,4,9267196
5,92278,4,9227815
5,54505,4,5450557
5,36656,4,3665649
5,93092,4,9309221
5,11336,4,1133604
5,79146,4,7914684
5,40206,4,4020640
5,93261,4,9326166
5,60651,4,6065120
5,21393,4,2139398
5,61694,4,616947
5,23405,4,234059
5,73627,4,7362785
5,95698,4,9569866
5,67857,4,6785771
5,55040,4,5504000
5,24262,4,2426200
5,54909,4,5490958
5,96049,4,9604980
5,48666,4,4866614
5,92459,4,9245983
5,54405,4,5440585
5,45682,4,4568251
5,50077,4,5007772
5,59916,4,5991695
5,61661,4,6166169
5,87431,4,8743114
5,11260,4,1126051
5,93780,4,9378031
5,62803,4,628039
5,47573,4,4757358
5,30560,4,305600
5,19844,4,19844237
5,61737,4,6173738
5,28132,4,2813213
5,46213,4,4621372
5,41869,4,4186960
5,54546,4,545463
5,54124,4,5412405
5,90108,4,901088312
5,18424,4,18424874
5,56513,4,5651344
5,54977,4,549779
5,46616,4,4661619
5,89964,4,8996468
5,68430,4,6843095
5,46971,4,4697121
5,60220,4,6022075
5,58149,4,5814924
5,44166,4,4416666
5,84634,4,8463462
5,89209,4,8920984359
5,82020,4,8202093
5,21484,4,2148417
5,92742,4,9274295
5,64672,4,6467241
5,83933,4,8393302
5,20957,4,2095748
5,74901,4,7490142
5,80071,4,8007111
5,67006,4,6700612
5,77334,4,7733456
5,02424,4,02424920
5,95526,4,95526764
5,45656,4,4565659
5,77557,4,7755706
5,62581,4,6258132
5,45090,4,4509001
5,46946,4,4694661
5,71247,4,7124771
5,54810,4,5481004
5,66042,4,6604229
5,16670,4,1667056
5,65797,4,6579790
5,64436,4,6443650
5,45396,4,4539693
5,68298,4,6829882
5,90247,4,9024721
5,76850,4,7685017
5,85645,4,8564535
5,74395,4,7439585
5,07005,4,0700508
5,16292,4,1629249
5,57673,4,5767387
5,39079,4,3907977
5,63107,4,6310719
5,62144,4,6214434
5,62592,4,6259284
5,64409,4,6440930
5,46940,4,4694065
5,69112,4,6911242
5,86606,4,8660670
5,57988,4,5798844
5,68353,4,6835353
5,82387,4,8238730
5,86617,4,8661716
5,54993,4,5499368
5,61192,4,6119207
5,27377,4,2737777
5,64333,4,6433316
5,46235,4,4623572
5,64669,4,6466900
5,45488,4,4548865
5,54420,4,5442026
5,20596,4,2059666
5,58281,4,5828121
5,76497,4,7649760
5,47031,4,4703133
5,64220,4,6422017
5,58164,4,5816451
5,45806,4,4580679
5,44405,4,4440555
5,44424,4,4442467
5,64297,4,6429725
5,58009,4,5800939
5,82941,4,8294127
5,35601,4,3560195
5,68351,4,6835194
5,38125,4,3812556
5,41546,4,4154629
5,87030,4,8703004
5,54112,4,5411280
5,54211,4,5421180
5,46185,4,4618520
5,54818,4,5481830
5,06006,4,0600600
5,64687,4,6468737
5,69928,4,6992881
5,87660,4,8766033
5,95539,4,9553939
5,90974,4,9097499
5,88763,4,8876376
5,74353,4,7435345
5,63994,4,6399457
5,72843,4,7284388
5,18004,4,1800420
5,82096,4,8209698
5,34112,4,3411215
5,77426,4,7742601
5,77809,4,7780997
5,58113,4,5811394
5,35036,4,3503685
5,06003,4,0600333
5,70211,4,7021113
5,65159,4,6515971
5,99427,4,9942751
5,65340,4,6534080
5,29124,4,2912423
5,22297,4,2229775
5,47437,4,4743730
5,64099,4,6409920
5,35006,4,3500609
5,85774,4,8577474
5,84228,4,8422898
5,58847,4,5884702
5,78845,4,7884511
5,40669,4,4066900
5,55364,4,5536417
5,90099,4,900999
5,88736,4,8873635
5,08084,4,0808487
5,24483,4,244832
5,99616,4,9961643
5,32269,4,3226967
5,74492,4,7449248
5,58197,4,5819717
5,11370,4,1137038
5,83221,4,8322103
5,04925,4,04925085
5,60088,4,6008802
5,02394,4,0239440
5,77233,4,772333
5,74982,4,7498261
5,44831,4,4483137
5,58096,4,5809609
5,28889,4,288899
5,23071,4,2307101
5,14120,4,1412088
5,54439,4,5443968
5,67526,4,6752678
5,61139,4,6113971
5,44515,4,4451516
5,77177,4,7717712
5,13627,4,136276909
5,57561,4,5756181
5,24434,4,2443414
5,64299,4,6429982
5,46080,4,460803
5,77702,4,7770222
5,09904,4,0990404
5,48920,4,4892000
5,50413,4,504138023
5,24337,4,24337853
5,61902,4,6190209
5,61668,4,6166889
5,69599,4,6959979
5,41697,4,4169769
5,74445,4,7444528
5,35969,4,3596988
5,36795,4,3679545
5,20564,4,2056485899
5,92325,4,923254727000
5,02031,4,020315
5,02971,4,029718
5,37215,4,372155
5,03456,4,034560936
5,66701,4,66701288
5,07918,4,079188
5,09151,4,0915150833
5,10803,4,10803311
5,12004,4,120040501
5,12371,4,123719598
5,12722,4,1272245603
5,13009,4,130090
5,13073,4,13073759005
5,41130,4,411300
5,13307,4,13307318388
5,13590,4,13590845080
5,13826,4,13826474689
5,13850,4,13850301633
5,13926,4,13926211998
5,01604,4,016040
5,31364,4,313640442
5,32869,4,3286961
5,36351,4,363515122
5,36873,4,368737856
5,23740,4,237400
5,40324,4,4032406
5,42104,4,421043069
5,49858,4,4985854
5,49975,4,499752104
5,38150,4,381503
5,51098,4,51098192
5,51895,4,51895885
5,53882,4,5388232
5,66530,4,665300
5,57503,4,5750364
5,57834,4,5783480
5,58204,4,5820418
5,58304,4,5830461
5,62968,4,6296803
5,71680,4,716800
5,34567,4,3456788
5,51681,4,5168168
5,21195,4,2119585
5,22009,4,2200994
5,03081,4,030815
5,51407,4,514071
5,23267,4,2326777
5,25216,4,2521687
5,25298,4,252988167
5,01404,4,014040
5,46671,4,466716
5,10540,4,105401
5,98677,4,9867779
5,42430,4,424306
5,10460,4,104602
5,17989,4,179898
5,02762,4,02762317336
5,92007,4,92007228100076
5,17317,4,173176
5,87268,4,87268888
5,20451,4,204510300
5,14411,4,144114
5,58518,4,585180
5,41151,4,411518000
5,32740,4,327400060
5,29350,4,29350000
5,01500,4,015000
5,80571,4,805710003
5,54347,4,543470
5,39605,4,396053000
5,41520,4,415200072
5,30365,4,30365102200063
5,02080,4,020800
5,31210,4,312100083
5,24940,4,249400060
5,11103,4,111036
5,21886,4,218866
5,51235,4,512352
5,52109,4,521092
5,27500,4,275006
5,03187,4,03187024306
5,70350,4,70350001
5,70651,4,706510000
5,02430,4,024300
5,23743,4,237431
5,05765,4,057656
5,40893,4,408939
5,52376,4,523768
5,16450,4,164501
5,25330,4,253306
5,10850,4,108505
5,13976,4,13976680586
5,61054,4,610540
5,51850,4,518503
5,82088,4,8208820
5,43033,4,430331
5,57815,4,578153
5,32103,4,321032
5,51172,4,511724
5,14031,4,14031406
5,78400,4,78400065
5,51130,4,511300
5,51210,4,512100
5,32331,4,323316
5,01760,4,01760241
5,19846,4,1984625
5,90991,4,909912
5,76011,4,760112
5,31411,4,314113
5,18819,4,188199
5,23433,4,2343334
5,82060,4,820609
5,84111,4,841116
5,10546,4,1054602
5,19861,4,198611
5,28118,4,281181
5,31405,4,314050
5,40541,4,405410
5,95123,4,951234
5,71740,4,717400
5,84110,4,841109
5,40141,4,4014148
5,54221,4,542211
5,84990,4,849904
5,60766,4,607666666
5,32411,4,324110
5,53929,4,5392901201100
5,15590,4,155900
5,70180,4,701805
5,80089,4,800890
5,30801,4,308010
5,10109,4,10109122
5,05128,4,0512800
5,20421,4,204214434
5,28730,4,287302
5,85015,4,850155
5,47254,4,472541
5,75583,4,755835
5,80855,4,808555
5,69307,4,6930777
5,38936,4,389362300
5,33445,4,3344567
5,32004,4,32004400
5,52306,4,523062
5,51480,4,514801
5,15720,4,157202
5,25260,4,252600
5,62304,4,62304299
5,94125,4,941252
5,86897,4,8689702127
5,67113,4,671137
5,12070,4,120709
5,43270,4,432706
5,28903,4,2890365
5,10091,4,1009100085
5,18340,4,183402
5,40080,4,400800
5,77082,4,770821
5,06540,4,065400
5,33772,4,337720
5,82122,4,821225
5,11123,4,111231
5,54656,4,546565
5,03400,4,034000
5,19845,4,198457
5,19511,4,19511961
5,02920,4,029200
5,42501,4,425014
5,12391,4,123918
5,73240,4,732405
5,30399,4,303999
5,74641,4,746412
5,51702,4,517028
5,20216,4,202161
5,10946,4,10946125
5,29322,4,293221011
5,32215,4,32215100022
5,11996,4,119963793
5,14402,4,14402221
5,76012,4,760125
5,56230,4,562300
5,26180,4,261805
5,61761,4,617619
5,72360,4,723602310003
5,15130,4,151304
5,19827,4,1982774
5,05135,4,051356
5,38280,4,382801
5,52515,4,525152
5,51534,4,515343
5,11520,4,115201
5,88131,4,881313
5,11160,4,111602
5,51046,4,510460
5,86122,4,861223333333
5,27804,4,2780447
5,72500,4,725000
5,19887,4,198870
5,90120,4,901200335
5,20481,4,2048100011
5,10262,4,102627
5,03100,4,031001
5,60110,4,601102218
5,12354,4,123542
5,35106,4,3510600
5,31412,4,314121
5,31551,4,315511
5,88901,4,88901890
5,19519,4,195196
5,42141,4,421411
5,85289,4,85289000
5,37152,4,3715200
5,71520,4,715200
5,83853,4,83853321
5,16831,4,16831522
5,24643,4,246437
5,85580,4,85580038
5,98430,4,98430000
5,13913,4,139135
5,10611,4,106111
5,51240,4,512400
5,16013,4,1601315
5,10057,4,1005710000
5,59100,4,59100000
5,03145,4,031458
5,15510,4,155100
5,89689,4,896896
5,10661,4,10661160
5,45533,4,4553316
5,04750,4,047500
5,47088,4,470883799
5,20113,4,201135
5,31270,4,312706
5,51622,4,516229
5,31350,4,313500
5,76200,4,762008
5,10105,4,10105858
5,24401,4,244012
5,15352,4,15352100
5,12610,4,12610075
5,99912,4,9991234
5,35232,4,3523221
5,04672,4,04672474563
5,15815,4,158155
5,60820,4,608200092
5,79879,4,798798
5,30561,4,3056100871
5,41250,4,412500
5,36120,4,361200
5,05981,4,0598114
5,76939,4,769394
5,11710,4,117100
5,32530,4,325300
5,52121,4,52121221
5,38770,4,387701
5,22528,4,22528300
5,72580,4,725800
5,61162,4,611621000
5,59951,4,599510000
5,60821,4,608210036
5,51621,4,516213
5,84101,4,841011
5,32660,4,326600
5,21006,4,210063
5,13230,4,132300
5,64631,4,646313
5,21063,4,2106310012
5,67676,4,67676767
5,33260,4,332600
5,36608,4,366087
5,59411,4,594110
5,46521,4,465217
5,60936,4,609360
5,18151,4,18151818
5,83703,4,83703300191
5,11550,4,115501
5,10241,4,102413
5,66430,4,664302
5,69217,4,6921710
5,24066,4,2406650092
5,52252,4,522522
5,80627,4,80627500
5,85970,4,859700
5,52936,4,529367
5,06560,4,065600
5,42160,4,421600
5,11051,4,11051108
5,87179,4,871794
5,06631,4,066311
5,51570,4,515700
5,31006,4,310069
5,53170,4,531701
5,23916,4,2391601
5,52453,4,524533
5,03260,4,032600
5,46714,4,467143
5,25030,4,250300
5,90011,4,900114
5,37113,4,3711302
5,72000,4,720000
5,73670,4,736701
5,37130,4,371301
5,52025,4,520250
5,86087,4,860871
5,73873,4,738738
5,25740,4,257400
5,06022,4,060223
5,43340,4,433402102401
5,27000,4,270000
5,13317,4,133173
5,88854,4,88854999
5,10513,4,1051303063000
5,37270,4,372700
5,57173,4,571737
5,47210,4,472100
5,51177,4,511770
5,57133,4,571339
5,51669,4,516699
5,40144,4,40144015
5,05141,4,0514114
5,73793,4,737938
5,07688,4,076888
5,90791,4,907911
5,51346,4,5134602
5,93250,4,932503
5,89820,4,8982008
5,23253,4,232531
5,62050,4,620500
5,61300,4,613000
5,36524,4,3652460
5,26010,4,260102
5,43730,4,437300
5,35235,4,352354
5,54660,4,546600
5,68822,4,68822364
5,57001,4,570010
5,26751,4,267510630
5,70524,4,7052401
5,82444,4,82444555
5,25212,4,252124
5,98785,4,987856
5,21711,4,2171102
5,83030,4,830301
5,25240,4,252400
5,18120,4,181201
5,21315,4,213155
5,88811,4,888111
5,02114,4,021148
5,12342,4,123422
5,41541,4,415415
5,25809,4,258093
5,67530,4,675300
5,11412,4,114120
5,45007,4,450075
5,68503,4,6850358
5,19816,4,1981611
5,10702,4,1070230
5,90490,4,904905
5,16540,4,165402300000
5,91023,4,910230001
5,07765,4,0776543
5,15251,4,152519
5,30218,4,302181
5,65566,4,655666
5,11801,4,118011
5,63007,4,630073
5,40066,4,4006695566
5,53033,4,5303344
5,15513,4,155134
5,02470,4,024701
5,88851,4,888515
5,80098,4,8009881155
5,23015,4,230152501
5,11006,4,110063
5,63600,4,636000
5,36726,4,36726200
5,43242,4,4324234
5,84132,4,8413252600
5,60560,4,605606
5,63860,4,638600
5,08616,4,086163
5,80580,4,805806
5,87890,4,8789009
5,15209,4,152099
5,10403,4,1040302
5,20472,4,20472048
5,41123,4,411232
5,14501,4,1450100
5,41960,4,419600
5,27946,4,2794601
5,21121,4,211211
5,80620,4,806200001
5,85680,4,856800
5,21021,4,210211
5,10271,4,10271400
5,40990,4,409900
5,03800,4,038006
5,20060,4,20060606
5,80110,4,801100000
5,13243,4,1324309
5,24560,4,245600
5,46630,4,466300
5,22101,4,221011
5,57201,4,572013
5,23811,4,238114
5,10518,4,105187
5,19999,4,1999928
5,46043,4,460430000
5,47160,4,471600
5,26581,4,265819
5,81400,4,81400000
5,25301,4,253018
5,19220,4,192206
5,05149,4,051491
5,86307,4,863078202
5,84012,4,840128
5,78051,4,780517
5,47306,4,473061
5,52503,4,52503300112
5,80210,4,802100011
5,16121,4,161210
5,53272,4,532722
5,37890,4,378900
5,82378,4,82378237
5,05921,4,059210000
5,69771,4,697714
5,80581,4,805810
5,47416,4,474165
5,98471,4,98471000
5,11113,4,111136
5,99131,4,991314
5,38832,4,38832803
5,35130,4,351300
5,10711,4,1071111
5,11311,4,113110
5,28883,4,28883888
5,06040,4,06040504
5,60049,4,600496
5,42487,4,424876
5,05181,4,0518160
5,15971,4,15971499300
5,12577,4,125775
5,16534,4,1653401
5,85011,4,850112
5,12160,4,121601
5,51332,4,513329
5,61862,4,618620
5,32541,4,325410
5,16803,4,168030001
5,27941,4,279410011
5,52623,4,526238
5,46130,4,461308310000
5,87676,4,87676731
5,49077,4,49077770
5,51132,4,511325
5,43750,4,437500
5,10090,4,100901
5,45510,4,455100
5,13160,4,131602
5,22653,4,226535
5,46623,4,466237
5,60210,4,602100010
5,37294,4,3729457
5,29360,4,2936000
5,05913,4,0591360
5,52740,4,527400
5,11641,4,1164102
5,21181,4,211815
5,63780,4,637800
5,52723,4,527235
5,64972,4,64972879
5,75801,4,7580111
5,23112,4,23112315
5,05153,4,051530
5,70139,4,701398
5,39450,4,394502
5,32011,4,320110
5,60660,4,606607
5,01099,4,010998
5,08607,4,0860755
5,03430,4,034300
5,75130,4,751300
5,62965,4,62965544
5,12551,4,1255102
5,20530,4,205302
5,05120,4,0512007
5,10715,4,107152
5,03090,4,030900
5,16378,4,163789
5,17383,4,173838
5,62400,4,624000
5,32883,4,3288321017
5,12010,4,120108
5,82031,4,820318
5,62560,4,625600
5,05911,4,059114
5,22057,4,22057373
5,23432,4,2343242
5,91011,4,91011024
5,72203,4,72203100025
5,42502,4,425020
5,25266,4,252666
5,27057,4,2705789
5,42510,4,425100
5,52074,4,520746
5,17715,4,1771511
5,19814,4,198149
5,71310,4,713100
5,24410,4,244100
5,11075,4,1107510630
5,66553,4,665533
5,11144,4,1114402
5,87666,4,87666805
5,73033,4,730335
5,76430,4,76430424
5,52420,4,524200
5,83246,4,83246300
5,36445,4,3644502
5,25890,4,258901
5,81600,4,816000
5,27440,4,274400
5,18822,4,188228
5,83083,4,830832
5,02133,4,02133040
5,13340,4,133400
5,52020,4,5202008
5,10666,4,106668
5,51695,4,51695528
5,12297,4,12297705
5,54170,4,541700
5,80112,4,801122
5,22056,4,220561
5,72445,4,724454000
5,17899,4,178998
5,53741,4,537415
5,26509,4,265098
5,34226,4,342260
5,29991,4,299913301
5,07513,4,075133
5,83301,4,83301310012
5,71062,4,7106225500
5,24225,4,242258
5,16031,4,1603100022
5,85061,4,850610
5,41146,4,411463
5,83697,4,8369792
5,04673,4,046735
5,15820,4,158202
5,05795,4,057951
5,58032,4,580327
5,70100,4,701006
5,12910,4,129100022
5,27470,4,274700
5,23670,4,236700
5,27203,4,272037
5,14022,4,1402200000
5,53730,4,537300
5,16060,4,160600
5,62801,4,628017
5,88026,4,8802616
5,02717,4,027178
5,86848,4,8684877835
5,87385,4,8738500
5,28656,4,2865639
5,13440,4,134400
5,19794,4,1979430
5,83820,4,838205
5,29753,4,29753253600
5,80981,4,809812
5,73330,4,733300
5,70310,4,703100038
5,11203,4,11203100085
5,15140,4,151402
5,88861,4,888615502
5,18264,4,18264200
5,40205,4,402050000
5,51137,4,511370
5,41013,4,410137
5,67800,4,678000
5,43009,4,430091
5,86330,4,8633096767
5,53004,4,530045
5,73173,4,731731
5,24614,4,246142
5,51521,4,515215
5,51551,4,515515
5,83345,4,83345702
5,12420,4,12420286
5,30420,4,304200030
5,98110,4,981105
5,67480,4,674800
5,20014,4,200145
5,79123,4,791230
5,41352,4,413522
5,51206,4,512060
5,99018,4,990188
5,05798,4,05798888
5,83342,4,8334238
5,53260,4,532600
5,72170,4,721700
5,53106,4,531068
5,16620,4,166200
5,51478,4,514788
5,95300,4,9530023
5,07707,4,077077
5,12366,4,123666999
5,81009,4,8100988
5,47214,4,472143
5,13977,4,1397788
5,07319,4,073198
5,43703,4,437034
5,60567,4,6056789
5,21176,4,211764
5,61443,4,614430000
5,10290,4,102903
5,51566,4,5156666
5,45641,4,45641010
5,03892,4,038928
5,87804,4,87804200
5,20260,4,202601
5,95512,4,955123
5,33011,4,330117
5,05778,4,057788888888
5,52518,4,525183
5,51081,4,510811
5,39188,4,391880151
5,03220,4,032200
5,21040,4,210402
5,68220,4,682204
5,13786,4,137862
5,24270,4,242700
5,51300,4,513000
5,57112,4,571126
5,27141,4,271413
5,19193,4,1919361
5,64835,4,64835999
5,36233,4,362331
5,07561,4,0756114
5,53153,4,531531
5,02040,4,020405
5,70522,4,7052202
5,89831,4,89831000
5,23693,4,23693888
5,99942,4,999421
5,24620,4,246200
5,51142,4,5114202
5,53627,4,536270
5,06005,4,060050
5,11233,4,112334
5,05370,4,05370537
5,03616,4,036160068
5,02312,4,023120
5,29834,4,2983460
5,70221,4,702210000
5,64235,4,642350
5,71655,4,7165517
5,57150,4,571500
5,72011,4,720116
5,99818,4,998188
5,34350,4,343509
5,05781,4,0578168
5,87595,4,87595600
5,32511,4,325115
5,86303,4,863032236386
5,25370,4,253700
5,03221,4,0322100
5,40351,4,403519085
5,20405,4,204053000
5,27420,4,274200
5,60010,4,600101
5,17727,4,1772702
5,05718,4,057188
5,63981,4,63981890
5,10321,4,103210000
5,45370,4,453700
5,13162,4,13162185112
5,61810,4,618100
5,10436,4,104361100
5,60252,4,602523900
5,16326,4,163263
5,52305,4,523055
5,24360,4,243601
5,10810,4,108105
5,73210,4,732101266071
5,23523,4,235231
5,11631,4,116317
5,43206,4,432062
5,15121,4,15121513
5,51230,4,512300
5,34013,4,34013402
5,02181,4,021815
5,81032,4,810322
5,20313,4,2031301
5,84820,4,848200
5,14190,4,141903
5,83078,4,8307813
5,92010,4,920105
5,10421,4,10421200331
5,91292,4,91292198
5,02322,4,023222
5,14176,4,14176503
5,12214,4,12214000
5,62930,4,629300
5,47391,4,473910603
5,75090,4,750901
5,18417,4,184173596
5,11310,4,113103
5,40020,4,400200
5,11721,4,1172103
5,36340,4,363401
5,18040,4,180403
5,51053,4,510530
5,46871,4,4687150
5,03610,4,036100
5,63421,4,6342101100
5,29230,4,292302
5,20420,4,204200041
5,15310,4,153101
5,24024,4,24024402
5,03718,4,037188
5,36714,4,3671471
5,03033,4,0303393
5,52072,4,520723
5,01031,4,010316
5,51160,4,511600
5,44206,4,442061
5,67130,4,671301
5,70486,4,70486553
5,07550,4,075500
5,82390,4,823900
5,69330,4,693301
5,11099,4,110999
5,12522,4,125222
5,36554,4,365547500
5,30931,4,309311
5,18230,4,182301
5,93272,4,932728
5,11452,4,1145200051
5,40143,4,401437
5,64649,4,646490
5,25130,4,251302
5,31542,4,315420
5,57183,4,571833
5,12681,4,126819303
5,02910,4,0291001
5,38346,4,383461500
5,30381,4,3038100088
5,06845,4,068458
5,40611,4,4061130
5,04610,4,046102
5,25360,4,253601
5,52091,4,520911
5,10032,4,100325
5,94086,4,940867506
5,82090,4,820909
5,52073,4,520736
5,15260,4,152602
5,33172,4,331724
5,74920,4,749204
5,40135,4,401350005
5,28307,4,283077
5,47410,4,474100
5,73530,4,735300
5,47840,4,478402
5,48597,4,4859777
5,68810,4,688102
5,21163,4,211633
5,14671,4,14671058501
5,19531,4,1953112529000
5,11421,4,114219
5,27432,4,274325604
5,80102,4,801026
5,49116,4,49116011
5,51647,4,516477
5,86925,4,8692531
5,71601,4,7160188
5,52038,4,520380
5,93337,4,93337000
5,43172,4,431729
5,35180,4,3518000
5,62715,4,627150
5,07625,4,076250
5,23215,4,232150010
5,90085,4,900858
5,79799,4,79799888
5,47425,4,474250
5,10152,4,101525
5,96158,4,961580
5,84286,4,84286364
5,80038,4,800388
5,22615,4,226153
5,31562,4,315621
5,04820,4,048205
5,71827,4,7182702
5,36212,4,362122
5,72730,4,727300
5,42189,4,42189893
5,52338,4,523380
5,37101,4,3710100
5,53380,4,533800
5,02579,4,02579646
5,41840,4,418400
5,23732,4,237325
5,86764,4,86764106604
5,92777,4,927777
5,58112,4,581121
5,64430,4,644300
5,36243,4,362432
5,20925,4,2092502
5,10999,4,109999
5,64150,4,641500
5,19210,4,192108
5,51168,4,511687
5,87655,4,876555
5,22116,4,221166
5,49266,4,49266000
5,60666,4,60666666
5,50066,4,5006666
5,82091,4,820913
5,36402,4,364021
5,41828,4,41828308
5,14450,4,144501
5,20300,4,203000
5,83666,4,83666666
5,34262,4,342621
5,53453,4,5345345345
5,14643,4,146430060
5,51175,4,511752
5,62671,4,626717
5,68464,4,684641
5,10521,4,105215021
5,65727,4,65727001
5,54521,4,545216
5,88991,4,889912
5,27602,4,276029
5,42110,4,421100036
5,71060,4,710600
5,26622,4,266221
5,22003,4,220035
5,97019,4,970198667
5,11530,4,115301726
5,18350,4,183506
5,21243,4,212435
5,64000,4,640000
5,35043,4,350431
5,40340,4,403404
5,62844,4,628441
5,63301,4,6330158
5,33010,4,3301063700
5,15532,4,155321000
5,27014,4,2701435000
5,71611,4,7161132
5,13966,4,139666
5,90436,4,904365100
5,26671,4,266710128
5,21899,4,218999
5,80086,4,8008610
5,02525,4,025250
5,51501,4,515011
5,31404,4,314040
5,22255,4,2225555
5,19025,4,1902518000
5,54105,4,541059
5,71711,4,717111
5,37171,4,3717128401
5,41488,4,414888
5,04830,4,048300
5,17554,4,175547886
5,14105,4,1410518000
5,03030,4,030300
5,13567,4,135677
5,20085,4,20085168
5,42642,4,426428
5,76022,4,760224
5,36598,4,365988
5,52378,4,523782
5,52457,4,524573
5,16699,4,166997
5,24613,4,246131
5,40310,4,403100021
5,56064,4,560642
5,29535,4,295352
5,06440,4,064400
5,03275,4,032750
5,12234,4,122344
5,30443,4,304430
5,20090,4,2009052006
5,19581,4,19581112
5,78880,4,7888090
5,09910,4,09910991
5,74102,4,741024
5,47456,4,474565
5,31009,4,310099
5,99958,4,999583
5,41560,4,415600
5,82071,4,820713
5,14725,4,147258369
5,10510,4,105109
5,10242,4,102425
5,40122,4,401220
5,10650,4,106502
5,34280,4,342800
5,12600,4,126000
5,11820,4,118200
5,63850,4,638500
5,17266,4,17266201
5,21011,4,210111
5,66340,4,663400
5,78101,4,781010
5,14015,4,1401515000
5,47162,4,471621
5,10311,4,103111
5,11073,4,1107398
5,65293,4,6529300
5,13320,4,133202
5,17019,4,170191002
5,81076,4,810760
5,81818,4,818188
5,12140,4,121406
5,32095,4,3209501
5,54165,4,541654
5,13544,4,1354401
5,62160,4,621600
5,47140,4,471402
5,99133,4,991333
5,73730,4,737300
5,16150,4,161501
5,05108,4,0510888
5,47690,4,476900
5,23851,4,23851002
5,63625,4,636250
5,46363,4,46363000
5,30831,4,308310
5,14011,4,140114
5,73071,4,730711
5,15340,4,153401
5,47428,4,474285
5,75600,4,756000
5,67409,4,67409596
5,15505,4,155052
5,64246,4,642469
5,11405,4,1140595
5,42220,4,422200
5,42161,4,421611
5,78127,4,7812781
5,54644,4,54644610
5,11698,4,11698666
5,71021,4,7102100036
5,38838,4,3883883
5,13620,4,136200
5,36410,4,364109
5,26541,4,265419
5,12455,4,1245565
5,58160,4,581601
5,83322,4,83322000
5,80722,4,80722999
5,18217,4,1821704
5,02173,4,0217388
5,16711,4,1671101100000
5,82663,4,82663336
5,30433,4,304330029
5,41431,4,414316
5,59259,4,592592
5,23138,4,231380
5,11621,4,116217
5,51512,4,515120
5,98030,4,980301
5,11331,4,113317
5,83911,4,83911210
5,77550,4,775500
5,25705,4,257055
5,61051,4,6105100096
5,75703,4,75703622
5,91791,4,917918
5,34170,4,341700
5,51187,4,511878
5,11422,4,114222
5,75575,4,75575731
5,22282,4,222828
5,57600,4,576000
5,76010,4,760101
5,12195,4,121957363
5,53781,4,537814
5,05786,4,05786834801
5,27260,4,272600
5,61480,4,614800
5,88818,4,8881808
5,65750,4,657509
5,51904,4,519040
5,01026,4,010263
5,33501,4,335011
5,80666,4,80666999
5,31452,4,314520
5,03652,4,036524
5,24211,4,242113
5,31206,4,312065
5,37121,4,3712100
5,02840,4,028400
5,27092,4,27092710
5,46350,4,463500
5,18577,4,1857780532
5,27112,4,271121
5,05168,4,051688
5,25637,4,25637868
5,84480,4,844804
5,01007,4,010070
5,51236,4,512361
5,83386,4,833866
5,51257,4,5125789
5,62841,4,628415
5,35114,4,351146
5,55740,4,557400
5,83100,4,831003
5,22234,4,222345
5,54111,4,5411111
5,27650,4,276500
5,83920,4,839200
5,21337,4,213371
5,51351,4,513518
5,10809,4,108098
5,20320,4,203201
5,70130,4,701300384
5,42142,4,421421
5,52030,4,520300
5,52389,4,523898
5,11140,4,111401
5,05779,4,057791
5,30621,4,3062101
5,06350,4,063500
5,36437,4,364377
5,46740,4,467400
5,83234,4,83234534
5,15180,4,151800
5,10051,4,10051007
5,79062,4,790622
5,73520,4,735200
5,85400,4,85400010
5,15360,4,153606
5,71550,4,715505
5,20059,4,200598
5,77185,4,7718509
5,62340,4,623402
5,49140,4,491402
5,51265,4,51265726
5,44204,4,442044
5,07602,4,07602122022
5,35112,4,351121
5,81938,4,81938870
5,02311,4,023117
5,17420,4,174201
5,31832,4,318322
5,96123,4,9612345
5,14130,4,141301
5,52351,4,523516
5,80111,4,801111801
5,15320,4,153201
5,19731,4,19731100
5,17240,4,172404
5,27341,4,273411
5,04150,4,041509
5,23682,4,236820
5,30460,4,304601
5,64837,4,64837589
5,57180,4,571800
5,11015,4,1101502
5,73717,4,737171403
5,02013,4,020133
5,53699,4,536999
5,86160,4,8616046886387
5,51430,4,514300
5,39140,4,391407
5,27490,4,274900
5,05943,4,0594315
5,76102,4,761028
5,57061,4,570611
5,09416,4,094168
5,37133,4,3713307
5,19186,4,191867
5,31016,4,3101603
5,26030,4,26030138
5,42001,4,420012
5,93391,4,9339100000
5,53071,4,530715
5,31932,4,319320
5,87409,4,8740928
5,36205,4,362054
5,51084,4,510840
5,58101,4,581018
5,30976,4,30976633
5,45357,4,45357435001
5,07141,4,0714114
5,37350,4,373502
5,12612,4,126128500
5,24467,4,24467813
5,68670,4,686709
5,54260,4,542600
5,20230,4,202302
5,52393,4,523936
5,99052,4,990523
5,24922,4,2492202
5,02098,4,020988
5,73401,4,73401392
5,84031,4,840319
5,71940,4,719400
5,32311,4,323112
5,36520,4,365200
5,75360,4,753600
5,88444,4,884443
5,21115,4,211156
5,20076,4,200767
5,51540,4,515400
5,20621,4,2062142
5,01610,4,016100
5,60745,4,607455000
5,27411,4,274117
5,73180,4,731808
5,80002,4,800025
5,89929,4,89929402
5,51401,4,514011
5,77660,4,7766022
5,15940,4,159403210007
5,22312,4,223125
5,20046,4,2004668
5,52037,4,520376
5,65540,4,655400
5,16618,4,166188
5,51310,4,513100
5,19002,4,1900200080
5,43262,4,432628
5,41005,4,410058
5,83535,4,83535050
5,35334,4,3533453454
5,14150,4,141501
5,42156,4,4215664
5,06120,4,061200
5,42616,4,426165
5,97222,4,9722228
5,38389,4,38389438
5,89192,4,8919213
5,71209,4,712099
5,54255,4,542550
5,16560,4,165602102021
5,88670,4,886706
5,86900,4,86900000
5,10039,4,1003905
5,31191,4,311911
5,02841,4,028413
5,99928,4,9992819
5,54650,4,546500
5,41068,4,410685
5,73001,4,730010
5,18899,4,18899202
5,58201,4,58201226000
5,41902,4,41902221000
5,11335,4,1133557799
5,75340,4,753402
5,22449,4,224499
5,36512,4,365120
5,28310,4,283102
5,52940,4,529400
5,13330,4,133300
5,37211,4,3721118025
5,22655,4,226553
5,21319,4,2131919
5,99562,4,995620
5,11605,4,116050
5,05775,4,057750
5,02216,4,022164
5,25542,4,255422
5,19577,4,19577601
5,05100,4,0510020
5,89987,4,899876
5,32231,4,322312
5,51299,4,51299877
5,30814,4,3081403
5,41561,4,415612
5,31234,4,3123456
5,33520,4,335203
5,26141,4,261418
5,24415,4,244151
5,30352,4,303520
5,69200,4,692000
5,71688,4,7168888
5,17520,4,175201
5,10523,4,105236
5,01516,4,0151623
5,51470,4,514700
5,15460,4,154600
5,80018,4,800188
5,28061,4,2806100016
5,81181,4,811812
5,90310,4,903101101
5,35035,4,350351
5,51162,4,511620
5,66150,4,661502
5,51710,4,517100
5,44110,4,441104
5,12181,4,1218100101
5,26316,4,263163
5,57202,4,572021
5,59116,4,591168
5,78090,4,780904
5,88185,4,88185515
5,35116,4,351164
5,35280,4,3528026
5,28026,4,280260
5,16802,4,168029
5,01051,4,01051260094
5,09452,4,094526
5,51664,4,51664949
5,31132,4,311321
5,68370,4,683701
5,71460,4,714602
5,36280,4,362805
5,03118,4,0311868
5,57140,4,571400
5,70370,4,703705
5,83470,4,834700
5,45657,4,456571
5,90251,4,902510600
5,11211,4,112112
5,80301,4,8030140
5,31541,4,315416
5,40142,4,401420
5,10682,4,106822602
5,40123,4,401235
5,18714,4,18714658
5,27995,4,279956418
5,10651,4,10651065
5,67111,4,671114
5,87103,4,871034555
5,96668,4,966686
5,87745,4,87745000
5,12330,4,123304
5,66825,4,668255555
5,01380,4,013805944353
5,51420,4,514200
5,45513,4,455133
5,10430,4,104304
5,81150,4,811500
5,52177,4,521779
5,10245,4,102452
5,75140,4,751400
5,14710,4,1471023
5,83311,4,83311919
5,24350,4,243501
5,14310,4,143105
5,10066,4,100666
5,26820,4,268200
5,08996,4,089960
5,70170,4,701701
5,86524,4,8652433
5,62540,4,625400
5,74230,4,742300
5,40932,4,409325
5,46910,4,46910202
5,52383,4,523839
5,31021,4,3102102208
5,70233,4,7023339
5,16260,4,162602
5,24730,4,2473000
5,12050,4,120508
5,21907,4,2190774
5,36918,4,369188
5,52534,4,525347
5,21034,4,210345
5,22907,4,2290707
5,52053,4,520539
5,60604,4,6060459
5,84021,4,8402160
5,19209,4,1920927
5,26451,4,264515
5,83220,4,832200
5,02518,4,0251860
5,11403,4,114031
5,51513,4,515138
5,02344,4,0234444
5,62660,4,626600
5,86618,4,866188626
5,82277,4,8227709
5,19906,4,199066
5,65236,4,652366
5,53726,4,537260
5,01601,4,016016
5,19855,4,198555
5,27120,4,271200
5,13257,4,132575
5,21415,4,214154
5,51111,4,511111
5,19324,4,193242
5,05710,4,05710571
5,86707,4,8670755253333
5,03830,4,038300
5,01701,4,017019
5,83763,4,83763900
5,59691,4,5969115
5,07308,4,073088
5,04463,4,0446310018
5,35023,4,350238
5,53160,4,531600
5,18460,4,184602
5,47130,4,471300
5,54510,4,545100
5,64320,4,643200
5,80091,4,800916
5,21754,4,217544
5,20217,4,202178
5,72630,4,726300
5,25744,4,257447
5,46420,4,464207
5,40267,4,402675
5,21485,4,214856
5,34236,4,342360
5,82302,4,82302200444
5,69100,4,691001
5,84809,4,84809208
5,16117,4,1611702
5,66161,4,661619
5,51285,4,51285128
5,68166,4,681668
5,07581,4,0758114
5,68031,4,68031703
5,08988,4,0898888
5,10344,4,103448
5,51679,4,5167996
5,31511,4,315111
5,90250,4,90250012
5,19160,4,191601
5,60861,4,608610
5,71314,4,71314513
5,66447,4,664471
5,37252,4,372522501
5,25220,4,252201
5,86179,4,8617946313913
5,96806,4,968060
5,14313,4,1431301
5,03186,4,0318666
5,51520,4,515200
5,05165,4,0516521
5,08772,4,08772968165
5,05420,4,054200
5,07115,4,0711520
5,12715,4,1271522
5,31514,4,315143
5,04679,4,0467999
5,10415,4,1041501
5,86389,4,8638970007
5,72092,4,720920
5,47320,4,473200
5,12882,4,128823301
5,41315,4,4131502
5,88236,4,8823697
5,80031,4,800315
5,69654,4,69654924
5,19101,4,191014
5,78362,4,7836206
5,11066,4,110660
5,17020,4,170203
5,40121,4,401213
5,70410,4,704100083
5,63720,4,637200
5,67777,4,677777
5,11117,4,11117777
5,68742,4,687420
5,80223,4,802230031
5,05123,4,051230
5,05143,4,051430
5,66564,4,665641
5,86291,4,862912123
5,20027,4,200273
5,19829,4,198296
5,99511,4,9951129
5,51819,4,518190
5,23830,4,238300
5,66570,4,665700
5,31131,4,311314001
5,06430,4,064300
5,61821,4,6182198
5,45340,4,453400
5,22571,4,225715
5,22180,4,221806
5,37154,4,3715400
5,54120,4,541202
5,25995,4,2599566
5,80127,4,801271059
5,62002,4,620020
5,18161,4,181618
5,61440,4,614400
5,27920,4,279201
5,02130,4,02130301
5,43685,4,4368589
5,54580,4,545800
5,16664,4,166641
5,89898,4,898989
5,57280,4,572800
5,81327,4,813272
5,10089,4,100895
5,16870,4,168705
5,12639,4,126393
5,58911,4,5891111
5,36677,4,366777
5,31761,4,317610
5,59382,4,5938285
5,17230,4,172302
5,15525,4,155255
5,20455,4,2045501
5,14572,4,14572007
5,70570,4,705708
5,60188,4,601888
5,03240,4,032403
5,87917,4,87917094
5,86277,4,8627723556
5,06230,4,06230918
5,37406,4,374060
5,45675,4,456750
5,42542,4,425427100011
5,60565,4,6056536
5,20921,4,209210
5,52399,4,523999
5,03011,4,030111
5,45380,4,453800
5,07645,4,076450
5,52852,4,528524
5,02150,4,021500
5,82221,4,82221650
5,60221,4,602210000
5,53020,4,530200
5,90110,4,901100020
5,10531,4,105318
5,58475,4,584750775
5,31237,4,312375
5,37775,4,377759
5,90005,4,9000561
5,03130,4,031300
5,23948,4,239481
5,04540,4,045400
5,72230,4,722300
5,41032,4,410329
5,15450,4,15450002
5,32445,4,324452
5,82660,4,8266021
5,84889,4,848898
5,83563,4,83563628
5,16851,4,16851692
5,43805,4,438055
5,82770,4,82770707
5,91609,4,91609106
5,13112,4,13112104
5,16315,4,163153
5,46556,4,4655602430023
5,62710,4,627100016
5,25777,4,257777
5,51518,4,51518876
5,23153,4,2315317
5,57240,4,572400
5,83840,4,838402201204
5,81444,4,8144466
5,84805,4,84805500
5,41940,4,419400
5,86697,4,8669797976
5,80810,4,808100080
5,70192,4,7019202
5,53340,4,533400
5,86981,4,869812345433
5,77914,4,77914459
5,72340,4,723400
5,76541,4,765413
5,15061,4,150617502
5,31421,4,314214
5,54753,4,547533
5,02236,4,022365
5,12229,4,1222903
5,60663,4,6066328
5,51298,4,51298169
5,20400,4,204000
5,02751,4,027518
5,16210,4,162101
5,81120,4,811201
5,10043,4,100436
5,32940,4,329407
5,15430,4,154300
5,29874,4,298742
5,88890,4,888904
5,68817,4,688178
5,87875,4,87875700
5,37160,4,371602
5,20790,4,207908
5,25750,4,257506
5,20613,4,2061361
5,06750,4,067500
5,52511,4,52511005
5,54620,4,546206
5,61201,4,6120100085
5,62260,4,622600
5,99696,4,9969651
5,40116,4,4011606
5,22361,4,223617
5,02331,4,023315
5,12208,4,122089
5,13660,4,136600
5,27806,4,27806086
5,27755,4,277551
5,86847,4,8684717133
5,31803,4,318032
5,25115,4,251153
5,29170,4,291701
5,41830,4,418300
5,72130,4,721300
5,52833,4,528333
5,35610,4,35610041
5,36002,4,360021
5,31931,4,319319
5,82129,4,82129088
5,71420,4,714206
5,11672,4,1167210
5,75786,4,75786398207
5,46551,4,465513
5,95805,4,958059
5,60003,4,600036
5,20071,4,20071020
5,46612,4,466123
5,84108,4,84108300451
5,41711,4,417111
5,95006,4,950066
5,47680,4,476800
5,11902,4,11902733
5,47640,4,476400
5,86031,4,860317
5,43760,4,437600
5,80050,4,800504
5,46613,4,466133
5,03776,4,037762035359
5,47467,4,474676
5,53762,4,537626
5,57142,4,571421
5,29110,4,291107
5,26550,4,265500
5,02711,4,027111
5,02235,4,022350
5,52370,4,523700
5,43171,4,431717
5,05948,4,059483
5,10662,4,10662088
5,11830,4,118300
5,19805,4,198056
5,12682,4,1268213
5,26011,4,260117
5,36936,4,369369
5,11411,4,114117
5,29200,4,29200233
5,78869,4,788696
5,17377,4,173773
5,62913,4,629135
5,72501,4,72501102300
5,83800,4,838000
5,25387,4,253874
5,43565,4,4356534
5,18073,4,1807303
5,23730,4,237300
5,27201,4,272013
5,63823,4,6382382
5,21425,4,214251
5,45010,4,450100
5,13646,4,13646191
5,25921,4,25921314
5,31889,4,318899
5,66987,4,669876
5,76698,4,766988
5,06590,4,065900
5,23120,4,231200
5,11805,4,118052
5,63770,4,637700
5,35540,4,355400
5,38840,4,388402
5,58166,4,5816666
5,51516,4,5151666
5,82210,4,82210000
5,35070,4,350709
5,54530,4,545300
5,66664,4,666645554
5,54180,4,541800
5,06320,4,063200
5,80007,4,800070
5,41203,4,41203100101
5,21340,4,213401
5,20196,4,201960
5,02300,4,023000
5,95152,4,95152872100080
5,02018,4,020186052500
5,47180,4,471800
5,20104,4,2010430051
5,54014,4,5401430071
5,60120,4,601201907
5,18050,4,180508
5,42820,4,428200
5,80945,4,80945571
5,81026,4,810260
5,66820,4,668200000
5,10622,4,10622228
5,11232,4,1123211
5,26458,4,264589
5,31151,4,311519
5,35410,4,354100
5,72293,4,7229332
5,13795,4,1379503
5,77585,4,7758520
5,21433,4,214333
5,85032,4,850322
5,51866,4,5186688
5,71750,4,717500
5,20026,4,200266
5,83121,4,831210
5,87349,4,87349688
5,38948,4,38948264
5,18396,4,1839624164
5,95949,4,959493013
5,33053,4,330533
5,93637,4,9363702
5,89362,4,89362659
5,58515,4,58515871400041
5,33410,4,334100
5,61123,4,611230
5,86309,4,863090564
5,30309,4,3030930
5,01400,4,014000
5,40840,4,408400
5,63570,4,635700
5,81065,4,8106518
5,12171,4,121711
5,72306,4,723062588
5,12570,4,125704
5,72372,4,723725
5,21250,4,21250000
5,03701,4,037016
5,51087,4,510878
5,16612,4,16612406
5,03551,4,035515
5,05115,4,0511520
5,37785,4,377855
5,46410,4,464100
5,83881,4,83881111
5,40127,4,401276000
5,74250,4,742500
5,29310,4,29310001
5,65240,4,652400
5,78012,4,780125
5,10231,4,10231024
5,87419,4,87419858
5,46121,4,461215
5,41022,4,410227
5,05171,4,0517101
5,54175,4,5417521
5,11541,4,1154101
5,89889,4,898899
5,32961,4,329610041
5,99101,4,991016
5,41114,4,411142
5,22563,4,225631
5,80088,4,800888
5,74051,4,740510
5,65539,4,6553980
5,16832,4,168325604
5,72240,4,722405
5,59102,4,59102088
5,70401,4,704018
5,94052,4,940526
5,51911,4,519110
5,58874,4,588744
5,11139,4,111398
5,13856,4,138568
5,19230,4,192302
5,44102,4,441021
5,83240,4,832404
5,81987,4,81987788
5,88313,4,88313050
5,63615,4,636150
5,45119,4,451191
5,62570,4,625701
5,88850,4,88850755
5,19815,4,198157
5,61720,4,617206
5,54590,4,545900
5,40228,4,402289
5,30883,4,308831302200120
5,57821,4,57821111
5,47192,4,471923
5,11882,4,11882288
5,23151,4,2315168
5,82310,4,823100031
5,21213,4,212132
5,95335,4,953351
5,13533,4,13533530725
5,06140,4,0614035
5,12520,4,125200
5,37111,4,371114
5,46601,4,4660101
5,40230,4,402300270
5,22084,4,2208450052
5,22350,4,223500
5,82150,4,821503
5,40065,4,4006557777
5,67231,4,6723188
5,17303,4,1730337055
5,13077,4,13077731120
5,46430,4,464300
5,23063,4,23063020
5,27410,4,274102
5,42409,4,4240999
5,60100,4,601009
5,12580,4,12580114
5,83005,4,830054
5,80331,4,803311
5,84555,4,845550
5,61685,4,616850
5,26577,4,265771
5,47475,4,474750
5,72610,4,726100
5,83321,4,833211
5,10852,4,108528322
5,43021,4,430212
5,11680,4,116800
5,16991,4,16991206
5,61520,4,615200
5,87371,4,87371137
5,17657,4,17657302
5,17925,4,1792502
5,51859,4,5185918
5,52476,4,524768
5,08800,4,088000
5,21173,4,211739
5,32550,4,325509
5,51519,4,515198
5,67721,4,67721000
5,64168,4,641688
5,78111,4,781110
5,15220,4,152202
5,51392,4,513927
5,06630,4,066300
5,06001,4,060010
5,51096,4,51096677
5,80321,4,803216
5,01845,4,018455401
5,68628,4,686283
5,60460,4,604605
5,51552,4,515525
5,52391,4,523912
5,52205,4,522051
5,33356,4,333568
5,05711,4,057117
5,32314,4,323144
5,71168,4,711688
5,60260,4,602604
5,16001,4,1600110
5,62190,4,621908
5,10244,4,102446
5,63713,4,637131
5,02830,4,028300
5,13460,4,134600
5,88816,4,88816888
5,16886,4,16886000
5,24524,4,245243
5,19636,4,19636404
5,63762,4,637625
5,50095,4,500959
5,73710,4,737100
5,89702,4,8970200
5,71280,4,712801
5,43603,4,436030
5,07146,4,07146264468
5,51059,4,510590
5,91012,4,9101203
5,37001,4,370017
5,71560,4,715601
5,41680,4,416800
5,63026,4,6302610000
5,68006,4,680068
5,38531,4,385310012
5,32310,4,3231000
5,34234,4,342342
5,66616,4,666168
5,30141,4,3014159
5,47550,4,475500
5,21514,4,215144
5,11832,4,118326
5,61030,4,610306
5,30316,4,3031671
5,95221,4,952211
5,63760,4,637600
5,70161,4,701610000
5,29911,4,29911222
5,15285,4,152855
5,51652,4,51652465
5,21645,4,216455
5,70112,4,701126
5,05961,4,0596110
5,72310,4,723102
5,21922,4,2192200
5,23163,4,231633
5,24525,4,245250021
5,10243,4,102433
5,59131,4,591314
5,57250,4,572500
5,26241,4,262411
5,15620,4,156200
5,12855,4,128551
5,14061,4,14061407
5,85432,4,854321
5,73113,4,7311311
5,34281,4,342814
5,52075,4,520750
5,02110,4,02110000
5,07555,4,0755520
5,24032,4,24032201
5,11031,4,110314
5,11831,4,118310
5,12616,4,126168
5,99962,4,9996201
5,10411,4,1041112
5,90851,4,908518103
5,72345,4,723456
5,73192,4,731922
5,32022,4,320222
5,57014,4,570145
5,12585,4,125855
5,19091,4,1909100096
5,80310,4,803100000
5,81071,4,810718
5,54214,4,542145
5,66500,4,665000
5,73300,4,733000
5,29851,4,2985108
5,02111,4,021110
5,10851,4,108518000
5,72673,4,7267331
5,67920,4,679200
5,15225,4,15225009
5,42550,4,425500
5,48685,4,486853
5,31245,4,312452
5,23727,4,237272
5,53471,4,534710
5,32505,4,325052
5,56820,4,5682008
5,40945,4,409459
5,41121,4,411218
5,80189,4,801890
5,41515,4,4151509
5,13210,4,132102
5,07441,4,0744168
5,24810,4,248100055
5,16815,4,168159
5,27753,4,277531
5,67891,4,678910
5,16916,4,169169
5,08608,4,086086
5,31721,4,317210
5,80881,4,808818
5,72110,4,721107404
5,17751,4,1775177
5,43550,4,435500
5,11833,4,1183366
5,49220,4,492203
5,60099,4,600999
5,11141,4,111410
5,25303,4,253034
5,58711,4,5871132
5,20070,4,20070318
5,27161,4,271612
5,01019,4,0101905
5,18260,4,182602
5,06610,4,066100
5,27904,4,279041
5,02580,4,025809
5,27800,4,278006
5,81042,4,810429
5,46360,4,463600
5,17553,4,1755301
5,30111,4,301116
5,90590,4,905909
5,13185,4,1318510400
5,36610,4,366100
5,31544,4,315440
5,22042,4,22042208
5,60635,4,606355
5,77062,4,770627
5,04062,4,040623
5,96912,4,969128
5,71140,4,711400
5,36251,4,362513
5,67240,4,672401
5,29936,4,299365
5,47150,4,471500
5,20037,4,2003703
5,42333,4,423339
5,13356,4,13356866888
5,60214,4,602141
5,14241,4,14241123
5,73301,4,733017
5,47000,4,470000
5,12310,4,123101
5,76032,4,760326
5,13940,4,13940282222
5,34180,4,341801
5,68268,4,682682
5,86051,4,860519
5,78041,4,780418
5,12460,4,124602
5,10731,4,107310007
5,82014,4,8201400
5,41103,4,411039
5,73073,4,730730
5,12711,4,1271135186
5,81070,4,810701
5,67893,4,678936
5,10777,4,107773685
5,52201,4,522010
5,05773,4,0577365
5,41201,4,412011
5,89062,4,8906217
5,52304,4,523045
5,22402,4,224022
5,54640,4,546400
5,08989,4,0898999
5,87953,4,87953180
5,07312,4,07312222222
5,59133,4,591333
5,80100,4,801004
5,89562,4,895623
5,58001,4,580014
5,99913,4,999131
5,75466,4,7546622
5,40341,4,403418
5,99503,4,9950311
5,24002,4,240023
5,86091,4,860911
5,75001,4,750011
5,37040,4,370403
5,61626,4,616263
5,21820,4,218200235
5,85445,4,854452
5,88858,4,88858588
5,83560,4,835600
5,66620,4,6662000
5,20025,4,2002523
5,86059,4,860597
5,76090,4,760908
5,35201,4,352011
5,53740,4,537400
5,23187,4,2318782
5,79060,4,790601
5,99377,4,9937773000
5,69008,4,6900828000
5,47405,4,4740562640
5,12925,4,1292547160
5,54123,4,541231894
5,48562,4,48562410423796
5,56837,4,568375409
5,56941,4,569415644
5,43601,4,43601966
5,27843,4,27843131728
5,50878,4,508786841
5,32156,4,3215655570
5,77489,4,7748953
5,55621,4,556215761
5,55780,4,557808082
5,56157,4,561579149
5,52627,4,526279922
5,55632,4,556320303
5,66588,4,66588957
5,75253,4,7525341146
5,28987,4,2898786447
5,55197,4,551978844
5,50128,4,501285154
5,54154,4,5415419767
5,50975,4,509758889
5,99403,4,99403224
5,58886,4,588861048
5,52783,4,527836666
5,57179,4,5717902
5,57199,4,5719904
5,55534,4,555340920
5,55376,4,553762818
5,79259,4,79259016007
5,10390,4,1039023
5,67993,4,6799358414
5,17255,4,17255023028
5,19129,4,191296
5,51259,4,5125964681
5,34685,4,34685396000
5,40751,4,40751160534
5,40768,4,40768808509
5,40749,4,40749558572
5,40787,4,40787691003
5,91730,4,917306773798
5,92160,4,9216066161
5,91123,4,911234567890
5,75545,4,755454
5,27065,4,270659813292
5,32449,4,3244954034
5,65502,4,6550200
5,56810,4,568100006
5,63206,4,6320620
5,33286,4,3328654
5,27502,4,2750256
5,05245,4,0524558193
5,26533,4,2653354
5,54340,4,5434004
5,30633,4,3063300
5,87852,4,878521
5,61100,4,6110038
5,70964,4,7096465
5,67228,4,6722870
5,33311,4,3331148
5,05888,4,0588888183
5,57769,4,577691006
5,45327,4,4532727
5,52335,4,52335504
5,05806,4,05806547828
5,05145,4,05145458
5,29793,4,2979393
5,51459,4,514592870
5,57288,4,572888206
5,66580,4,6658008
5,05458,4,0545825052
5,53452,4,534522206
5,33709,4,3370990
5,32986,4,3298665
5,05230,4,0523081000
5,35104,4,3510456
5,39172,4,3917200
5,70055,4,7005557
5,67722,4,6772299
5,29569,4,29569906
5,28149,4,2814991
5,57509,4,575099906
5,68795,4,6879546
5,33552,4,3355222
5,22961,4,229613
5,05389,4,053892574
5,88238,4,8823866
5,39634,4,3963436
5,29257,4,292574
5,52695,4,52695204
5,70708,4,70708626
5,35211,4,3521140
5,26874,4,2687474
5,30555,4,3055565
5,38459,4,384590
5,53396,4,53396404
5,36138,4,361383
5,53653,4,53653904
5,48253,4,482535
5,37003,4,370030
5,29411,4,2941110
5,21055,4,2105555
5,28365,4,283659
5,05451,4,0545114500
5,05104,4,05104751096
5,20622,4,2062260
5,05700,4,0570059
5,34072,4,3407223
5,57349,4,573499406
5,53590,4,53590604
5,33117,4,3311700
5,53007,4,530077009
5,20335,4,2033588726
5,20354,4,2035439341
5,45041,4,4504171
5,53149,4,531496606
5,28304,4,2830450
5,22826,4,2282637
5,21166,4,2116666
5,53821,4,538215306
5,57444,4,574444106
5,76150,4,7615005
5,38292,4,382927
5,22097,4,220979
5,45377,4,453779
5,28540,4,2854050
5,26856,4,2685688
5,57244,4,5724449
5,52242,4,522421
5,53402,4,53402004
5,45521,4,455213
5,38964,4,389645
5,53112,4,53112304
5,53050,4,530503050
5,58126,4,58126704
5,53246,4,53246504
5,52413,4,524133306
5,24349,4,2434991
5,89791,4,8979103
5,88714,4,8871412
5,35957,4,3595700
5,61289,4,6128927
5,42004,4,4200436
5,05215,4,0521561215
5,05456,4,0545619832
5,24130,4,2413094
5,85870,4,8587070
5,21427,4,2142700
5,52182,4,52182804
5,51771,4,517711050
5,25339,4,253397
5,33736,4,3373600
5,34201,4,3420156
5,56725,4,567256506
5,58286,4,58286004
5,63288,4,6328820
5,51361,4,51361804
5,05686,4,0568688778
5,58195,4,58195204
5,53164,4,531648806
5,58305,4,5830503
5,05503,4,05503181018
5,70364,4,7036450
5,62898,4,6289825
5,75498,4,7549856
5,92733,4,9273399
5,30661,4,3066111111
5,96030,4,9603019
5,29900,4,29900899
5,58423,4,5842332
5,71417,4,7141710
5,58944,4,5894444
5,26040,4,2604050
5,36038,4,3603849
5,34581,4,3458169
5,94024,4,9402417
5,15915,4,1591558
5,96881,4,9688140
5,14132,4,14132016
5,71966,4,7196641
5,19757,4,1975709
5,69831,4,698315515
5,45785,4,4578500
5,75898,4,7589820
5,42836,4,4283670
5,46535,4,4653567
5,10766,4,1076611
5,87995,4,8799598
5,94960,4,9496000
5,75560,4,7556077
5,67394,4,6739464
5,45066,4,4506672
5,62904,4,6290459
5,99575,4,9957509
5,97880,4,9788053
5,84945,4,8494550
5,52226,4,522266406
5,70667,4,7066718
5,31922,4,3192231
5,21926,4,2192656
5,33252,4,3325292
5,33325,4,3332558
5,51611,4,516113050
5,61260,4,612607
5,53268,4,53268604
5,51123,4,511239050
5,37192,4,371922
5,61495,4,614950
5,67619,4,6761999
5,51745,4,517455050
5,33840,4,3384038
5,52473,4,524738006
5,59971,4,59971606
5,52046,4,52046704
5,67020,4,670204
5,52276,4,522767704
5,76868,4,7686886
5,52687,4,52687204
5,31529,4,315292
5,52024,4,52024204
5,27566,4,275663
5,51260,4,51260004
5,53838,4,538388506
5,51204,4,512049050
5,60817,4,6081780
5,31114,4,3111437
5,53006,4,530062050
5,67772,4,6777208
5,53189,4,531898050
5,68100,4,6810050
5,53826,4,538262604
5,39799,4,3979977
5,34064,4,3406466
5,26875,4,2687570
5,33213,4,3321309
5,44171,4,441717
5,26734,4,2673431
5,05324,4,0532432222
5,28219,4,2821967
5,51445,4,514457050
5,95440,4,9544012
5,63366,4,6336671
5,52494,4,524949006
5,33208,4,3320888
5,74731,4,7473141
5,98826,4,9882685
5,65071,4,6507132
5,81835,4,8183500
5,88154,4,8815445
5,29566,4,2956666
5,39556,4,3955655
5,58512,4,585123002
5,39667,4,3966779
5,51311,4,513110050
5,53399,4,53399904
5,52018,4,520186
5,66586,4,6658666
5,05897,4,058977496
5,39127,4,3912795
5,52243,4,522437504
5,05247,4,0524774994
5,61570,4,6157057
5,57259,4,572590006
5,77050,4,7705066
5,88124,4,8812448
5,35545,4,3554550
5,25662,4,2566242
5,22935,4,2293575
5,88453,4,884535
5,34187,4,3418754
5,53806,4,538069006
5,53209,4,532091050
5,29526,4,2952666
5,49011,4,4901133
5,45276,4,452766
5,56880,4,5688003
5,29540,4,2954006
5,26197,4,2619707
5,52757,4,52757504
5,33371,4,3337100
5,33106,4,3310626
5,45204,4,4520420
5,33185,4,3318555
5,71333,4,713333435
5,63173,4,6317377
5,26962,4,2696222
5,74918,4,7491887
5,20543,4,2054306
5,56684,4,5668448
5,53563,4,535634806
5,83219,4,8321993
5,63220,4,6322020
5,58311,4,583118802
5,51213,4,51213528437
5,53851,4,5385174
5,28579,4,2857925
5,52487,4,5248777
5,76604,4,7660415
5,26975,4,2697518
5,53698,4,5369822
5,29956,4,29956555
5,88042,4,8804234
5,26305,4,2630535
5,61842,4,6184259
5,28794,4,28794982
5,52806,4,5280634
5,26381,4,2638159
5,51270,4,512706050
5,28724,4,2872445
5,52267,4,522678050
5,54402,4,544028206
5,26816,4,2681688
5,22536,4,2253676
5,52411,4,524119050
5,26819,4,2681987
5,66650,4,666505
5,73217,4,7321717
5,88511,4,8851166
5,52204,4,5220488
5,22917,4,2291727
5,52236,4,5223697
5,22325,4,2232506
5,23552,4,2355277
5,22756,4,227567
5,74222,4,7422218
5,26256,4,2625665
5,26165,4,2616557
5,27297,4,2729735
5,53225,4,532256050
5,76566,4,7656661
5,56943,4,569430006
5,66999,4,669999
5,58233,4,58233904
5,53689,4,536893
5,26873,4,2687344
5,28243,4,2824386
5,53372,4,53372640
5,35282,4,3528256
5,58323,4,583235602
5,53315,4,533155306
5,34301,4,3430110
5,52466,4,524664406
5,54155,4,54155606
5,64404,4,644046
5,76377,4,7637770
5,34389,4,3438919
5,65494,4,6549404
5,35297,4,3529745
5,33927,4,3392777
5,53814,4,538147806
5,22817,4,2281713
5,28005,4,28005004
5,53850,4,538505506
5,55483,4,554834712
5,42849,4,4284927
5,80134,4,8013440
5,36369,4,3636905
5,53219,4,532194506
5,85904,4,8590433
5,56844,4,568444006
5,05258,4,0525852743
5,97023,4,970238
5,54209,4,542093506
5,11285,4,1128525
5,98082,4,9808245
5,62280,4,6228089
5,29364,4,2936477
5,34974,4,3497444
5,68300,4,6830059
5,25195,4,2519508
5,55039,4,550397
5,45885,4,4588527
5,11366,4,1136688
5,56163,4,561633306
5,36821,4,3682127
5,26339,4,2633910
5,48740,4,4874012
5,57273,4,5727363
5,63208,4,6320841
5,88610,4,8861022
5,05344,4,053440937
5,43450,4,43450394
5,44388,4,443886
5,39419,4,3941957
5,51227,4,512270050
5,56330,4,5633038
5,74433,4,7443377
5,76373,4,7637373
5,34483,4,3448341
5,55871,4,558717306
5,53450,4,53450004
5,53624,4,536243
5,26806,4,2680655
5,05202,4,05202727522
5,52262,4,522624006
5,80687,4,8068722
5,36797,4,3679711
5,88128,4,8812828
5,63351,4,6335113
5,57383,4,573837406
5,53384,4,533844904
5,36858,4,3685800
5,52277,4,522775806
5,36735,4,3673577
5,39763,4,3976351
5,57399,4,5739933
5,42016,4,4201693
5,65049,4,6504993
5,54346,4,543465504
5,74350,4,7435057
5,57715,4,577150806
5,21235,4,2123561
5,56601,4,566013494
5,36384,4,3638434
5,36755,4,3675523
5,28523,4,2852326
5,54302,4,5430299
5,57733,4,577330106
5,31992,4,3199299
5,34375,4,3437544
5,68144,4,6814428
5,64496,4,6449609
5,20774,4,2077459
5,05466,4,054661108
5,72260,4,722601703
5,42681,4,4268155
5,56305,4,5630515
5,98033,4,9803399
5,34295,4,3429528
5,54392,4,5439234
5,33033,4,3303322
5,22793,4,2279339
5,31876,4,3187645
5,96718,4,9671872
5,31537,4,3153745
5,97463,4,9746361475
5,40976,4,409762
5,95622,4,9562240579
5,96863,4,9686313399
5,73835,4,7383558191
5,40300,4,4030088
5,58137,4,581372739
5,79701,4,7970155888
5,59795,4,597957790
5,36684,4,36684586
5,79507,4,7950793842
5,96025,4,9602596
5,65699,4,6569999
5,90518,4,9051818320
5,95184,4,9518421
5,70091,4,7009195250
5,99236,4,9923680408
5,68850,4,6885060
5,77528,4,7752870485
5,10354,4,1035485
5,23425,4,2342543
5,54133,4,5413372178
5,98106,4,9810602034
5,41803,4,4180337
5,67243,4,672431032
5,82674,4,8267451
5,48348,4,4834837
5,74919,4,7491990
5,83460,4,834604
5,06407,4,064076
5,36171,4,3617174
5,43797,4,4379720
5,70062,4,7006272
5,05606,4,05606809
5,63679,4,6367971
5,88593,4,8859396
5,19419,4,194194
5,91231,4,912319944
5,80849,4,808494
5,68969,4,689698
5,20805,4,2080545
5,53094,4,5309499
5,99634,4,99634838
5,26826,4,268268
5,98708,4,9870889988
5,64784,4,6478440
5,62824,4,6282480
5,94828,4,9482868
5,95905,4,95905559
5,46999,4,4699911
5,71131,4,7113114
5,74004,4,7400404
5,90644,4,9064400
5,99408,4,9940854
5,15543,4,1554351
5,58482,4,5848248
5,54104,4,5410427
5,53640,4,5364000
5,47665,4,4766506
5,81303,4,8130339
5,87910,4,8791000
5,49328,4,493286
5,08060,4,0806050
5,88635,4,8863534
5,59989,4,5998933
5,84484,4,8448426
5,16669,4,1666930
5,54840,4,5484071
5,37488,4,3748819
5,58806,4,5880631
5,47365,4,4736553
5,53321,4,5332121
5,97307,4,973070
5,99810,4,99810070
5,37017,4,3701707
5,01090,4,0109032
5,40695,4,406956
5,25242,4,252424
5,10770,4,107701
5,81581,4,815814
5,33059,4,330592
5,54050,4,5405010
5,13750,4,1375053
5,66612,4,666120
5,84719,4,8471943
5,90124,4,9012445
5,63665,4,6366500
5,01813,4,0181353
5,42126,4,4212634
5,67099,4,670994
5,28300,4,28300505
5,16924,4,16924289
5,16926,4,16926133
5,16927,4,16927036
5,16933,4,16933754
5,16934,4,16934818
5,16940,4,16940364
5,16952,4,16952658
5,16969,4,16969087
5,16985,4,16985912
5,17102,4,17102552
5,17159,4,17159324
5,17186,4,17186382
5,17225,4,17225110
5,17996,4,17996359
5,17369,4,17369865
5,17661,4,17661998
5,17680,4,17680697
5,17696,4,17696103
5,22072,4,22072021
5,41417,4,4141795574750
5,66273,4,66273420415
5,65160,4,6516011603
5,66873,4,66873605421
5,66837,4,66837090793
5,80360,3,8036067597
5,80379,3,8037903231
5,57055,3,570552
5,85142,3,85142894935
5,82914,3,82914752232
5,84573,3,84573449376
5,81946,3,81946195662
5,84638,3,84638647967
5,83636,3,83636956324
5,87814,3,87814621542
5,33370,3,3337090
5,73056,3,7305600555
5,38790,3,3879012182
5,41467,3,4146746
5,56889,3,5688906
5,25140,3,2514090
5,45422,3,4542299
5,21288,3,2128881
5,51992,3,5199296
5,25910,3,2591000000
5,34971,3,349710506748882
5,10235,3,1023555190947
5,10269,3,102696599500530
5,10335,3,1033565845445
5,10385,3,1038557527810
5,10790,3,107901280006676
5,17050,3,170504550710
5,10461,3,104615875008572
5,10841,3,108416473514622
5,54740,3,547402901
5,99069,3,9906905848
5,40776,3,4077663
5,62644,3,6264473
5,94156,3,9415644
5,56582,3,5658230
5,64939,3,649397993
5,19877,3,1987773
5,89318,3,8931876
5,64923,3,6492342
5,21745,3,2174557
5,68839,3,6883990
5,41805,3,4180594
5,74747,3,7474760
5,98510,3,98510606806
5,10950,3,1095046
5,19081,3,1908165
5,70396,3,7039657
5,90291,3,9029135
5,19327,3,1932767
5,17261,3,1726124
5,32136,3,3213603
5,55905,3,5590588
5,46127,3,461273
5,31166,3,31166562
5,46038,3,4603808
5,12005,3,1200578
5,36960,3,3696045
5,92805,3,9280579280
5,71988,3,7198847
5,41346,3,4134667
5,33013,3,3301331
5,64903,3,64903267
5,22751,3,2275167
5,91694,3,9169456
5,87691,3,87691392
5,60549,3,6054976
5,44765,3,4476582
5,76142,3,7614242
5,68688,3,6868884
5,47105,3,4710578
5,29514,3,2951405
5,21209,3,2120969
5,75721,3,7572171
5,54454,3,5445482
5,67438,3,6743842
5,19585,3,19585527
5,80043,3,8004300
5,17494,3,1749479
5,62778,3,62778401
5,77413,3,77413537
5,74980,3,7498024
5,89997,3,8999777
5,91610,3,9161025849
5,15629,3,1562940
5,70044,3,70044445
5,22189,3,2218939
5,73383,3,7338325
5,21837,3,2183744
5,94060,3,9406004
5,45258,3,4525824
5,42318,3,4231865
5,72829,3,728290
5,12993,3,1299399
5,99363,3,99363080
5,56191,3,561915500
5,21324,3,2132425
5,82452,3,8245271
5,95259,3,952590250
5,31192,3,3119210
5,87567,3,8756792
5,90199,3,9019998
5,41015,3,4101500
5,60755,3,6075500
5,21814,3,2181419
5,80622,3,8062270595
5,78116,3,7811677
5,20146,3,2014663
5,99033,3,99033596
5,74761,3,7476131
5,75333,3,753334
5,30980,3,3098028
5,67833,3,678331
5,76705,3,7670506
5,92670,3,9267023
5,60047,3,6004748
5,34102,3,3410200
5,41673,3,4167343
5,65146,3,6514688
5,11929,3,1192909
5,63812,3,6381295
5,19195,3,1919501
5,15773,3,1577338
5,69979,3,6997999
5,11705,3,11705601
5,55097,3,550970
5,17485,3,1748520
5,46236,3,4623642
5,35075,3,3507518
5,42162,3,4216272
5,41118,3,411183
5,34369,3,3436908
5,21234,3,2123433
5,47144,3,4714444
5,58560,3,5856087
5,05341,3,053416
5,80423,3,8042336
5,44467,3,4446733
5,06066,3,060661
5,28259,3,28259099
5,24257,3,2425756
5,48002,3,4800201
5,90795,3,907950
5,49941,3,4994126
5,84755,3,8475555
5,84685,3,8468580
5,38877,3,3887776
5,66606,3,6660663
5,48643,3,4864393
5,90008,3,9000851
5,70889,3,7088995
5,62011,3,6201168
5,62443,3,6244336
5,83382,3,8338234
5,53059,3,5305954
5,90430,3,9043030
5,75222,3,7522235
5,56869,3,5686980
5,82285,3,8228510
5,14677,3,1467745
5,59712,3,5971222
5,58051,3,5805183
5,88225,3,8822558
5,57454,3,5745457
5,54151,3,5415193
5,99787,3,9978784
5,20733,3,2073381
5,10312,3,10312020
5,89392,3,8939292
5,53930,3,53930023
5,09756,3,0975673796
5,69071,3,690713
5,18951,3,18951695687
5,14021,3,140215
5,17327,3,17327634387
5,47508,3,475080
5,66625,3,66625332
5,23302,3,2330272728000
5,19022,3,19022408000
5,40770,3,40770312942
5,40741,3,40741147986
5,40721,3,40721961639
5,37138,3,3713861
5,95587,3,9558746
5,48745,3,4874598
5,87536,3,8753667
5,99044,3,9904402
5,15380,3,153804
5,78923,3,7892370
5,35941,3,3594131
5,84623,3,8462320
5,55056,3,5505615
5,69436,3,694362
5,68164,3,6816494
5,83216,3,83216050
5,75953,3,759535
5,37331,3,373315
5,97998,3,9799872
5,40424,3,40424024
5,69905,3,69905600
5,30391,3,30391680
5,62618,3,626182
5,98433,3,9843351
5,50038,3,50038108
5,93032,3,930323615
5,79503,3,79503960
5,48914,3,4891419
5,37927,3,3792726
5,91365,3,91365193
5,28646,3,2864694
5,57595,3,57595465
5,90119,3,90119721
5,99322,3,9932231
5,98318,3,9831808
5,73883,3,73883923
5,63287,3,6328799
5,76786,3,76786286
5,77406,3,7740634099
5,74512,3,7451210
5,21275,3,2127567
5,74414,3,7441422
5,25304,3,25304916
5,65473,3,6547375
5,95562,3,9556262
5,59958,3,5995884
5,34163,3,3416305
5,84512,3,845128917
5,83901,3,8390162
5,82871,3,82871465
5,92272,3,9227256
5,57480,3,5748010
5,76626,3,7662607
5,54393,3,5439345
5,61574,3,615748
5,95000,3,95000540
5,67706,3,6770688
5,91151,3,9115139
5,80931,3,809317
5,64560,3,6456082
5,95009,3,9500942
5,42549,3,4254932
5,12989,3,1298946
5,87626,3,87626284
5,27269,3,2726932
5,62578,3,6257835
5,11844,3,11844911
5,33283,3,3328360
5,18235,3,18235534
5,68058,3,68058856
5,81164,3,8116420
5,20561,3,205612
5,77113,3,7711359018
5,79888,3,7988803522
5,71812,3,718128
5,20847,3,2084711856
5,06280,3,062803
5,31756,3,3175658
5,81242,3,8124268
5,15395,3,1539563769
5,78608,3,7860831933
5,17209,3,1720953
5,64767,3,6476765
5,76037,3,7603783
5,78754,3,7875416294
5,48544,3,4854445
5,51749,3,517498
5,75782,3,7578238
5,78138,3,7813884445
5,54711,3,5471173
5,39909,3,3990907
5,34644,3,3464405
5,18754,3,1875414
5,65482,3,6548265
5,11633,3,1163371
5,75849,3,7584908698
5,88935,3,8893544
5,46259,3,4625988
5,15291,3,1529125
5,52512,3,525127632
5,67015,3,6701576
5,69994,3,6999489
5,83299,3,8329955
5,92130,3,9213011
5,83318,3,8331888
5,10525,3,1052555
5,98870,3,9887040
5,69716,3,6971632
5,40124,3,4012458
5,74205,3,7420513
5,97411,3,9741146
5,66772,3,6677210
5,66033,3,6603349
5,31887,3,318871
5,06161,3,061616
5,17667,3,1766757
5,92719,3,9271900
5,23881,3,2388198
5,31239,3,3123994
5,05799,3,05799176
5,62694,3,6269467
5,32280,3,3228054
5,81286,3,8128678
5,66976,3,6697676
5,06669,3,06669570
5,54492,3,5449262
5,67276,3,6727612
5,53238,3,5323813
5,61180,3,6118027
5,65404,3,6540444
5,88228,3,8822884
5,98298,3,9829893
5,30732,3,30732777
5,22561,3,2256181
5,٠٥٠١٢,3,٠٥٠١٢٣٤٥٦٧
5,44071,3,4407123456789
5,02645,3,026454045
5,40728,3,40728889338
5,99299,3,99299293707007
5,08040,3,08040422
5,48501,3,48501222464
5,79628,3,79628543949
5,40736,3,40736212121
5,99805,3,9980563611239
5,66872,3,66872700399
5,66270,3,66270799313
5,65661,3,6566186855
5,66849,3,66849631437
5,85239,3,85239902905
5,65190,3,6519081910
5,85244,3,85244794911
5,65211,3,6521152118
5,65934,3,6593456541
5,62859,2,6285955043738
5,81889,2,8188999
5,48500,2,48500743292
5,66958,2,66958387926
5,66694,2,66694471
5,77104,2,7710439971
5,61331,2,6133161518
5,10094,2,1009449999
5,95746,2,9574650195
5,56281,2,562817864
5,10919,2,1091982521
5,01280,2,01280006676
5,٠٧٩٦٣,2,٠٧٩٦٣٠٩٧٢١
5,64752,2,64752118956
5,12276,2,1227686147
5,12279,2,1227905780
5,84583,2,8458390992
5,13292,2,132926
5,64762,2,6476208104
5,11109,2,1110923000
5,56112,2,561129139
5,07900,2,07900991001
5,27660,2,27660104323
5,12152,2,12152725710
5,94189,2,94189629
5,41688,2,4168892286
5,16136,2,16136867336
5,35795,2,35795511040
5,66465,2,66465541
5,90117,2,9011761378
5,90561,2,905616134992
5,83052,2,8305284199
5,96796,2,96796321328
5,80756,2,8075698245
5,05993,2,0599359297
5,18683,2,18683450687
5,24091,2,24091968
5,13122,2,13122911227
5,08956,2,089560
5,59970,2,599702787
5,03495,2,03495206145
5,73061,2,730615655
5,05884,2,0588406572
5,90155,2,9015570480
5,67467,2,67467965
5,93428,2,9342868
5,94726,2,94726129287
5,61041,2,610411557383
5,63269,2,632690681
5,33748,2,3374865
5,14237,2,14237377333
5,07777,2,0777797035
5,77374,2,7737474463
5,70358,2,7035850172
5,73054,2,7305415317
5,12764,2,1276490097
5,95056,2,9505626262
5,90594,2,9059496989
5,95502,2,9550263775
5,80842,2,8084288449
5,80237,2,8023788652
5,80685,2,8068501220
5,76608,2,7660885963
5,94407,2,9440705949
5,90302,2,9030230815
5,83281,2,8328115925
5,97034,2,9703496699
5,80606,2,8060601056
5,81233,2,8123333351
5,58240,2,582400000
5,75178,2,7517808746
5,80220,2,8022024295
5,68833,2,688337369
5,81182,2,8118270992
5,80591,2,8059134550
5,81116,2,8111674123
5,81760,2,8176030297
5,80506,2,8050638118
5,90763,2,9076323100
5,70676,2,7067679999
5,79838,2,7983873505
5,89561,2,8956166626
5,80252,2,8025277230
5,80962,2,8096269908
5,77382,2,7738204173
5,80641,2,8064123529
5,70606,2,7060677016
5,27658,2,27658764229
5,81510,2,8151097771
5,01785,2,01785679257
5,79514,2,7951451110
5,80997,2,8099763022
5,81484,2,8148416861
5,70679,2,7067984220
5,70816,2,7081668666
5,80628,2,8062809500
5,70609,2,7060927799
5,08092,2,080920
5,97730,2,9773034
5,80101,2,801010
5,69050,2,690507
5,36630,2,366302
5,97791,2,977917
5,84852,2,848521
5,33902,2,339027
5,67110,2,671108
5,21666,2,2166697
5,22919,2,2291999
5,93278,2,9327866
5,16941,2,1694196
5,12119,2,1211998
5,41041,2,4104116
5,61102,2,6110213
5,47112,2,471124
5,37864,2,378645
5,77061,2,770612
5,84935,2,849351690
5,72042,2,720421
5,68042,2,680426
5,04185,2,0418510
5,19694,2,1969426
5,08361,2,083610
5,11347,2,113479
5,31014,2,310141
5,31940,2,319408
5,32034,2,320346
5,58888,2,588888
5,74770,2,747709
5,23815,2,238150
5,52776,2,527769
5,54022,2,540228
5,87429,2,8742998
5,95023,2,950231
5,70081,2,700811
5,95215,2,95215664
5,58292,2,582929576
5,53630,2,536303482
5,56371,2,563713262
5,70703,2,7070311
5,43219,2,43219393
5,58282,2,582826578
5,78019,2,7801945839
5,52223,2,522234555
5,98733,2,9873335399
5,81226,2,8122647080
5,50179,2,501796963
5,55164,2,551642124
5,30366,2,3036668272
5,90517,2,905175696
5,54349,2,543494547
5,71840,2,7184061027
5,12237,2,1223737760
5,11495,2,1149508088
5,54097,2,540977239
5,64808,2,648084
5,54461,2,544614250
5,74150,2,7415009009
5,90771,2,9077150047
5,81859,2,8185935672
5,78176,2,781765030
5,30091,2,3009122786
5,15615,2,15615231566
5,75905,2,7590538813
5,24104,2,24104050142
5,73636,2,736369854
5,52119,2,521191192
5,53192,2,53192004
5,18791,2,1879189714
5,58531,2,585310762
5,55784,2,557849176
5,79890,2,7989032
5,77903,2,7790318253
5,80550,2,8055030484
5,52764,2,527649444
5,54388,2,543881200
5,56151,2,561514628
5,77907,2,7790793924
5,17886,2,1788637343
5,43314,2,43314066
5,56357,2,563576315
5,12014,2,12014560278
5,55789,2,557899523
5,64777,2,6477786045
5,99059,2,99059477
5,50392,2,503924860
5,52791,2,527911222
5,55288,2,552887863
5,79466,2,7946600120
5,77688,2,7768886786
5,75837,2,7583714710
5,52579,2,525790830
5,55264,2,552643699
5,56816,2,568168692
5,55693,2,556934934
5,55477,2,554773456
5,55237,2,552373643
5,50265,2,502654087
5,82970,2,8297019557
5,17737,2,17737752000
5,40552,2,405523163
5,50049,2,500490307
5,71673,2,716738644
5,75023,2,7502363999
5,59115,2,591154787
5,52693,2,526935036
5,79565,2,7956537366
5,56630,2,566302121
5,44053,2,4405310
5,39999,2,39999221
5,56975,2,569750861
5,40360,2,4036089334
5,50067,2,500679990
5,56994,2,569940048
5,30354,2,3035436164
5,79395,2,7939530469
5,55494,2,554949830
5,55245,2,552454000
5,13015,2,13015385911
5,55739,2,557391557
5,56287,2,562872209
5,62691,2,626919065
5,83998,2,839981070
5,82366,2,823665370
5,27741,2,27741115201
5,73141,2,73141311
5,84727,2,847278566
5,56920,2,569207070
5,52734,2,527347708
5,58897,2,588973214
5,56968,2,569687724
5,92900,2,9290000000
5,65873,2,6587398750
5,28110,2,281100
5,99008,2,9900865533
5,95734,2,9573414170
5,98662,2,9866237777
5,88864,2,8886476456
5,88978,2,8897834569
5,93479,2,9347988227
5,88970,2,8897020225
5,99494,2,9949456007
5,93460,2,9346017555
5,99858,2,9985867309
5,81435,2,8143588886
5,98499,2,9849980290
5,94905,2,9490559435
5,96182,2,9618256919
5,92465,2,9246550097
5,93915,2,9391555508
5,79443,2,7944360860
5,79902,2,7990262455
5,52273,2,522735959
5,79939,2,7993932424
5,15566,2,1556666146
5,93696,2,93696091
5,75928,2,7592888888
5,78669,2,786698888
5,74469,2,7446995411
5,77947,2,7794740887
5,77581,2,7758162892
5,54857,2,548572981
5,70635,2,7063533245
5,79554,2,795540095
5,77532,2,7753296038
5,65869,2,6586942490
5,42966,2,42966625
5,50896,2,508962948
5,74263,2,7426306666
5,52289,2,522898809
5,50407,2,504075855
5,75724,2,7572418880
5,54766,2,547669931
5,56332,2,563324488
5,15045,2,1504550753
5,98472,2,9847231825
5,50011,2,500112941
5,98972,2,9897231450
5,85690,2,8569047413
5,20265,2,2026510819
5,58231,2,582314661
5,87786,2,877862
5,27744,2,27744701258
5,88282,2,8828265436
5,20049,2,200499
5,79848,2,798482848
5,12334,2,123344
5,20506,2,20506980729
5,61469,2,61469789260
5,12897,2,12897073048
5,91747,2,917470000028
5,29132,2,29132004
5,03466,2,03466090900
5,61326,2,6132617890
5,60476,2,6047606668
5,60427,2,6042714112
5,64783,2,6478306265
5,41050,2,4105059219081
5,95151,2,9515108019
5,91092,2,9109250099868
5,17656,2,17656721122
5,16267,2,16267945189
5,58919,2,589193964
5,09968,2,099683333
5,22054,2,22054260
5,97888,2,97888511
5,19637,2,1963783511
5,98990,2,989906167153
5,84096,2,840965000532
5,63090,2,6309052518864
5,77664,2,776642432
5,27715,2,27715921423
5,75844,2,7584418181
5,60142,2,60142277661
5,59160,2,591605770
5,96459,2,96459177
5,19044,2,19044129855
5,65877,2,6587787362
5,65824,2,6582428875
5,25333,2,253332688
5,64234,2,6423428
5,74702,2,7470226188
5,77133,2,7713341597
5,75639,2,7563955339
5,72435,2,724354121
5,56117,2,561172156
5,55387,2,553870202
5,59167,2,591676118
5,56184,2,561844289
5,56291,2,562914589
5,75733,2,7573394149
5,56825,2,568250950
5,55367,2,553674257
5,54383,2,543838789
5,52550,2,525507572
5,54765,2,547651336
5,56125,2,561256049
5,34659,2,34659740487
5,05910,2,0591066210
5,59069,2,590690400198
5,49762,2,497623448799
5,76404,2,764049846
5,80211,2,802114
5,80660,2,8066084250
5,89485,2,8948549763
5,91291,2,912912640
5,24564,2,245646723132
5,21145,2,21145132165
5,27079,2,270795615509
5,11208,2,112081
5,90010,2,9001026
5,79919,2,799196366
5,81220,2,8122002974
5,82092,2,8209223299
5,62382,2,6238206310
5,92638,2,9263863054
5,33102,2,331024
5,74140,2,7414006802
5,81053,2,8105315631
5,62664,2,6266413408
5,44689,2,4468975
5,34663,2,34663718354
5,34653,2,34653533249
5,21624,2,21624029569
5,17650,2,17650505
5,98874,2,9887410850
5,54836,2,5483650
5,30320,2,3032085
5,30702,2,3070212326
5,13688,2,136885
5,79237,2,79237241505
5,78902,2,789027602295
5,47413,2,4741366190
5,63956,2,639563722227
5,12383,2,123830
5,78932,2,789320908089
5,12317,2,12317178282
5,54513,2,545137092
5,79143,2,79143880554
5,78985,2,789851390101
5,64022,2,640221050469
5,62343,2,6234333932
5,78909,2,789092927176
5,56339,2,563393809
5,32519,2,3251987
5,50491,2,504919650
5,97277,2,972778866797
5,93618,2,93618366461
5,79080,2,7908002399
5,55732,2,557328804
5,18585,2,18585006793
5,72449,2,7244944
5,35506,2,3550692535318
5,37378,2,37378452
5,79601,2,79601400956
5,19723,2,19723021767
5,17147,2,17147572673
5,61048,2,610481761204
5,96878,2,96878011671
5,32493,2,32493487086
5,14095,2,14095392731
5,61476,2,61476857955
5,91853,2,918532094719
5,97274,2,9727436391
5,27784,2,27784040099
5,43539,2,43539428
5,03077,2,030775
5,60017,2,600172897874
5,12093,2,12093202105
5,93544,2,93544700168
5,38604,2,386041341790
5,73290,2,732909
5,52439,2,5243918
5,17313,2,17313346470
5,82236,2,822369774
5,13344,2,13344120653
5,15127,2,15127797222
5,97001,2,97001624
5,53565,2,535658241
5,54371,2,543718583
5,56150,2,561505039
5,62761,2,627610318
5,76742,2,767428322
5,58735,2,58735607
5,62533,2,625336512
5,96408,2,964087
5,56067,2,560671091
5,77363,2,7736309957
5,40469,2,4046941894
5,18152,2,18152227229
5,57949,2,57949289
5,67152,2,671528410803
5,17683,2,17683881873
5,12108,2,12108549958
5,56369,2,563697923
5,11251,2,1125122811
5,57704,2,577047901
5,78656,2,786566881
5,18574,2,1857491999
5,59077,2,590777132
5,98845,2,9884534421
5,96583,2,96583622255
5,52835,2,528351137
5,63732,2,6373292
5,98441,2,9844101459
5,94076,2,940762747848
5,58293,2,582936663
5,78006,2,7800661576
5,12223,2,12223333
5,54714,2,547144004
5,89108,2,8910879
5,57823,2,578230398
5,91232,2,9123214678
5,45056,2,4505657909
5,92445,2,92445191
5,53295,2,532957433
5,97311,2,97311111111
5,55792,2,557920025
5,18094,2,18094480492
5,58839,2,588395920
5,56402,2,564022191
5,18355,2,1835503
5,63946,2,639465805214
5,54143,2,541430593
5,40021,2,400213323325
5,40734,2,40734355555
5,40753,2,40753393950
5,40077,2,400773826764
5,40747,2,40747829130
5,40771,2,40771406062
5,74340,2,743403033
5,40731,2,40731808457
5,40079,2,400799091591
5,58566,2,585669881
5,40773,2,40773935256
5,40764,2,40764658386
5,97989,2,979896559958
5,85073,2,8507366
5,40729,2,40729435384
5,21197,2,211978
5,71056,2,710567400335
5,28474,2,28474769
5,66448,2,664488
5,75472,2,754728
5,62628,2,6262813148510
5,40761,2,40761443456
5,61968,2,6196842
5,58094,2,5809475
5,43502,2,4350204293697
5,23766,2,237661315109
5,94727,2,94727770770
5,72471,2,7247168
5,54999,2,549999231
5,14389,2,14389690521
5,83569,2,8356934725
5,94026,2,9402666786
5,98223,2,9822343316
5,90019,2,9001973000
5,44918,2,44918317448722
5,70034,2,7003412616
5,95600,2,9560079956
5,80831,2,808317448722
5,99087,2,9908753071
5,83600,2,8360004885
5,99700,2,9970016051
5,96044,2,9604455409
5,50406,2,504069066
5,93721,2,9372177007
5,74411,2,74411121
5,47934,2,4793430707
5,96581,2,965811
5,75303,2,7530388
5,20819,2,2081985
5,99995,2,99995385
5,36363,2,363631
5,91741,2,917417555565
5,01100,2,011001
5,66665,2,66665597
5,43995,2,43995153
5,52012,2,52012292313233
5,89916,2,899166899
5,91077,2,9107736968822
5,56378,2,563787920
5,14066,2,14066906869
5,97709,2,97709845910819
5,82539,2,8253927
5,88013,2,8801316985008
5,63912,2,639128117347
5,72023,2,7202357
5,34650,2,34650595057
5,27068,2,270680208311
5,14046,2,14046941894
5,27786,2,27786224330
5,27071,2,270712030312
5,46764,2,46764233584
5,21182,2,211822640467
5,27084,2,270844291111
5,19479,2,194798444
5,27002,2,270027847865595
5,52535,2,525352355
5,55509,2,55509786
5,72262,2,7226226
5,33267,2,332677331853
5,54026,2,540264422
5,54904,2,549045001
5,59608,2,596080402
5,56432,2,564322224
5,54237,2,5423777754
5,54171,2,5417177749
5,58122,2,581221662
5,59022,2,590222286
5,55311,2,5531111868
5,56884,2,568845503
5,54116,2,541163013
5,59394,2,593942335
5,59422,2,594223998
5,59942,2,599425601
5,54889,2,548897700
5,53737,2,537379433
5,54339,2,543397773
5,20550,2,20550089286
5,99998,2,999988714734794
5,71344,2,7134473435465
5,33245,2,3324518965
5,33455,2,3345513290
5,17068,2,170680
5,32172,2,3217274435
5,96153,2,961531751
5,38975,2,38975455204
5,34636,2,3463613653
5,16399,2,16399972424
5,33341,2,3334104823
5,97329,2,9732927
5,32464,2,3246467986
5,32342,2,3234278786
5,61077,2,610772155295
5,23699,2,2369920901
5,70347,2,7034778265
5,79049,2,7904911575
5,47973,2,4797333935
5,31743,2,3174303133
5,55895,2,558958994
5,23021,2,2302117766
5,62647,2,626478
5,30536,2,3053660548
5,31295,2,3129578719
5,64273,2,64273786110
5,79084,2,79084424040
5,03733,2,037331371
5,04494,2,04494722
5,04661,2,04661419
5,04622,2,046222221
5,06222,2,06222296
5,04663,2,04663535
5,04844,2,048446666
5,04382,2,04382867
5,04493,2,044939687
5,06331,2,063312735
5,04807,2,048078220
5,04585,2,045854033
5,02884,2,028848862
5,37455,2,37455900090
5,77909,2,779096613109
5,17472,2,17472501489
5,64944,2,649448678
5,34604,2,34604100101
5,14017,2,14017424171
5,35477,2,3547738433
5,79258,2,79258862231
5,28290,2,28290505
5,06151,2,061515
5,88168,2,8816887001
5,19109,2,191090
5,67527,2,6752750
5,53514,2,535147
5,02078,2,020781
5,26065,2,260651
5,16931,2,16931365
5,16935,2,16935656
5,16937,2,16937740
5,16943,2,16943590
5,16944,2,16944720
5,16942,2,16942118
5,16949,2,16949999
5,16964,2,16964637
5,16963,2,16963030
5,16965,2,16965181
5,16961,2,16961980
5,16966,2,16966280
5,17711,2,17711921
5,16975,2,16975005
5,16973,2,16973789
5,16981,2,16981942
5,16984,2,16984573
5,17003,2,17003114
5,16996,2,16996399
5,16997,2,16997132
5,17004,2,17004643
5,17030,2,17030403
5,17077,2,17077107
5,17070,2,17070800
5,17076,2,17076050
5,17107,2,17107168
5,17163,2,17163295
5,17150,2,17150187
5,17154,2,17154084
5,17226,2,17226599
5,17237,2,17237110
5,17234,2,17234093
5,17235,2,17235600
5,17290,2,17290722
5,17292,2,17292359
5,17300,2,17300609
5,17341,2,17341457
5,17353,2,17353783
5,17373,2,17373479
5,17397,2,17397336
5,17393,2,17393629
5,17417,2,17417995
5,17419,2,17419899
5,17665,2,17665240
5,17673,2,17673503
5,17674,2,17674180
5,17677,2,17677441
5,17684,2,17684647
5,17698,2,17698943
5,17699,2,17699710
5,17709,2,17709597
5,17713,2,17713375
5,17995,2,17995487
5,18006,2,18006899
5,18007,2,18007289
5,96609,2,96609664834130
5,63111,2,6311115380
5,79997,2,79997235011
5,27781,2,27781628000
5,95460,2,9546085232
5,21614,2,21614665873
5,16162,2,16162730773
5,93279,2,932790
5,97005,2,9700569130234
5,99255,2,992552551111
5,16177,2,16177355412
5,55129,2,5512997567662
5,37499,2,37499880102
5,45519,2,4551965847
5,48513,2,48513630363
5,45525,2,4552525213
5,15412,2,15412181500
5,60108,2,60108921266
5,12404,2,12404759762
5,79508,2,79508643131
5,18014,2,18014255252
5,79065,2,79065030101
5,88005,2,8800529304722
5,13193,2,13193045035
5,31064,2,310645279745
5,79526,2,79526181888
5,79118,2,79118266788
5,12247,2,12247890101
5,79856,2,79856421842
5,99272,2,9927242525
5,79530,2,79530497168
5,35583,2,35583777771
5,48790,2,48790654246
5,14054,2,14054739922
5,45537,2,4553770478
5,79501,2,79501403121
5,19098,2,19098097099
5,79245,2,79245954112
5,97397,2,97397339366652
5,17862,2,17862239994
5,22075,2,2207591111
5,99555,2,9955574523930
5,15182,2,15182294978
5,53979,2,539796
5,41168,2,411688
5,16057,2,160577
5,37537,2,375375293725729
5,79279,2,79279474746
5,12064,2,12064582589
5,97796,2,9779611111111
5,66281,2,66281979915
5,66552,2,66552610004
5,66534,2,66534097035
5,66832,2,66832001586
5,66251,2,66251405393
5,66384,2,66384815525
5,66233,2,66233222702
5,66264,2,66264011456
5,66261,2,66261907457
5,66831,2,66831888308
5,66824,2,66824181514
5,65612,2,6561234567
5,66874,2,66874965838
5,85277,2,85277738821
5,65272,2,6527202106
5,65140,2,6514041408
5,85279,2,85279126453
5,85272,2,85272830277
5,66288,2,66288667415
5,66348,2,66348334035
5,66877,2,66877783761
5,60480,2,604800
5,25920,2,2592000
5,97744,2,9774470
5,45780,2,45780354
5,78548,2,785486
5,15572,2,155724
5,88335,1,8833555
5,07824,1,0782495269
5,٠١٢٣٤,1,٠١٢٣٤٥٦٧٨٩
5,29320,1,2932016
5,17112,1,17112008
5,10420,1,1042016
5,04281,1,042814991
5,04491,1,04491250
5,03764,1,037642791
5,17092,1,17092013
5,04316,1,04316218
5,02398,1,023985084
5,04531,1,04531774
5,04825,1,04825000
5,04577,1,045777777
5,97325,1,973253397
5,04626,1,04626144
5,07071,1,07071971
5,02275,1,02275663
5,02625,1,026258221
5,40337,1,403375689
5,40333,1,403334546
5,03713,1,03713333435
5,42696,1,42696222
5,02503,1,025034343
5,02504,1,0250422222
5,04536,1,04536893
5,65739,1,65739933
5,57316,1,573168803962
5,12063,1,12063489917
5,15715,1,15715248723
5,03190,1,03190913
5,99288,1,992880012222
5,23437,1,23437854320
5,94262,1,9426270093
5,79232,1,79232255589
5,34615,1,34615875770
5,92897,1,9289765467898
5,79387,1,79387888888
5,37441,1,37441000049
5,17146,1,17146505370
5,23323,1,233233544118577
5,34697,1,34697906674
5,18455,1,18455180445
5,16469,1,16469441211
5,17574,1,17574528094
5,15053,1,15053899034
5,35830,1,358306003423
5,14146,1,14146277727
5,48793,1,48793793269
5,90386,1,90386087683
5,16127,1,16127072396
5,23774,1,23774074384
5,71381,1,713814677
5,37067,1,37067777441
5,48889,1,48889784784
5,17392,1,1739298513
5,16172,1,16172598745
5,16623,1,16623338777
5,78903,1,789037217698
5,87904,1,879046
5,19955,1,199555
5,42080,1,420804
5,02151,1,021515
5,90048,1,900487143
5,71292,1,71292101910
5,73135,1,73135740800
5,79074,1,79074689800
5,37803,1,378031
5,78771,1,787715350075
5,16287,1,16287776541
5,60109,1,60109476376
5,18175,1,18175847607
5,23326,1,233262549473
5,14697,1,14697671245
5,41316,1,41316845754
5,98461,1,9846125550
5,14807,1,14807144496
5,12057,1,12057477530
5,52331,1,523310921451
5,16233,1,16233299955
5,74748,1,7474827224
5,48660,1,48660766165
5,37259,1,37259191660
5,18436,1,1843617000
5,48734,1,48734120170
5,77755,1,7775555588
5,17086,1,17086200130
5,48692,1,48692967972
5,91857,1,918578800001
5,96108,1,9610814747
5,03774,1,037749777
5,99594,1,99594000836
5,18456,1,18456891367
5,96091,1,9609131379
5,24165,1,24165986323
5,77756,1,7775620904
5,77006,1,77006162706
5,77977,1,779779938545
5,79644,1,79644088881
5,14704,1,14704291534
5,17576,1,17576022443
5,54934,1,5493413523631
5,47414,1,4741471498
5,49338,1,493384459600
5,81094,1,810946097474
5,12532,1,12532494064
5,78433,1,78433947
5,11254,1,112547174431
5,79315,1,79315786448
5,31083,1,310837786519
5,11227,1,1122776418413
5,14342,1,14342222341
5,96879,1,96879612033
5,48505,1,48505113863
5,77713,1,77713742973
5,26934,1,2693423609
5,41016,1,41016543278
5,79536,1,79536441141
5,77760,1,77760000624
5,77787,1,77787772229
5,16195,1,16195493344
5,36003,1,360036207470053
5,79522,1,79522823688
5,48609,1,48609771230
5,79242,1,79242027242
5,23565,1,23565353010
5,48668,1,48668663388
5,63191,1,6319179682
5,19073,1,19073503023
5,96471,1,9647181428180
5,13233,1,13233389885
5,58581,1,5858184539
5,66634,1,66634862979
5,79254,1,79254444446
5,77475,1,77475006888
5,96447,1,96447504452903
5,97225,1,9722505201263
5,33494,1,3349487458
5,25072,1,250728309992
5,79372,1,79372253541
5,79253,1,79253035151
5,58415,1,58415841
5,35482,1,3548211955
5,81571,1,815712
5,79001,1,79001310001
5,17575,1,17575802070
5,13216,1,13216240525
5,48698,1,486988388598
5,90818,1,9081812560
5,19961,1,19961996
5,37362,1,37362185853
5,45974,1,45974222780
5,32532,1,3253256642357
5,64751,1,6475146776432
5,35600,1,356003569942088
5,16865,1,1686543766781
5,31837,1,318374478997
5,93858,1,938586448712
5,33785,1,33785970307
5,22426,1,224266700078
5,20019,1,200193
5,49910,1,49910432243
5,87121,1,871215
5,27742,1,27742739395
5,99865,1,9986554343
5,77913,1,779132161519
5,19312,1,19312200496
5,14086,1,14086801851
5,79998,1,79998223242
5,23375,1,23375574330
5,35535,1,355355695310133
5,78016,1,7801662222
5,18684,1,18684806586
5,64211,1,64211089053
5,85596,1,855962174010
5,21569,1,21569979
5,18329,1,18329289156
5,17864,1,17864872037
5,18452,1,18452043660
5,65946,1,6594650843
5,65289,1,6528943644
5,65137,1,6513741018
5,65078,1,6507899000
5,66681,1,66681126872
5,65142,1,6514251426
5,66295,1,66295301004
5,66187,1,66187561638
5,66951,1,66951380309
5,65331,1,6533123456
5,66836,1,66836917600
5,65360,1,6536038726
5,85232,1,85232236581
5,85284,1,85284601886
5,66247,1,66247090413
5,65670,1,6567062700
5,65351,1,6535133516
5,85287,1,85287654321
5,66434,1,66434513333
5,66839,1,66839069841
5,65769,1,6576918361
5,65208,1,6520803209
5,66743,1,66743991051
5,66123,1,66123456789
5,66291,1,66291336702
5,66885,1,66885149788
5,65665,1,6566553001
5,65441,1,6544164484
5,65228,1,6522854662
5,66293,1,66293818725
5,66821,1,66821837777
5,65125,1,6512510104
5,66856,1,66856747108
5,66258,1,66258854879
5,65613,1,6561317502
5,66245,1,66245701115
5,85276,1,85276382815
5,66274,1,66274721189
5,66246,1,66246117889
5,65821,1,6582128968
5,66600,1,66600026626
5,85243,1,85243534654
5,65410,1,6541000189
5,65560,1,6556035000
5,65925,1,6592552555
5,66275,1,66275354901
5,66399,1,66399311961
5,66538,1,66538143134
5,85249,1,85249163311
5,66895,1,66895884050
5,65297,1,6529785100
5,66386,1,66386139846
5,65608,1,6560818516
5,65771,1,6577109362
5,65238,1,6523895700
5,66294,1,66294294512
5,85238,1,85238531539
5,65126,1,6512611263
5,66535,1,66535810445
5,66893,1,66893004443
5,66685,1,66685254699
5,65421,1,6542134215
5,65275,1,6527548110
5,65561,1,6556115612
5,66980,1,66980898098
5,65614,1,6561453526
5,66716,1,66716048833
5,65669,1,6566911980
5,85246,1,85246852912
5,66853,1,66853825909
5,65079,1,6507953200
5,65576,1,6557625500
5,66828,1,66828817835
5,65325,1,6532507311
5,66244,1,66244435603
5,65312,1,6531257179
5,65281,1,6528130381
5,65827,1,6582760102
5,66268,1,66268230802
5,65180,1,6518061807
5,65085,1,6508520852
5,65486,1,6548682000
5,65535,1,6553510578
5,65235,1,6523570216
5,65316,1,6531600324
5,66235,1,66235490914
5,85280,1,85280113264
5,65349,1,6534907300
5,65368,1,6536808600
5,65653,1,6565362731
5,66826,1,66826620825
5,65282,1,6528203914
5,65204,1,6520462048
5,65460,1,6546051700
5,65280,1,6528022807
5,65581,1,6558115812
5,66280,1,66280988013
5,65774,1,6577425523
5,65451,1,6545114515
5,93790,1,93790228067
5,11976,1,11976543987
5,45099,1,4509962129457
5,57350,1,573505298993
5,63945,1,639454002101
5,33749,1,33749559420
5,40759,1,40759052391
5,27058,1,270582595330
5,91052,1,910527267458
5,79140,1,79140661544
5,70188,1,7018889767
5,45538,1,4553857570
5,16317,1,16317456881
5,49692,1,4969271367890
5,79326,1,79326114570
5,95951,1,9595184398
5,95094,1,9509420141192
5,11765,1,11765432789
5,79292,1,79292155177
5,12156,1,12156099495
5,79120,1,79120822444
5,39389,1,393890492610
5,47481,1,4748131545
5,34674,1,34674479400
5,47465,1,4746543703
5,96098,1,9609894757
5,79519,1,79519181446
5,79877,1,79877588957
5,77472,1,77472272456
5,23357,1,233570536658
5,61472,1,61472667239
5,79198,1,79198037373
5,60006,1,600060189612131
5,40745,1,40745678177
5,79089,1,79089897788
5,79170,1,79170629658
5,47904,1,4790408937
5,31068,1,310689932902
5,24299,1,242997136960
5,35798,1,35798992976
5,49158,1,4915888235482
5,79609,1,79609446440
5,82211,1,8221143
5,26840,1,268402689
5,12800,1,128000
5,10485,1,10485760
5,83438,1,834387
5,93565,1,9356576
5,75761,1,75761787
5,68379,1,683797
5,37633,1,376339
